time,location,temperature_2m,precipitation,rain,wind_speed_10m,wind_gusts_10m,weather_code
2026-01-01T00:00,Brussels,0.6,0.0,0.0,16.3,32.4,0
2026-01-01T01:00,Brussels,0.2,0.0,0.0,16.5,32.8,1
2026-01-01T02:00,Brussels,0.3,0.0,0.0,16.2,33.8,1
2026-01-01T03:00,Brussels,0.4,0.0,0.0,17.3,35.3,1
2026-01-01T04:00,Brussels,0.2,0.0,0.0,17.8,36.7,0
2026-01-01T05:00,Brussels,0.0,0.0,0.0,17.4,36.4,1
2026-01-01T06:00,Brussels,0.5,0.0,0.0,19.3,40.0,1
2026-01-01T07:00,Brussels,1.1,0.0,0.0,20.5,43.2,0
2026-01-01T08:00,Brussels,1.3,0.0,0.0,20.5,45.0,3
2026-01-01T09:00,Brussels,1.7,0.0,0.0,21.9,47.2,3
2026-01-01T10:00,Brussels,2.0,0.0,0.0,22.9,50.0,3
2026-01-01T11:00,Brussels,2.7,0.0,0.0,21.6,50.0,3
2026-01-01T12:00,Brussels,3.4,0.0,0.0,21.8,47.5,3
2026-01-01T13:00,Brussels,4.2,0.0,0.0,20.9,48.2,3
2026-01-01T14:00,Brussels,4.3,0.0,0.0,20.5,50.8,3
2026-01-01T15:00,Brussels,4.3,0.0,0.0,19.7,47.2,3
2026-01-01T16:00,Brussels,4.4,0.1,0.1,18.3,43.2,51
2026-01-01T17:00,Brussels,4.2,0.1,0.1,19.2,41.8,51
2026-01-01T18:00,Brussels,4.0,0.0,0.0,19.8,43.6,3
2026-01-01T19:00,Brussels,3.9,0.0,0.0,20.4,44.6,3
2026-01-01T20:00,Brussels,3.6,0.0,0.0,20.2,45.7,3
2026-01-01T21:00,Brussels,3.6,0.1,0.1,20.9,45.4,51
2026-01-01T22:00,Brussels,3.3,0.1,0.1,20.1,45.0,51
2026-01-01T23:00,Brussels,2.7,0.3,0.3,21.3,44.6,51
2026-01-02T00:00,Brussels,2.7,0.3,0.3,21.9,46.1,51
2026-01-02T01:00,Brussels,2.6,0.2,0.2,22.8,47.9,51
2026-01-02T02:00,Brussels,2.8,0.2,0.2,21.6,49.0,51
2026-01-02T03:00,Brussels,2.1,0.3,0.2,19.5,44.6,71
2026-01-02T04:00,Brussels,2.2,0.0,0.0,19.8,42.5,1
2026-01-02T05:00,Brussels,2.1,0.0,0.0,19.5,48.6,0
2026-01-02T06:00,Brussels,1.7,0.0,0.0,18.7,41.4,1
2026-01-02T07:00,Brussels,1.4,0.3,0.1,16.8,39.6,71
2026-01-02T08:00,Brussels,0.9,0.0,0.0,16.3,35.6,3
2026-01-02T09:00,Brussels,1.1,0.1,0.0,17.6,37.8,71
2026-01-02T10:00,Brussels,1.0,0.1,0.1,16.4,37.8,51
2026-01-02T11:00,Brussels,1.4,0.1,0.1,16.5,36.0,51
2026-01-02T12:00,Brussels,2.1,0.0,0.0,17.5,38.9,1
2026-01-02T13:00,Brussels,2.5,0.1,0.0,16.4,44.3,71
2026-01-02T14:00,Brussels,2.7,0.1,0.1,17.0,37.8,51
2026-01-02T15:00,Brussels,2.8,0.0,0.0,18.1,43.6,1
2026-01-02T16:00,Brussels,2.7,0.0,0.0,18.3,50.8,2
2026-01-02T17:00,Brussels,2.3,0.0,0.0,17.5,41.0,2
2026-01-02T18:00,Brussels,1.8,0.0,0.0,17.8,40.3,3
2026-01-02T19:00,Brussels,1.3,0.8,0.0,14.1,38.9,73
2026-01-02T20:00,Brussels,1.0,0.3,0.0,14.1,30.2,73
2026-01-02T21:00,Brussels,0.3,0.0,0.0,13.7,29.5,2
2026-01-02T22:00,Brussels,-0.1,0.0,0.0,14.8,30.6,1
2026-01-02T23:00,Brussels,-0.2,0.0,0.0,13.9,30.6,0
2026-01-03T00:00,Brussels,-0.6,0.0,0.0,14.0,28.4,0
2026-01-03T01:00,Brussels,-0.9,0.0,0.0,14.1,28.4,0
2026-01-03T02:00,Brussels,0.3,0.0,0.0,14.0,30.6,1
2026-01-03T03:00,Brussels,-0.1,0.0,0.0,15.5,32.0,3
2026-01-03T04:00,Brussels,0.2,0.0,0.0,17.3,37.1,3
2026-01-03T05:00,Brussels,0.5,0.0,0.0,18.0,39.2,3
2026-01-03T06:00,Brussels,0.3,0.0,0.0,17.3,39.2,1
2026-01-03T07:00,Brussels,-1.1,0.0,0.0,15.9,37.8,2
2026-01-03T08:00,Brussels,-0.4,0.0,0.0,16.8,34.9,2
2026-01-03T09:00,Brussels,-0.4,0.1,0.0,16.6,36.4,71
2026-01-03T10:00,Brussels,-0.4,0.1,0.0,15.3,36.0,71
2026-01-03T11:00,Brussels,0.0,0.1,0.0,15.9,34.6,71
2026-01-03T12:00,Brussels,1.1,0.0,0.0,16.7,38.9,0
2026-01-03T13:00,Brussels,1.5,0.0,0.0,20.0,43.9,1
2026-01-03T14:00,Brussels,1.4,0.0,0.0,21.1,46.4,2
2026-01-03T15:00,Brussels,1.3,0.0,0.0,20.0,48.2,3
2026-01-03T16:00,Brussels,1.5,0.0,0.0,14.9,50.8,3
2026-01-03T17:00,Brussels,1.0,0.0,0.0,15.3,36.4,3
2026-01-03T18:00,Brussels,0.2,0.3,0.0,12.4,33.1,73
2026-01-03T19:00,Brussels,-0.5,0.1,0.0,9.1,25.9,71
2026-01-03T20:00,Brussels,0.8,3.5,0.0,12.8,18.4,75
2026-01-03T21:00,Brussels,0.5,0.3,0.0,13.9,28.1,73
2026-01-03T22:00,Brussels,0.6,0.5,0.0,14.8,30.2,73
2026-01-03T23:00,Brussels,0.0,1.8,0.0,15.1,31.3,75
2026-01-04T00:00,Brussels,-0.4,0.0,0.0,15.4,31.3,2
2026-01-04T01:00,Brussels,-0.7,0.0,0.0,16.6,33.8,1
2026-01-04T02:00,Brussels,-0.3,0.0,0.0,15.6,33.5,1
2026-01-04T03:00,Brussels,-0.6,0.0,0.0,15.9,31.7,1
2026-01-04T04:00,Brussels,-0.9,0.0,0.0,15.7,32.0,1
2026-01-04T05:00,Brussels,-1.4,0.0,0.0,15.7,32.0,1
2026-01-04T06:00,Brussels,-1.5,0.0,0.0,15.9,32.4,0
2026-01-04T07:00,Brussels,-1.7,0.0,0.0,15.9,32.8,0
2026-01-04T08:00,Brussels,-1.6,0.0,0.0,15.7,32.4,1
2026-01-04T09:00,Brussels,-2.1,0.0,0.0,14.9,32.0,1
2026-01-04T10:00,Brussels,-2.6,0.0,0.0,14.5,30.6,0
2026-01-04T11:00,Brussels,-2.4,0.0,0.0,14.9,29.9,0
2026-01-04T12:00,Brussels,-1.3,0.0,0.0,13.7,31.7,1
2026-01-04T13:00,Brussels,-0.7,0.0,0.0,13.2,30.2,1
2026-01-04T14:00,Brussels,0.5,0.0,0.0,12.7,30.6,3
2026-01-04T15:00,Brussels,0.9,0.1,0.0,14.3,29.5,71
2026-01-04T16:00,Brussels,0.8,0.0,0.0,11.6,30.6,2
2026-01-04T17:00,Brussels,0.5,0.0,0.0,10.5,24.8,1
2026-01-04T18:00,Brussels,-0.9,0.0,0.0,10.6,22.0,0
2026-01-04T19:00,Brussels,-1.7,0.0,0.0,12.1,23.4,0
2026-01-04T20:00,Brussels,-1.7,0.0,0.0,12.5,24.8,3
2026-01-04T21:00,Brussels,-1.9,0.0,0.0,12.4,24.8,2
2026-01-04T22:00,Brussels,-2.3,0.0,0.0,11.8,24.8,0
2026-01-04T23:00,Brussels,-2.8,0.0,0.0,11.6,23.4,0
2026-01-05T00:00,Brussels,-3.1,0.0,0.0,11.8,23.4,0
2026-01-05T01:00,Brussels,-3.1,0.0,0.0,12.0,23.8,0
2026-01-05T02:00,Brussels,-3.2,0.0,0.0,11.6,24.5,0
2026-01-05T03:00,Brussels,-3.5,0.0,0.0,12.1,23.8,0
2026-01-05T04:00,Brussels,-3.7,0.0,0.0,11.7,23.8,0
2026-01-05T05:00,Brussels,-3.8,0.0,0.0,12.1,23.8,0
2026-01-05T06:00,Brussels,-3.6,0.0,0.0,12.5,24.5,0
2026-01-05T07:00,Brussels,-3.5,0.0,0.0,13.4,26.6,1
2026-01-05T08:00,Brussels,-3.0,0.0,0.0,14.2,27.7,3
2026-01-05T09:00,Brussels,-2.8,0.0,0.0,14.4,28.4,3
2026-01-05T10:00,Brussels,-2.7,0.0,0.0,15.6,31.3,1
2026-01-05T11:00,Brussels,-2.4,0.0,0.0,15.5,31.3,0
2026-01-05T12:00,Brussels,-1.5,0.0,0.0,16.3,33.8,1
2026-01-05T13:00,Brussels,-1.0,0.0,0.0,13.4,33.8,3
2026-01-05T14:00,Brussels,-1.1,0.1,0.0,14.8,32.4,71
2026-01-05T15:00,Brussels,-1.2,0.3,0.0,14.0,32.8,73
2026-01-05T16:00,Brussels,-0.9,0.0,0.0,13.8,30.2,3
2026-01-05T17:00,Brussels,-0.7,0.0,0.0,11.6,29.5,3
2026-01-05T18:00,Brussels,-1.5,0.0,0.0,11.9,24.5,2
2026-01-05T19:00,Brussels,-1.7,0.0,0.0,13.3,26.3,3
2026-01-05T20:00,Brussels,-1.5,0.0,0.0,13.9,28.8,3
2026-01-05T21:00,Brussels,-1.0,0.0,0.0,14.5,29.9,3
2026-01-05T22:00,Brussels,-0.9,0.0,0.0,14.4,30.6,3
2026-01-05T23:00,Brussels,-0.9,0.0,0.0,13.5,29.9,3
2026-01-06T00:00,Brussels,-1.3,0.0,0.0,12.3,27.7,3
2026-01-06T01:00,Brussels,-2.1,0.1,0.0,12.0,27.7,71
2026-01-06T02:00,Brussels,-1.6,0.1,0.0,9.7,29.5,71
2026-01-06T03:00,Brussels,-1.2,0.0,0.0,9.5,21.2,1
2026-01-06T04:00,Brussels,-0.8,0.0,0.0,9.6,20.9,0
2026-01-06T05:00,Brussels,-2.1,0.0,0.0,6.6,18.7,0
2026-01-06T06:00,Brussels,-2.5,0.0,0.0,6.8,12.6,1
2026-01-06T07:00,Brussels,-2.7,0.0,0.0,6.7,13.0,2
2026-01-06T08:00,Brussels,-1.8,0.0,0.0,7.7,13.7,3
2026-01-06T09:00,Brussels,-2.2,0.0,0.0,6.7,14.4,2
2026-01-06T10:00,Brussels,-2.2,0.0,0.0,8.8,16.9,2
2026-01-06T11:00,Brussels,-1.6,0.0,0.0,9.4,19.1,1
2026-01-06T12:00,Brussels,-0.4,0.0,0.0,9.1,20.5,0
2026-01-06T13:00,Brussels,0.2,0.0,0.0,8.2,20.5,0
2026-01-06T14:00,Brussels,0.7,0.0,0.0,10.5,20.9,1
2026-01-06T15:00,Brussels,0.6,0.0,0.0,10.7,24.8,1
2026-01-06T16:00,Brussels,0.1,0.0,0.0,10.1,24.5,0
2026-01-06T17:00,Brussels,-1.0,0.0,0.0,9.3,22.0,0
2026-01-06T18:00,Brussels,-2.1,0.0,0.0,10.3,20.2,0
2026-01-06T19:00,Brussels,-2.4,0.0,0.0,11.0,21.2,0
2026-01-06T20:00,Brussels,-2.3,0.0,0.0,12.6,23.4,0
2026-01-06T21:00,Brussels,-2.5,0.0,0.0,13.5,26.6,0
2026-01-06T22:00,Brussels,-2.5,0.0,0.0,14.6,28.8,1
2026-01-06T23:00,Brussels,-2.4,0.0,0.0,16.2,32.4,2
2026-01-07T00:00,Brussels,-1.8,0.0,0.0,17.9,36.0,1
2026-01-07T01:00,Brussels,-1.6,0.0,0.0,19.2,38.9,3
2026-01-07T02:00,Brussels,-0.6,0.0,0.0,19.4,39.2,3
2026-01-07T03:00,Brussels,-0.4,0.0,0.0,20.8,43.2,3
2026-01-07T04:00,Brussels,-0.5,0.0,0.0,21.1,43.2,3
2026-01-07T05:00,Brussels,-0.6,0.0,0.0,22.1,46.4,3
2026-01-07T06:00,Brussels,-0.7,0.1,0.0,22.7,46.8,71
2026-01-07T07:00,Brussels,-0.9,0.0,0.0,24.8,52.2,3
2026-01-07T08:00,Brussels,-1.0,0.0,0.0,25.3,51.5,3
2026-01-07T09:00,Brussels,-0.9,0.0,0.0,25.2,53.6,3
2026-01-07T10:00,Brussels,-1.0,0.4,0.0,27.9,59.0,73
2026-01-07T11:00,Brussels,-0.9,2.0,0.0,27.0,63.0,75
2026-01-07T12:00,Brussels,-0.8,1.0,0.0,27.2,58.0,73
2026-01-07T13:00,Brussels,-0.8,0.2,0.0,27.1,58.0,71
2026-01-07T14:00,Brussels,-0.9,0.0,0.0,22.4,56.9,3
2026-01-07T15:00,Brussels,-0.7,0.0,0.0,21.0,49.0,3
2026-01-07T16:00,Brussels,-0.7,0.0,0.0,18.9,46.1,3
2026-01-07T17:00,Brussels,-0.3,0.0,0.0,18.5,40.3,3
2026-01-07T18:00,Brussels,-0.1,0.0,0.0,19.3,40.0,3
2026-01-07T19:00,Brussels,0.3,0.0,0.0,20.0,41.0,2
2026-01-07T20:00,Brussels,0.4,0.0,0.0,18.6,40.7,2
2026-01-07T21:00,Brussels,0.2,0.0,0.0,17.3,37.8,1
2026-01-07T22:00,Brussels,0.1,0.0,0.0,16.7,34.6,3
2026-01-07T23:00,Brussels,0.3,0.0,0.0,16.8,33.8,2
2026-01-08T00:00,Brussels,0.1,0.0,0.0,16.8,33.5,3
2026-01-08T01:00,Brussels,0.3,0.0,0.0,16.0,33.1,1
2026-01-08T02:00,Brussels,0.4,0.0,0.0,14.4,31.7,0
2026-01-08T03:00,Brussels,-0.1,0.0,0.0,13.9,27.7,3
2026-01-08T04:00,Brussels,-0.3,0.0,0.0,14.1,27.4,3
2026-01-08T05:00,Brussels,-0.1,0.0,0.0,14.0,27.4,3
2026-01-08T06:00,Brussels,0.1,0.0,0.0,13.2,27.0,3
2026-01-08T07:00,Brussels,0.1,0.0,0.0,11.6,25.6,2
2026-01-08T08:00,Brussels,0.2,0.0,0.0,11.7,22.7,3
2026-01-08T09:00,Brussels,0.1,0.0,0.0,10.0,22.7,3
2026-01-08T10:00,Brussels,0.3,0.0,0.0,9.6,19.1,3
2026-01-08T11:00,Brussels,1.0,0.0,0.0,9.2,18.0,3
2026-01-08T12:00,Brussels,1.6,0.0,0.0,8.8,18.0,3
2026-01-08T13:00,Brussels,1.8,0.0,0.0,9.5,18.7,3
2026-01-08T14:00,Brussels,2.1,0.1,0.1,7.3,19.1,51
2026-01-08T15:00,Brussels,2.0,0.0,0.0,7.2,14.0,3
2026-01-08T16:00,Brussels,2.2,0.0,0.0,7.2,14.8,3
2026-01-08T17:00,Brussels,2.1,0.1,0.1,9.8,18.7,51
2026-01-08T18:00,Brussels,2.0,0.4,0.4,11.4,22.0,51
2026-01-08T19:00,Brussels,2.4,0.5,0.5,14.3,27.0,53
2026-01-08T20:00,Brussels,2.9,1.2,1.2,15.1,27.7,55
2026-01-08T21:00,Brussels,2.9,1.3,1.3,15.4,29.5,61
2026-01-08T22:00,Brussels,3.0,1.5,1.5,18.1,34.9,61
2026-01-08T23:00,Brussels,3.6,2.1,2.1,18.3,36.7,61
2026-01-09T00:00,Brussels,4.9,1.0,1.0,21.5,42.5,55
2026-01-09T01:00,Brussels,6.5,1.9,1.9,23.6,47.9,61
2026-01-09T02:00,Brussels,6.3,0.2,0.2,21.5,59.8,51
2026-01-09T03:00,Brussels,7.3,0.1,0.1,26.1,53.3,51
2026-01-09T04:00,Brussels,6.4,0.0,0.0,25.7,52.9,3
2026-01-09T05:00,Brussels,5.6,0.4,0.4,28.8,58.3,51
2026-01-09T06:00,Brussels,5.3,0.7,0.7,33.0,68.4,53
2026-01-09T07:00,Brussels,5.2,0.2,0.2,32.8,69.8,51
2026-01-09T08:00,Brussels,5.1,0.5,0.5,32.8,68.4,53
2026-01-09T09:00,Brussels,3.7,1.9,1.9,41.3,85.3,61
2026-01-09T10:00,Brussels,3.9,2.8,2.8,37.2,85.0,63
2026-01-09T11:00,Brussels,4.6,0.9,0.9,32.3,76.7,53
2026-01-09T12:00,Brussels,4.9,0.3,0.3,28.2,65.5,51
2026-01-09T13:00,Brussels,4.6,1.1,1.1,26.8,57.6,55
2026-01-09T14:00,Brussels,2.0,1.5,1.5,25.5,54.0,61
2026-01-09T15:00,Brussels,2.7,1.2,1.2,23.3,50.8,55
2026-01-09T16:00,Brussels,3.6,1.3,1.3,18.9,45.0,61
2026-01-09T17:00,Brussels,4.1,1.3,1.3,17.8,38.2,61
2026-01-09T18:00,Brussels,4.1,1.2,1.2,17.3,36.4,55
2026-01-09T19:00,Brussels,3.7,1.4,1.4,18.7,38.2,61
2026-01-09T20:00,Brussels,2.9,1.4,1.4,18.7,40.7,61
2026-01-09T21:00,Brussels,2.8,0.7,0.7,17.5,38.9,53
2026-01-09T22:00,Brussels,3.0,0.9,0.9,16.5,36.0,53
2026-01-09T23:00,Brussels,2.6,1.3,1.3,14.7,34.6,61
2026-01-10T00:00,Brussels,1.8,1.0,0.9,15.4,31.0,71
2026-01-10T01:00,Brussels,1.2,0.6,0.4,16.0,31.3,71
2026-01-10T02:00,Brussels,0.7,0.5,0.2,16.7,34.6,73
2026-01-10T03:00,Brussels,0.4,0.4,0.0,14.7,34.6,73
2026-01-10T04:00,Brussels,0.1,0.3,0.0,13.6,29.9,73
2026-01-10T05:00,Brussels,-0.2,0.2,0.0,13.4,28.8,71
2026-01-10T06:00,Brussels,-0.6,0.2,0.0,12.9,27.7,71
2026-01-10T07:00,Brussels,-1.0,0.2,0.0,12.7,27.4,71
2026-01-10T08:00,Brussels,-1.1,0.2,0.0,12.4,29.2,71
2026-01-10T09:00,Brussels,-1.5,0.1,0.0,12.0,27.4,71
2026-01-10T10:00,Brussels,-1.7,0.2,0.0,12.0,27.0,71
2026-01-10T11:00,Brussels,-1.8,0.1,0.0,10.8,28.1,71
2026-01-10T12:00,Brussels,-1.7,0.1,0.0,13.0,29.2,71
2026-01-10T13:00,Brussels,-1.6,0.0,0.0,13.2,29.9,3
2026-01-10T14:00,Brussels,-1.5,0.0,0.0,12.1,29.9,3
2026-01-10T15:00,Brussels,-1.8,0.0,0.0,11.5,28.1,3
2026-01-10T16:00,Brussels,-1.8,0.0,0.0,11.2,27.4,3
2026-01-10T17:00,Brussels,-1.8,0.0,0.0,9.5,25.6,3
2026-01-10T18:00,Brussels,-1.9,0.0,0.0,7.4,23.0,3
2026-01-10T19:00,Brussels,-2.0,0.0,0.0,6.6,19.1,3
2026-01-10T20:00,Brussels,-2.2,0.0,0.0,7.5,17.3,3
2026-01-10T21:00,Brussels,-2.3,0.0,0.0,6.1,18.0,3
2026-01-10T22:00,Brussels,-2.3,0.0,0.0,6.1,16.2,3
2026-01-10T23:00,Brussels,-2.2,0.0,0.0,5.9,16.2,2
2026-01-11T00:00,Brussels,-3.6,0.0,0.0,1.5,14.0,2
2026-01-11T01:00,Brussels,-3.7,0.0,0.0,1.7,4.7,3
2026-01-11T02:00,Brussels,-2.8,0.0,0.0,0.2,6.1,3
2026-01-11T03:00,Brussels,-2.9,0.0,0.0,2.2,5.4,3
2026-01-11T04:00,Brussels,-3.1,0.0,0.0,3.0,7.6,3
2026-01-11T05:00,Brussels,-2.9,0.0,0.0,4.3,10.8,3
2026-01-11T06:00,Brussels,-3.0,0.0,0.0,3.5,10.1,3
2026-01-11T07:00,Brussels,-2.6,0.0,0.0,6.1,14.0,3
2026-01-11T08:00,Brussels,-2.1,0.0,0.0,7.1,16.6,3
2026-01-11T09:00,Brussels,-2.0,0.0,0.0,7.9,17.3,3
2026-01-11T10:00,Brussels,-2.0,0.0,0.0,10.6,26.3,3
2026-01-11T11:00,Brussels,-1.7,0.0,0.0,12.3,29.9,3
2026-01-11T12:00,Brussels,-1.2,0.0,0.0,16.0,35.6,3
2026-01-11T13:00,Brussels,-0.6,0.0,0.0,14.2,36.0,3
2026-01-11T14:00,Brussels,-0.2,0.0,0.0,16.8,34.2,3
2026-01-11T15:00,Brussels,0.7,0.0,0.0,18.0,40.7,3
2026-01-11T16:00,Brussels,0.8,0.0,0.0,17.7,41.0,3
2026-01-11T17:00,Brussels,0.5,0.0,0.0,14.9,42.1,3
2026-01-11T18:00,Brussels,0.1,0.0,0.0,16.6,34.6,3
2026-01-11T19:00,Brussels,-0.1,0.0,0.0,18.5,38.5,3
2026-01-11T20:00,Brussels,0.3,0.0,0.0,19.3,41.0,3
2026-01-11T21:00,Brussels,1.1,0.0,0.0,20.2,42.5,3
2026-01-11T22:00,Brussels,1.6,0.0,0.0,21.8,46.1,3
2026-01-11T23:00,Brussels,2.0,0.0,0.0,22.5,47.5,3
2026-01-12T00:00,Brussels,2.5,0.0,0.0,24.1,51.1,3
2026-01-12T01:00,Brussels,2.6,0.4,0.4,24.9,52.2,51
2026-01-12T02:00,Brussels,2.0,0.4,0.4,24.7,52.2,51
2026-01-12T03:00,Brussels,2.1,0.2,0.2,24.9,52.9,51
2026-01-12T04:00,Brussels,2.6,0.0,0.0,24.3,51.5,3
2026-01-12T05:00,Brussels,3.0,0.1,0.1,23.6,50.8,51
2026-01-12T06:00,Brussels,3.3,1.1,1.1,24.1,49.7,55
2026-01-12T07:00,Brussels,3.6,0.2,0.2,24.3,49.3,51
2026-01-12T08:00,Brussels,3.4,0.0,0.0,22.5,49.3,3
2026-01-12T09:00,Brussels,3.8,0.0,0.0,21.1,45.7,3
2026-01-12T10:00,Brussels,4.2,0.0,0.0,19.6,42.5,3
2026-01-12T11:00,Brussels,4.9,0.0,0.0,20.2,40.3,3
2026-01-12T12:00,Brussels,5.6,0.0,0.0,20.0,40.3,3
2026-01-12T13:00,Brussels,6.4,0.0,0.0,20.0,39.2,3
2026-01-12T14:00,Brussels,6.6,0.0,0.0,17.7,40.0,3
2026-01-12T15:00,Brussels,6.9,0.4,0.4,18.3,35.6,51
2026-01-12T16:00,Brussels,7.3,0.7,0.7,18.1,35.6,53
2026-01-12T17:00,Brussels,7.7,1.3,1.3,19.0,36.7,61
2026-01-12T18:00,Brussels,9.3,1.1,1.1,26.1,51.1,55
2026-01-12T19:00,Brussels,9.8,1.0,1.0,26.4,56.9,55
2026-01-12T20:00,Brussels,9.6,1.0,1.0,19.5,53.3,55
2026-01-12T21:00,Brussels,9.3,0.4,0.4,17.8,38.5,51
2026-01-12T22:00,Brussels,9.1,0.1,0.1,17.7,35.6,51
2026-01-12T23:00,Brussels,8.4,0.0,0.0,15.6,34.9,3
2026-01-13T00:00,Brussels,7.8,0.0,0.0,16.2,31.3,0
2026-01-13T01:00,Brussels,7.6,0.0,0.0,17.2,33.5,0
2026-01-13T02:00,Brussels,8.2,0.0,0.0,14.8,34.2,1
2026-01-13T03:00,Brussels,8.2,0.0,0.0,15.8,30.6,3
2026-01-13T04:00,Brussels,8.2,0.0,0.0,15.5,31.0,3
2026-01-13T05:00,Brussels,8.0,0.0,0.0,14.0,29.9,3
2026-01-13T06:00,Brussels,8.0,0.0,0.0,15.5,30.6,3
2026-01-13T07:00,Brussels,8.5,0.0,0.0,16.7,32.4,3
2026-01-13T08:00,Brussels,9.5,0.0,0.0,15.4,36.4,3
2026-01-13T09:00,Brussels,9.1,0.0,0.0,16.2,32.0,3
2026-01-13T10:00,Brussels,8.4,0.0,0.0,15.8,32.0,3
2026-01-13T11:00,Brussels,8.4,0.0,0.0,17.4,34.2,3
2026-01-13T12:00,Brussels,9.2,0.0,0.0,17.2,35.6,3
2026-01-13T13:00,Brussels,9.5,0.0,0.0,15.2,36.0,3
2026-01-13T14:00,Brussels,10.2,0.0,0.0,13.6,33.1,3
2026-01-13T15:00,Brussels,10.6,0.0,0.0,12.8,29.5,3
2026-01-13T16:00,Brussels,10.6,0.0,0.0,12.1,29.2,3
2026-01-13T17:00,Brussels,10.8,0.0,0.0,15.6,33.1,3
2026-01-13T18:00,Brussels,10.7,0.0,0.0,16.7,35.6,3
2026-01-13T19:00,Brussels,10.3,0.0,0.0,16.6,35.3,3
2026-01-13T20:00,Brussels,10.4,0.0,0.0,16.8,35.6,3
2026-01-13T21:00,Brussels,10.1,0.0,0.0,16.3,35.6,3
2026-01-13T22:00,Brussels,9.6,0.0,0.0,16.4,34.9,3
2026-01-13T23:00,Brussels,9.9,0.0,0.0,17.0,36.4,3
2026-01-14T00:00,Brussels,9.9,0.0,0.0,16.3,36.4,3
2026-01-14T01:00,Brussels,9.8,0.0,0.0,16.6,36.0,3
2026-01-14T02:00,Brussels,9.6,0.0,0.0,15.4,35.6,3
2026-01-14T03:00,Brussels,9.3,0.2,0.2,14.6,32.4,51
2026-01-14T04:00,Brussels,9.0,0.2,0.2,14.4,31.0,51
2026-01-14T05:00,Brussels,8.9,0.3,0.3,15.8,32.4,51
2026-01-14T06:00,Brussels,8.6,0.4,0.4,16.3,33.5,51
2026-01-14T07:00,Brussels,8.4,0.2,0.2,14.3,33.1,51
2026-01-14T08:00,Brussels,8.3,0.1,0.1,10.2,28.8,51
2026-01-14T09:00,Brussels,7.7,0.1,0.1,8.1,19.8,51
2026-01-14T10:00,Brussels,7.0,0.0,0.0,7.0,16.9,3
2026-01-14T11:00,Brussels,6.7,0.0,0.0,3.3,15.1,3
2026-01-14T12:00,Brussels,6.9,0.0,0.0,2.4,8.6,3
2026-01-14T13:00,Brussels,7.0,0.0,0.0,2.2,8.3,3
2026-01-14T14:00,Brussels,7.2,0.0,0.0,1.1,9.0,3
2026-01-14T15:00,Brussels,7.5,0.0,0.0,2.3,8.3,3
2026-01-14T16:00,Brussels,7.5,0.1,0.1,4.0,9.4,51
2026-01-14T17:00,Brussels,7.4,0.1,0.1,6.0,11.9,51
2026-01-14T18:00,Brussels,7.6,0.0,0.0,7.1,13.7,3
2026-01-14T19:00,Brussels,8.3,0.0,0.0,9.1,17.3,3
2026-01-14T20:00,Brussels,8.7,0.0,0.0,10.6,24.8,3
2026-01-14T21:00,Brussels,8.9,0.0,0.0,12.6,24.1,3
2026-01-14T22:00,Brussels,8.4,0.0,0.0,14.2,26.6,3
2026-01-14T23:00,Brussels,8.2,0.0,0.0,15.9,30.6,3
2026-01-15T00:00,Brussels,8.5,0.0,0.0,16.2,31.7,3
2026-01-15T01:00,Brussels,8.8,0.0,0.0,20.2,39.6,3
2026-01-15T02:00,Brussels,9.2,0.0,0.0,18.7,41.8,3
2026-01-15T03:00,Brussels,9.0,0.0,0.0,16.2,38.2,0
2026-01-15T04:00,Brussels,8.7,0.0,0.0,16.5,32.8,2
2026-01-15T05:00,Brussels,8.8,0.0,0.0,19.1,38.9,3
2026-01-15T06:00,Brussels,8.8,0.0,0.0,19.8,40.7,3
2026-01-15T07:00,Brussels,9.1,0.0,0.0,20.0,42.1,3
2026-01-15T08:00,Brussels,9.7,0.0,0.0,18.6,41.8,3
2026-01-15T09:00,Brussels,9.7,0.0,0.0,17.0,40.0,3
2026-01-15T10:00,Brussels,9.5,0.0,0.0,17.1,36.7,3
2026-01-15T11:00,Brussels,9.5,0.0,0.0,17.6,38.2,3
2026-01-15T12:00,Brussels,9.4,0.0,0.0,19.3,41.4,3
2026-01-15T13:00,Brussels,9.3,0.0,0.0,20.6,46.4,3
2026-01-15T14:00,Brussels,9.4,0.0,0.0,17.2,58.3,3
2026-01-15T15:00,Brussels,10.0,0.0,0.0,17.2,51.8,3
2026-01-15T16:00,Brussels,9.7,0.0,0.0,16.9,40.7,3
2026-01-15T17:00,Brussels,9.9,0.0,0.0,16.1,37.4,3
2026-01-15T18:00,Brussels,9.7,0.0,0.0,14.9,34.6,3
2026-01-15T19:00,Brussels,9.8,0.0,0.0,16.9,36.0,3
2026-01-15T20:00,Brussels,9.9,0.0,0.0,20.1,40.7,3
2026-01-15T21:00,Brussels,10.3,0.0,0.0,21.5,46.1,3
2026-01-15T22:00,Brussels,10.6,0.0,0.0,22.0,47.9,3
2026-01-15T23:00,Brussels,10.9,0.0,0.0,22.0,48.2,3
2026-01-16T00:00,Brussels,10.5,0.4,0.4,21.1,48.2,51
2026-01-16T01:00,Brussels,10.3,0.4,0.4,24.8,51.8,51
2026-01-16T02:00,Brussels,10.3,0.3,0.3,24.9,56.2,51
2026-01-16T03:00,Brussels,10.4,0.1,0.1,26.5,58.3,51
2026-01-16T04:00,Brussels,10.6,0.0,0.0,25.6,58.0,3
2026-01-16T05:00,Brussels,10.2,0.1,0.1,26.3,57.6,51
2026-01-16T06:00,Brussels,9.6,0.1,0.1,19.7,56.9,51
2026-01-16T07:00,Brussels,8.7,0.0,0.0,15.2,42.8,3
2026-01-16T08:00,Brussels,8.2,0.0,0.0,11.2,32.0,3
2026-01-16T09:00,Brussels,7.7,0.0,0.0,9.8,22.7,3
2026-01-16T10:00,Brussels,7.3,0.0,0.0,10.1,19.8,2
2026-01-16T11:00,Brussels,7.7,0.0,0.0,10.6,21.6,2
2026-01-16T12:00,Brussels,8.9,0.0,0.0,11.0,23.8,2
2026-01-16T13:00,Brussels,10.1,0.0,0.0,16.0,33.8,2
2026-01-16T14:00,Brussels,10.5,0.0,0.0,11.8,36.4,3
2026-01-16T15:00,Brussels,10.6,0.0,0.0,10.8,27.4,2
2026-01-16T16:00,Brussels,10.6,0.0,0.0,10.3,25.6,2
2026-01-16T17:00,Brussels,10.1,0.0,0.0,8.8,23.4,2
2026-01-16T18:00,Brussels,8.9,0.0,0.0,7.4,18.7,3
2026-01-16T19:00,Brussels,8.1,0.0,0.0,7.9,15.5,3
2026-01-16T20:00,Brussels,7.6,0.0,0.0,8.3,17.3,3
2026-01-16T21:00,Brussels,7.3,0.0,0.0,9.6,18.4,3
2026-01-16T22:00,Brussels,7.3,0.0,0.0,9.6,19.1,3
2026-01-16T23:00,Brussels,7.6,0.0,0.0,8.0,19.1,3
2026-01-17T00:00,Brussels,7.6,0.0,0.0,8.1,16.2,3
2026-01-17T01:00,Brussels,7.6,0.2,0.2,10.2,20.2,51
2026-01-17T02:00,Brussels,8.0,0.8,0.8,12.6,22.3,53
2026-01-17T03:00,Brussels,8.1,0.1,0.1,11.1,24.8,51
2026-01-17T04:00,Brussels,8.1,0.1,0.1,11.8,24.1,51
2026-01-17T05:00,Brussels,8.0,0.1,0.1,11.5,23.0,51
2026-01-17T06:00,Brussels,7.5,0.1,0.1,10.4,22.7,51
2026-01-17T07:00,Brussels,6.9,0.0,0.0,9.5,20.2,3
2026-01-17T08:00,Brussels,7.5,0.0,0.0,9.5,18.7,3
2026-01-17T09:00,Brussels,7.1,0.0,0.0,10.5,19.8,3
2026-01-17T10:00,Brussels,6.9,0.0,0.0,10.8,20.5,3
2026-01-17T11:00,Brussels,7.6,0.0,0.0,11.3,21.2,1
2026-01-17T12:00,Brussels,9.1,0.0,0.0,9.5,22.7,1
2026-01-17T13:00,Brussels,10.3,0.0,0.0,9.8,21.2,2
2026-01-17T14:00,Brussels,11.0,0.0,0.0,3.7,26.3,3
2026-01-17T15:00,Brussels,11.6,0.0,0.0,4.0,12.2,2
2026-01-17T16:00,Brussels,11.8,0.0,0.0,5.2,13.0,3
2026-01-17T17:00,Brussels,11.3,0.0,0.0,5.7,13.3,3
2026-01-17T18:00,Brussels,10.0,0.0,0.0,7.8,14.8,3
2026-01-17T19:00,Brussels,9.3,0.0,0.0,10.4,20.5,3
2026-01-17T20:00,Brussels,9.3,0.0,0.0,9.4,20.9,3
2026-01-17T21:00,Brussels,8.8,0.0,0.0,8.1,18.4,3
2026-01-17T22:00,Brussels,8.4,0.0,0.0,8.7,16.2,3
2026-01-17T23:00,Brussels,8.2,0.0,0.0,9.9,19.1,3
2026-01-18T00:00,Brussels,7.9,0.0,0.0,8.5,19.1,1
2026-01-18T01:00,Brussels,7.2,0.0,0.0,8.7,16.6,2
2026-01-18T02:00,Brussels,6.9,0.0,0.0,9.8,17.3,0
2026-01-18T03:00,Brussels,6.4,0.0,0.0,10.0,19.1,1
2026-01-18T04:00,Brussels,6.2,0.0,0.0,10.5,20.5,3
2026-01-18T05:00,Brussels,6.3,0.0,0.0,10.4,20.9,3
2026-01-18T06:00,Brussels,5.9,0.0,0.0,10.4,20.9,3
2026-01-18T07:00,Brussels,5.3,0.0,0.0,8.9,20.5,3
2026-01-18T08:00,Brussels,5.7,0.0,0.0,10.4,16.9,3
2026-01-18T09:00,Brussels,5.0,0.0,0.0,10.6,20.9,3
2026-01-18T10:00,Brussels,4.6,0.0,0.0,11.4,22.7,3
2026-01-18T11:00,Brussels,5.2,0.0,0.0,10.2,22.7,3
2026-01-18T12:00,Brussels,6.1,0.0,0.0,7.0,18.7,2
2026-01-18T13:00,Brussels,7.4,0.0,0.0,4.4,16.2,1
2026-01-18T14:00,Brussels,8.8,0.0,0.0,5.2,13.3,0
2026-01-18T15:00,Brussels,9.6,0.0,0.0,5.1,15.5,0
2026-01-18T16:00,Brussels,9.7,0.0,0.0,6.1,15.5,0
2026-01-18T17:00,Brussels,9.1,0.0,0.0,7.3,15.5,0
2026-01-18T18:00,Brussels,7.6,0.0,0.0,9.4,19.1,0
2026-01-18T19:00,Brussels,6.6,0.0,0.0,9.4,19.4,0
2026-01-18T20:00,Brussels,6.0,0.0,0.0,9.9,18.7,0
2026-01-18T21:00,Brussels,5.1,0.0,0.0,8.5,19.1,0
2026-01-18T22:00,Brussels,4.5,0.0,0.0,7.6,16.9,0
2026-01-18T23:00,Brussels,4.5,0.0,0.0,7.2,14.8,0
2026-01-19T00:00,Brussels,4.0,0.0,0.0,8.8,17.6,0
2026-01-19T01:00,Brussels,3.1,0.0,0.0,8.8,17.6,0
2026-01-19T02:00,Brussels,2.8,0.0,0.0,7.5,17.3,0
2026-01-19T03:00,Brussels,2.1,0.0,0.0,7.2,14.4,0
2026-01-19T04:00,Brussels,1.7,0.0,0.0,7.4,14.0,0
2026-01-19T05:00,Brussels,1.3,0.0,0.0,8.8,16.9,1
2026-01-19T06:00,Brussels,1.4,0.0,0.0,7.9,17.3,3
2026-01-19T07:00,Brussels,1.9,0.2,0.2,8.5,16.6,51
2026-01-19T08:00,Brussels,1.9,0.2,0.2,7.3,16.6,51
2026-01-19T09:00,Brussels,1.6,0.1,0.1,9.3,18.4,51
2026-01-19T10:00,Brussels,1.8,0.0,0.0,8.5,18.4,2
2026-01-19T11:00,Brussels,2.8,0.0,0.0,7.9,16.2,3
2026-01-19T12:00,Brussels,4.3,0.0,0.0,7.6,18.0,3
2026-01-19T13:00,Brussels,5.9,0.0,0.0,5.1,15.8,3
2026-01-19T14:00,Brussels,6.5,0.0,0.0,5.5,14.8,3
2026-01-19T15:00,Brussels,7.4,0.2,0.2,4.1,14.0,51
2026-01-19T16:00,Brussels,7.9,0.0,0.0,5.3,13.3,3
2026-01-19T17:00,Brussels,7.8,0.0,0.0,5.5,13.0,3
2026-01-19T18:00,Brussels,7.0,0.0,0.0,6.8,12.6,3
2026-01-19T19:00,Brussels,6.2,0.0,0.0,8.0,15.5,1
2026-01-19T20:00,Brussels,6.2,0.0,0.0,8.4,15.5,2
2026-01-19T21:00,Brussels,6.2,0.0,0.0,8.8,16.6,3
2026-01-19T22:00,Brussels,5.9,0.0,0.0,8.7,16.6,1
2026-01-19T23:00,Brussels,5.4,0.0,0.0,8.8,16.9,1
2026-01-20T00:00,Brussels,5.0,0.0,0.0,9.0,16.9,1
2026-01-20T01:00,Brussels,4.4,0.0,0.0,8.4,16.9,1
2026-01-20T02:00,Brussels,4.2,0.0,0.0,7.2,16.9,0
2026-01-20T03:00,Brussels,3.7,0.0,0.0,7.2,14.0,2
2026-01-20T04:00,Brussels,3.2,0.0,0.0,9.0,16.2,0
2026-01-20T05:00,Brussels,2.9,0.0,0.0,8.7,18.0,3
2026-01-20T06:00,Brussels,2.6,0.0,0.0,8.5,16.6,2
2026-01-20T07:00,Brussels,2.3,0.0,0.0,8.8,16.6,0
2026-01-20T08:00,Brussels,1.9,0.0,0.0,8.8,17.3,1
2026-01-20T09:00,Brussels,1.7,0.0,0.0,8.5,16.6,0
2026-01-20T10:00,Brussels,1.5,0.0,0.0,8.2,16.2,0
2026-01-20T11:00,Brussels,2.4,0.0,0.0,7.8,16.9,0
2026-01-20T12:00,Brussels,3.6,0.0,0.0,4.9,16.6,0
2026-01-20T13:00,Brussels,5.1,0.0,0.0,6.3,17.3,0
2026-01-20T14:00,Brussels,6.1,0.0,0.0,6.3,17.3,1
2026-01-20T15:00,Brussels,6.9,0.0,0.0,6.7,17.6,0
2026-01-20T16:00,Brussels,7.3,0.0,0.0,7.3,18.0,0
2026-01-20T17:00,Brussels,6.9,0.0,0.0,8.4,18.4,0
2026-01-20T18:00,Brussels,5.8,0.0,0.0,10.0,19.8,3
2026-01-20T19:00,Brussels,4.8,0.0,0.0,12.2,24.5,3
2026-01-20T20:00,Brussels,4.2,0.0,0.0,12.5,27.4,3
2026-01-20T21:00,Brussels,4.0,0.0,0.0,13.1,26.6,3
2026-01-20T22:00,Brussels,4.3,0.0,0.0,16.1,32.8,3
2026-01-20T23:00,Brussels,4.6,0.0,0.0,16.4,33.8,3
2026-01-21T00:00,Brussels,4.6,0.0,0.0,13.8,33.8,3
2026-01-21T01:00,Brussels,4.9,0.0,0.0,13.9,28.1,3
2026-01-21T02:00,Brussels,5.5,0.0,0.0,17.6,36.7,3
2026-01-21T03:00,Brussels,6.1,0.0,0.0,19.8,41.8,3
2026-01-21T04:00,Brussels,6.5,0.0,0.0,19.7,42.1,3
2026-01-21T05:00,Brussels,6.3,0.1,0.1,18.8,41.8,51
2026-01-21T06:00,Brussels,6.3,0.0,0.0,18.1,40.0,3
2026-01-21T07:00,Brussels,6.1,0.0,0.0,19.0,40.3,3
2026-01-21T08:00,Brussels,5.7,0.0,0.0,17.6,40.7,3
2026-01-21T09:00,Brussels,5.5,0.4,0.4,18.1,37.4,51
2026-01-21T10:00,Brussels,5.3,0.0,0.0,18.0,37.8,3
2026-01-21T11:00,Brussels,5.9,0.0,0.0,18.2,38.5,3
2026-01-21T12:00,Brussels,6.7,0.0,0.0,17.8,38.9,3
2026-01-21T13:00,Brussels,7.3,0.0,0.0,9.3,38.5,3
2026-01-21T14:00,Brussels,8.9,0.0,0.0,12.3,23.4,3
2026-01-21T15:00,Brussels,9.7,0.0,0.0,11.7,26.6,3
2026-01-21T16:00,Brussels,10.0,0.0,0.0,11.7,27.7,3
2026-01-21T17:00,Brussels,9.8,0.0,0.0,15.8,37.1,1
2026-01-21T18:00,Brussels,8.7,0.0,0.0,15.4,33.5,1
2026-01-21T19:00,Brussels,7.6,0.0,0.0,16.5,34.2,0
2026-01-21T20:00,Brussels,6.8,0.0,0.0,17.6,36.0,3
2026-01-21T21:00,Brussels,6.3,0.0,0.0,17.6,37.1,3
2026-01-21T22:00,Brussels,6.3,0.0,0.0,17.9,37.1,3
2026-01-21T23:00,Brussels,6.6,0.0,0.0,17.9,37.8,3
2026-01-22T00:00,Brussels,6.9,0.0,0.0,17.2,37.4,1
2026-01-22T01:00,Brussels,6.7,0.0,0.0,14.6,35.6,2
2026-01-22T02:00,Brussels,5.8,0.0,0.0,12.3,29.9,3
2026-01-22T03:00,Brussels,5.0,0.0,0.0,11.7,24.5,3
2026-01-22T04:00,Brussels,4.8,0.0,0.0,11.8,23.8,3
2026-01-22T05:00,Brussels,4.7,0.0,0.0,11.8,24.1,3
2026-01-22T06:00,Brussels,4.6,0.0,0.0,12.0,24.1,3
2026-01-22T07:00,Brussels,4.4,0.0,0.0,12.1,24.8,3
2026-01-22T08:00,Brussels,3.6,0.0,0.0,11.2,24.5,3
2026-01-22T09:00,Brussels,3.3,0.0,0.0,12.3,24.5,3
2026-01-22T10:00,Brussels,3.5,0.0,0.0,12.8,25.6,3
2026-01-22T11:00,Brussels,4.5,0.0,0.0,12.4,25.6,3
2026-01-22T12:00,Brussels,5.8,0.0,0.0,8.7,25.6,3
2026-01-22T13:00,Brussels,7.1,0.0,0.0,9.2,24.1,3
2026-01-22T14:00,Brussels,8.3,0.0,0.0,8.7,24.1,3
2026-01-22T15:00,Brussels,8.7,0.0,0.0,10.1,23.4,3
2026-01-22T16:00,Brussels,7.9,0.1,0.1,11.0,23.8,51
2026-01-22T17:00,Brussels,7.8,0.0,0.0,12.8,27.7,3
2026-01-22T18:00,Brussels,7.6,0.0,0.0,12.9,28.4,3
2026-01-22T19:00,Brussels,7.1,0.0,0.0,13.7,28.4,3
2026-01-22T20:00,Brussels,7.0,0.0,0.0,14.0,29.5,1
2026-01-22T21:00,Brussels,7.1,0.0,0.0,14.6,30.2,1
2026-01-22T22:00,Brussels,6.9,0.0,0.0,15.1,31.7,0
2026-01-22T23:00,Brussels,6.6,0.0,0.0,14.8,31.3,0
2026-01-23T00:00,Brussels,6.3,0.0,0.0,14.1,30.6,0
2026-01-23T01:00,Brussels,5.7,0.0,0.0,13.3,28.8,0
2026-01-23T02:00,Brussels,6.0,0.0,0.0,13.2,27.0,0
2026-01-23T03:00,Brussels,5.9,0.0,0.0,12.9,26.3,0
2026-01-23T04:00,Brussels,5.6,0.0,0.0,13.3,26.6,0
2026-01-23T05:00,Brussels,5.6,0.0,0.0,14.4,28.4,3
2026-01-23T06:00,Brussels,6.5,0.0,0.0,13.8,29.5,3
2026-01-23T07:00,Brussels,6.9,0.0,0.0,13.6,28.1,3
2026-01-23T08:00,Brussels,6.6,0.0,0.0,12.9,28.1,3
2026-01-23T09:00,Brussels,6.4,0.0,0.0,13.5,28.1,3
2026-01-23T10:00,Brussels,6.3,0.0,0.0,13.4,28.1,3
2026-01-23T11:00,Brussels,6.1,0.0,0.0,15.0,32.0,3
2026-01-23T12:00,Brussels,6.6,0.0,0.0,14.6,32.8,3
2026-01-23T13:00,Brussels,7.4,0.0,0.0,16.4,34.6,3
2026-01-23T14:00,Brussels,8.5,0.0,0.0,11.5,39.2,3
2026-01-23T15:00,Brussels,8.6,0.0,0.0,12.0,28.1,3
2026-01-23T16:00,Brussels,8.7,0.3,0.3,11.6,27.0,51
2026-01-23T17:00,Brussels,8.7,0.0,0.0,12.8,27.7,3
2026-01-23T18:00,Brussels,8.2,0.0,0.0,12.6,28.1,3
2026-01-23T19:00,Brussels,7.6,0.0,0.0,13.1,28.1,2
2026-01-23T20:00,Brussels,7.3,0.2,0.2,11.7,28.1,51
2026-01-23T21:00,Brussels,6.9,0.0,0.0,12.6,25.9,3
2026-01-23T22:00,Brussels,6.4,0.0,0.0,12.6,26.3,3
2026-01-23T23:00,Brussels,6.3,0.0,0.0,12.6,26.6,3
2026-01-24T00:00,Brussels,6.3,0.0,0.0,11.8,25.9,3
2026-01-24T01:00,Brussels,6.0,0.0,0.0,11.0,24.1,3
2026-01-24T02:00,Brussels,5.1,0.0,0.0,12.3,22.7,3
2026-01-24T03:00,Brussels,5.2,0.0,0.0,11.7,24.5,3
2026-01-24T04:00,Brussels,5.2,0.0,0.0,10.3,23.4,3
2026-01-24T05:00,Brussels,4.9,0.0,0.0,11.0,22.3,3
2026-01-24T06:00,Brussels,4.7,0.0,0.0,10.9,22.3,3
2026-01-24T07:00,Brussels,4.5,0.0,0.0,11.1,21.6,3
2026-01-24T08:00,Brussels,4.1,0.0,0.0,11.2,22.7,0
2026-01-24T09:00,Brussels,3.5,0.0,0.0,11.0,22.3,0
2026-01-24T10:00,Brussels,3.3,0.0,0.0,10.6,21.6,0
2026-01-24T11:00,Brussels,4.2,0.0,0.0,11.2,22.3,0
2026-01-24T12:00,Brussels,5.5,0.0,0.0,8.6,21.2,0
2026-01-24T13:00,Brussels,7.0,0.0,0.0,8.0,20.5,2
2026-01-24T14:00,Brussels,8.3,0.0,0.0,8.0,19.8,2
2026-01-24T15:00,Brussels,9.0,0.0,0.0,8.3,20.9,3
2026-01-24T16:00,Brussels,9.1,0.0,0.0,9.0,21.2,2
2026-01-24T17:00,Brussels,8.6,0.0,0.0,10.4,23.0,2
2026-01-24T18:00,Brussels,7.3,0.0,0.0,11.0,23.0,2
2026-01-24T19:00,Brussels,6.0,0.0,0.0,11.7,23.8,1
2026-01-24T20:00,Brussels,5.4,0.0,0.0,11.8,24.8,0
2026-01-24T21:00,Brussels,4.6,0.0,0.0,11.4,23.8,1
2026-01-24T22:00,Brussels,3.9,0.0,0.0,11.8,23.4,3
2026-01-24T23:00,Brussels,3.4,0.0,0.0,10.8,24.1,3
2026-01-25T00:00,Brussels,2.9,0.0,0.0,10.4,21.6,0
2026-01-25T01:00,Brussels,2.4,0.0,0.0,8.4,20.5,0
2026-01-25T02:00,Brussels,2.1,0.0,0.0,8.0,16.2,0
2026-01-25T03:00,Brussels,1.8,0.0,0.0,8.2,16.2,0
2026-01-25T04:00,Brussels,1.7,0.0,0.0,8.5,16.2,0
2026-01-25T05:00,Brussels,1.4,0.0,0.0,9.4,18.0,0
2026-01-25T06:00,Brussels,1.0,0.0,0.0,9.6,18.7,0
2026-01-25T07:00,Brussels,0.6,0.0,0.0,9.5,18.7,0
2026-01-25T08:00,Brussels,0.3,0.0,0.0,9.8,20.2,0
2026-01-25T09:00,Brussels,-0.1,0.0,0.0,8.7,19.1,0
2026-01-25T10:00,Brussels,-0.1,0.0,0.0,9.4,18.0,0
2026-01-25T11:00,Brussels,1.2,0.0,0.0,9.1,18.4,0
2026-01-25T12:00,Brussels,3.0,0.0,0.0,5.8,16.9,1
2026-01-25T13:00,Brussels,4.6,0.0,0.0,6.2,17.3,0
2026-01-25T14:00,Brussels,5.2,0.0,0.0,5.8,18.0,0
2026-01-25T15:00,Brussels,5.7,0.0,0.0,5.6,16.2,0
2026-01-25T16:00,Brussels,6.0,0.0,0.0,6.9,17.6,2
2026-01-25T17:00,Brussels,6.0,0.0,0.0,6.2,18.0,3
2026-01-25T18:00,Brussels,5.1,0.0,0.0,6.9,14.0,3
2026-01-25T19:00,Brussels,3.8,0.0,0.0,10.0,20.2,3
2026-01-25T20:00,Brussels,2.8,0.0,0.0,10.4,22.0,3
2026-01-25T21:00,Brussels,2.7,0.0,0.0,9.8,21.2,3
2026-01-25T22:00,Brussels,2.2,0.0,0.0,9.3,21.2,3
2026-01-25T23:00,Brussels,1.9,0.0,0.0,6.7,20.2,3
2026-01-26T00:00,Brussels,1.6,0.0,0.0,4.6,15.1,3
2026-01-26T01:00,Brussels,1.3,0.0,0.0,4.8,10.8,3
2026-01-26T02:00,Brussels,-0.3,0.0,0.0,6.4,11.2,3
2026-01-26T03:00,Brussels,-1.0,0.0,0.0,5.9,14.4,1
2026-01-26T04:00,Brussels,-1.2,0.0,0.0,3.5,12.2,1
2026-01-26T05:00,Brussels,-0.9,0.0,0.0,4.7,10.8,3
2026-01-26T06:00,Brussels,-0.7,0.0,0.0,5.6,13.3,3
2026-01-26T07:00,Brussels,-0.9,0.0,0.0,5.7,13.3,3
2026-01-26T08:00,Brussels,-1.6,0.0,0.0,6.0,13.7,3
2026-01-26T09:00,Brussels,-1.7,0.0,0.0,4.9,15.1,3
2026-01-26T10:00,Brussels,-1.5,0.0,0.0,3.9,12.6,3
2026-01-26T11:00,Brussels,-0.9,0.0,0.0,5.4,14.4,3
2026-01-26T12:00,Brussels,-0.1,0.0,0.0,5.2,14.8,3
2026-01-26T13:00,Brussels,0.8,0.0,0.0,6.5,17.3,3
2026-01-26T14:00,Brussels,0.3,0.0,0.0,5.1,18.7,3
2026-01-26T15:00,Brussels,0.6,0.0,0.0,5.3,14.8,3
2026-01-26T16:00,Brussels,1.1,0.0,0.0,3.9,15.1,3
2026-01-26T17:00,Brussels,1.2,0.0,0.0,5.3,14.0,3
2026-01-26T18:00,Brussels,1.1,0.0,0.0,3.3,13.7,3
2026-01-26T19:00,Brussels,0.7,0.0,0.0,0.8,6.8,3
2026-01-26T20:00,Brussels,0.7,0.0,0.0,4.0,6.5,3
2026-01-26T21:00,Brussels,0.7,0.0,0.0,5.2,11.9,3
2026-01-26T22:00,Brussels,0.7,0.0,0.0,6.3,14.4,3
2026-01-26T23:00,Brussels,0.5,0.0,0.0,8.6,17.6,3
2026-01-27T00:00,Brussels,0.4,0.0,0.0,9.3,20.2,3
2026-01-27T01:00,Brussels,0.6,0.0,0.0,9.8,22.3,3
2026-01-27T02:00,Brussels,1.5,0.0,0.0,11.3,23.4,3
2026-01-27T03:00,Brussels,2.1,0.0,0.0,11.1,24.8,3
2026-01-27T04:00,Brussels,2.4,0.0,0.0,11.7,24.5,3
2026-01-27T05:00,Brussels,2.5,0.0,0.0,12.2,25.6,3
2026-01-27T06:00,Brussels,2.4,0.0,0.0,12.7,25.9,3
2026-01-27T07:00,Brussels,2.6,0.0,0.0,13.1,27.7,3
2026-01-27T08:00,Brussels,2.6,0.0,0.0,15.1,31.0,3
2026-01-27T09:00,Brussels,2.9,0.1,0.1,15.6,32.8,51
2026-01-27T10:00,Brussels,3.3,0.0,0.0,17.6,37.1,3
2026-01-27T11:00,Brussels,3.9,0.1,0.1,15.9,37.8,51
2026-01-27T12:00,Brussels,4.4,0.6,0.6,16.3,33.8,53
2026-01-27T13:00,Brussels,4.6,0.5,0.5,17.8,34.9,53
2026-01-27T14:00,Brussels,4.5,0.9,0.9,18.4,36.7,53
2026-01-27T15:00,Brussels,5.1,0.6,0.6,17.2,36.7,53
2026-01-27T16:00,Brussels,4.9,1.1,1.1,14.7,34.6,55
2026-01-27T17:00,Brussels,5.0,2.4,2.4,14.6,29.2,61
2026-01-27T18:00,Brussels,5.2,1.7,1.7,14.3,29.2,61
2026-01-27T19:00,Brussels,5.6,1.1,1.1,12.6,28.1,55
2026-01-27T20:00,Brussels,5.8,0.7,0.7,13.6,27.4,53
2026-01-27T21:00,Brussels,5.9,0.3,0.3,11.3,26.3,51
2026-01-27T22:00,Brussels,5.8,0.0,0.0,12.9,24.8,3
2026-01-27T23:00,Brussels,5.6,0.2,0.2,13.2,24.8,51
2026-01-28T00:00,Brussels,5.8,0.0,0.0,12.9,27.0,3
2026-01-28T01:00,Brussels,5.1,0.0,0.0,10.8,24.5,3
2026-01-28T02:00,Brussels,5.5,0.0,0.0,10.7,20.2,3
2026-01-28T03:00,Brussels,5.0,0.0,0.0,9.1,19.4,3
2026-01-28T04:00,Brussels,4.6,0.0,0.0,9.4,18.7,3
2026-01-28T05:00,Brussels,4.5,0.0,0.0,7.3,17.3,3
2026-01-28T06:00,Brussels,4.1,0.0,0.0,7.5,14.0,3
2026-01-28T07:00,Brussels,3.7,0.0,0.0,6.5,13.7,3
2026-01-28T08:00,Brussels,3.5,0.0,0.0,7.2,14.0,3
2026-01-28T09:00,Brussels,3.2,0.0,0.0,2.4,13.0,3
2026-01-28T10:00,Brussels,3.3,0.0,0.0,0.4,3.6,3
2026-01-28T11:00,Brussels,3.9,0.0,0.0,1.7,5.8,3
2026-01-28T12:00,Brussels,4.8,0.0,0.0,4.8,13.3,3
2026-01-28T13:00,Brussels,5.7,0.0,0.0,6.2,16.9,3
2026-01-28T14:00,Brussels,6.1,0.0,0.0,6.0,16.9,3
2026-01-28T15:00,Brussels,6.2,0.0,0.0,5.8,15.1,3
2026-01-28T16:00,Brussels,6.4,0.0,0.0,5.1,15.5,3
2026-01-28T17:00,Brussels,6.2,0.0,0.0,6.2,15.1,3
2026-01-28T18:00,Brussels,5.8,0.0,0.0,6.4,15.5,3
2026-01-28T19:00,Brussels,5.5,0.0,0.0,6.5,14.0,3
2026-01-28T20:00,Brussels,5.2,0.0,0.0,7.2,14.8,3
2026-01-28T21:00,Brussels,5.1,0.0,0.0,7.5,17.6,3
2026-01-28T22:00,Brussels,4.8,0.0,0.0,8.2,18.4,3
2026-01-28T23:00,Brussels,4.5,0.0,0.0,7.4,18.0,3
2026-01-29T00:00,Brussels,4.1,0.0,0.0,7.7,18.4,3
2026-01-29T01:00,Brussels,3.4,0.0,0.0,7.3,18.4,3
2026-01-29T02:00,Brussels,3.0,0.0,0.0,6.8,17.6,3
2026-01-29T03:00,Brussels,2.5,0.0,0.0,7.1,16.6,3
2026-01-29T04:00,Brussels,2.0,0.0,0.0,7.6,18.0,3
2026-01-29T05:00,Brussels,1.6,0.0,0.0,7.3,18.4,3
2026-01-29T06:00,Brussels,1.3,0.0,0.0,6.3,17.6,3
2026-01-29T07:00,Brussels,1.1,0.0,0.0,4.6,15.5,3
2026-01-29T08:00,Brussels,1.1,0.0,0.0,4.9,11.5,3
2026-01-29T09:00,Brussels,0.9,0.0,0.0,4.5,12.6,3
2026-01-29T10:00,Brussels,0.7,0.0,0.0,3.6,11.9,3
2026-01-29T11:00,Brussels,0.9,0.0,0.0,4.4,12.6,3
2026-01-29T12:00,Brussels,1.2,0.0,0.0,3.4,14.4,3
2026-01-29T13:00,Brussels,1.8,0.0,0.0,3.4,12.6,3
2026-01-29T14:00,Brussels,1.6,0.0,0.0,4.6,13.3,3
2026-01-29T15:00,Brussels,2.4,0.0,0.0,4.4,13.7,3
2026-01-29T16:00,Brussels,2.7,0.0,0.0,2.1,13.3,3
2026-01-29T17:00,Brussels,2.9,0.0,0.0,2.1,8.3,3
2026-01-29T18:00,Brussels,3.0,0.0,0.0,4.2,10.4,3
2026-01-29T19:00,Brussels,2.6,0.0,0.0,4.7,9.7,3
2026-01-29T20:00,Brussels,2.3,0.0,0.0,6.8,14.4,3
2026-01-29T21:00,Brussels,2.0,0.0,0.0,7.5,16.2,3
2026-01-29T22:00,Brussels,1.8,0.0,0.0,7.4,16.2,3
2026-01-29T23:00,Brussels,1.8,0.0,0.0,7.8,15.8,3
2026-01-30T00:00,Brussels,1.9,0.0,0.0,7.8,15.8,1
2026-01-30T01:00,Brussels,1.7,0.0,0.0,7.9,16.6,3
2026-01-30T02:00,Brussels,1.8,0.0,0.0,8.2,15.8,3
2026-01-30T03:00,Brussels,2.0,0.0,0.0,8.0,17.6,3
2026-01-30T04:00,Brussels,1.7,0.0,0.0,9.6,20.2,3
2026-01-30T05:00,Brussels,1.0,0.0,0.0,11.0,22.7,3
2026-01-30T06:00,Brussels,1.1,0.0,0.0,10.7,23.0,3
2026-01-30T07:00,Brussels,1.6,0.0,0.0,11.5,22.3,3
2026-01-30T08:00,Brussels,1.9,0.0,0.0,11.1,22.7,3
2026-01-30T09:00,Brussels,1.5,0.0,0.0,10.3,22.7,3
2026-01-30T10:00,Brussels,2.0,0.0,0.0,10.4,21.2,2
2026-01-30T11:00,Brussels,3.1,0.0,0.0,9.1,21.2,3
2026-01-30T12:00,Brussels,3.9,0.0,0.0,8.5,16.6,3
2026-01-30T13:00,Brussels,5.8,0.0,0.0,8.5,20.5,3
2026-01-30T14:00,Brussels,5.7,0.0,0.0,10.3,24.8,3
2026-01-30T15:00,Brussels,6.4,0.0,0.0,12.7,29.9,3
2026-01-30T16:00,Brussels,6.1,0.3,0.3,11.2,31.3,51
2026-01-30T17:00,Brussels,5.7,0.0,0.0,10.8,27.7,3
2026-01-30T18:00,Brussels,5.5,0.0,0.0,11.5,24.5,3
2026-01-30T19:00,Brussels,4.9,0.0,0.0,11.5,24.1,3
2026-01-30T20:00,Brussels,5.3,0.0,0.0,12.3,28.4,2
2026-01-30T21:00,Brussels,5.1,0.0,0.0,14.9,30.6,3
2026-01-30T22:00,Brussels,5.2,0.0,0.0,15.1,30.2,3
2026-01-30T23:00,Brussels,5.3,0.0,0.0,16.1,32.8,3
2026-01-31T00:00,Brussels,5.9,0.0,0.0,14.9,32.8,3
2026-01-31T01:00,Brussels,6.5,0.0,0.0,14.7,31.3,3
2026-01-31T02:00,Brussels,6.6,1.0,1.0,18.3,31.0,55
2026-01-31T03:00,Brussels,6.6,0.5,0.5,17.8,36.4,53
2026-01-31T04:00,Brussels,6.9,0.0,0.0,17.2,34.9,3
2026-01-31T05:00,Brussels,6.6,0.2,0.2,15.2,34.2,51
2026-01-31T06:00,Brussels,6.7,0.1,0.1,13.4,29.9,51
2026-01-31T07:00,Brussels,6.4,0.0,0.0,11.9,26.3,3
2026-01-31T08:00,Brussels,6.1,0.0,0.0,10.8,22.7,2
2026-01-31T09:00,Brussels,5.9,0.0,0.0,9.2,19.4,3
2026-01-31T10:00,Brussels,5.9,0.0,0.0,11.4,20.2,3
2026-01-31T11:00,Brussels,6.7,0.0,0.0,12.0,23.0,1
2026-01-31T12:00,Brussels,7.5,0.0,0.0,12.4,29.5,3
2026-01-31T13:00,Brussels,8.0,0.0,0.0,10.7,28.1,3
2026-01-31T14:00,Brussels,9.0,0.0,0.0,8.5,25.2,1
2026-01-31T15:00,Brussels,9.7,0.0,0.0,8.6,21.6,2
2026-01-31T16:00,Brussels,10.0,0.0,0.0,8.3,21.6,1
2026-01-31T17:00,Brussels,10.0,0.0,0.0,6.5,21.6,2
2026-01-31T18:00,Brussels,9.0,0.0,0.0,4.2,14.0,3
2026-01-31T19:00,Brussels,8.1,0.0,0.0,8.0,15.1,3
2026-01-31T20:00,Brussels,7.7,0.0,0.0,8.7,15.8,3
2026-01-31T21:00,Brussels,7.1,0.0,0.0,9.4,18.4,3
2026-01-31T22:00,Brussels,6.5,0.0,0.0,9.5,18.4,2
2026-01-31T23:00,Brussels,5.9,0.0,0.0,9.7,19.4,2
2026-02-01T00:00,Brussels,5.5,0.0,0.0,9.4,19.1,2
2026-02-01T01:00,Brussels,5.0,0.0,0.0,9.2,18.4,2
2026-02-01T02:00,Brussels,4.8,0.0,0.0,8.5,18.7,2
2026-02-01T03:00,Brussels,4.7,0.0,0.0,9.6,18.4,0
2026-02-01T04:00,Brussels,4.6,0.0,0.0,10.9,21.2,0
2026-02-01T05:00,Brussels,4.6,0.0,0.0,10.7,21.2,0
2026-02-01T06:00,Brussels,4.2,0.0,0.0,11.4,22.3,0
2026-02-01T07:00,Brussels,4.1,0.0,0.0,11.9,23.0,0
2026-02-01T08:00,Brussels,5.0,0.0,0.0,11.7,23.4,2
2026-02-01T09:00,Brussels,5.0,0.0,0.0,11.3,22.0,3
2026-02-01T10:00,Brussels,5.0,0.0,0.0,12.9,23.8,3
2026-02-01T11:00,Brussels,6.3,0.0,0.0,14.1,28.1,3
2026-02-01T12:00,Brussels,7.2,0.0,0.0,13.5,30.6,3
2026-02-01T13:00,Brussels,7.9,0.0,0.0,14.9,33.8,3
2026-02-01T14:00,Brussels,8.5,0.0,0.0,14.9,33.5,3
2026-02-01T15:00,Brussels,9.0,0.0,0.0,13.0,33.8,3
2026-02-01T16:00,Brussels,9.1,0.0,0.0,12.1,31.0,3
2026-02-01T17:00,Brussels,9.2,0.0,0.0,9.5,31.0,3
2026-02-01T18:00,Brussels,8.4,0.0,0.0,7.9,21.2,3
2026-02-01T19:00,Brussels,7.4,0.0,0.0,9.4,18.0,3
2026-02-01T20:00,Brussels,7.1,0.0,0.0,10.6,22.0,3
2026-02-01T21:00,Brussels,7.1,0.0,0.0,11.1,22.0,3
2026-02-01T22:00,Brussels,7.0,0.1,0.1,11.5,23.0,51
2026-02-01T23:00,Brussels,6.6,0.1,0.1,11.9,23.8,51
2026-02-02T00:00,Brussels,6.5,0.2,0.2,12.4,24.5,51
2026-02-02T01:00,Brussels,6.3,0.1,0.1,10.6,24.8,51
2026-02-02T02:00,Brussels,6.5,0.8,0.8,13.2,22.0,53
2026-02-02T03:00,Brussels,6.4,0.7,0.7,13.8,27.4,53
2026-02-02T04:00,Brussels,6.2,0.4,0.4,13.5,27.4,51
2026-02-02T05:00,Brussels,5.9,0.2,0.2,12.4,26.6,51
2026-02-02T06:00,Brussels,6.0,0.0,0.0,12.1,24.1,2
2026-02-02T07:00,Brussels,5.5,0.0,0.0,12.4,24.1,0
2026-02-02T08:00,Brussels,5.7,0.0,0.0,12.3,24.1,3
2026-02-02T09:00,Brussels,5.4,0.0,0.0,8.7,23.0,0
2026-02-02T10:00,Brussels,5.1,0.0,0.0,7.1,16.6,1
2026-02-02T11:00,Brussels,6.0,0.0,0.0,8.1,17.6,2
2026-02-02T12:00,Brussels,7.1,0.0,0.0,8.8,20.9,3
2026-02-02T13:00,Brussels,7.6,0.1,0.1,10.6,24.8,51
2026-02-02T14:00,Brussels,8.0,0.1,0.1,9.2,25.6,51
2026-02-02T15:00,Brussels,8.4,0.0,0.0,11.2,25.9,3
2026-02-02T16:00,Brussels,8.3,0.1,0.1,12.9,29.9,51
2026-02-02T17:00,Brussels,8.1,0.0,0.0,12.9,30.6,3
2026-02-02T18:00,Brussels,7.5,0.0,0.0,13.7,29.9,2
2026-02-02T19:00,Brussels,6.5,0.0,0.0,15.3,32.8,2
2026-02-02T20:00,Brussels,6.1,0.0,0.0,15.4,32.8,3
2026-02-02T21:00,Brussels,5.8,0.0,0.0,15.2,33.1,0
2026-02-02T22:00,Brussels,4.8,0.0,0.0,14.9,32.4,2
2026-02-02T23:00,Brussels,3.9,0.0,0.0,15.8,33.5,2
2026-02-03T00:00,Brussels,3.4,0.0,0.0,15.5,33.5,3
2026-02-03T01:00,Brussels,3.1,0.0,0.0,15.7,33.5,3
2026-02-03T02:00,Brussels,2.7,0.0,0.0,15.8,33.1,3
2026-02-03T03:00,Brussels,2.7,0.0,0.0,16.4,34.9,3
2026-02-03T04:00,Brussels,2.9,0.0,0.0,16.4,36.4,3
2026-02-03T05:00,Brussels,3.0,0.0,0.0,15.8,35.3,3
2026-02-03T06:00,Brussels,3.1,0.0,0.0,14.7,33.8,3
2026-02-03T07:00,Brussels,3.3,0.0,0.0,14.4,31.7,3
2026-02-03T08:00,Brussels,2.7,0.0,0.0,15.7,31.0,3
2026-02-03T09:00,Brussels,2.6,0.0,0.0,15.1,33.5,3
2026-02-03T10:00,Brussels,2.7,0.3,0.3,14.5,32.0,51
2026-02-03T11:00,Brussels,2.9,0.9,0.9,15.1,30.2,53
2026-02-03T12:00,Brussels,3.3,1.9,1.9,15.3,30.6,61
2026-02-03T13:00,Brussels,4.7,0.1,0.1,14.6,30.6,51
2026-02-03T14:00,Brussels,4.8,0.0,0.0,12.0,33.8,3
2026-02-03T15:00,Brussels,6.2,0.0,0.0,13.0,28.8,3
2026-02-03T16:00,Brussels,6.5,0.0,0.0,11.4,31.3,3
2026-02-03T17:00,Brussels,6.9,0.1,0.1,8.7,23.8,51
2026-02-03T18:00,Brussels,7.3,0.2,0.2,11.5,21.2,51
2026-02-03T19:00,Brussels,7.8,0.3,0.3,18.6,38.2,51
2026-02-03T20:00,Brussels,7.6,0.2,0.2,14.6,38.5,51
2026-02-03T21:00,Brussels,7.1,0.3,0.3,18.5,36.4,51
2026-02-03T22:00,Brussels,7.7,0.1,0.1,16.6,37.4,51
2026-02-03T23:00,Brussels,7.2,0.0,0.0,17.1,34.2,3
2026-02-04T00:00,Brussels,6.7,0.0,0.0,16.5,34.6,3
2026-02-04T01:00,Brussels,6.3,0.0,0.0,15.7,33.5,1
2026-02-04T02:00,Brussels,7.4,0.0,0.0,13.7,32.0,2
2026-02-04T03:00,Brussels,7.2,0.0,0.0,13.5,28.8,0
2026-02-04T04:00,Brussels,6.6,0.0,0.0,13.5,27.7,0
2026-02-04T05:00,Brussels,6.1,0.0,0.0,13.5,28.1,1
2026-02-04T06:00,Brussels,5.6,0.1,0.1,11.2,27.7,51
2026-02-04T07:00,Brussels,5.0,0.1,0.1,11.3,22.7,51
2026-02-04T08:00,Brussels,5.1,0.0,0.0,10.8,22.7,2
2026-02-04T09:00,Brussels,4.7,0.0,0.0,12.0,23.4,1
2026-02-04T10:00,Brussels,4.6,0.0,0.0,11.5,23.8,0
2026-02-04T11:00,Brussels,5.7,0.0,0.0,10.9,23.4,1
2026-02-04T12:00,Brussels,7.0,0.0,0.0,9.1,22.7,0
2026-02-04T13:00,Brussels,8.4,0.0,0.0,10.8,26.3,0
2026-02-04T14:00,Brussels,9.9,0.0,0.0,11.1,27.0,3
2026-02-04T15:00,Brussels,10.6,0.0,0.0,12.7,30.6,3
2026-02-04T16:00,Brussels,10.9,0.0,0.0,11.7,31.0,3
2026-02-04T17:00,Brussels,10.6,0.0,0.0,10.8,27.4,3
2026-02-04T18:00,Brussels,9.5,0.0,0.0,12.6,25.9,3
2026-02-04T19:00,Brussels,8.5,0.0,0.0,14.9,30.2,3
2026-02-04T20:00,Brussels,7.9,0.0,0.0,17.4,36.7,2
2026-02-04T21:00,Brussels,6.9,0.0,0.0,17.2,37.1,0
2026-02-04T22:00,Brussels,5.9,0.0,0.0,17.6,36.7,0
2026-02-04T23:00,Brussels,5.4,0.0,0.0,15.9,37.1,0
2026-02-05T00:00,Brussels,4.8,0.0,0.0,16.0,33.5,0
2026-02-05T01:00,Brussels,4.3,0.0,0.0,15.2,33.5,2
2026-02-05T02:00,Brussels,4.0,0.0,0.0,14.7,31.7,1
2026-02-05T03:00,Brussels,3.6,0.0,0.0,15.1,31.0,2
2026-02-05T04:00,Brussels,3.1,0.0,0.0,14.8,31.3,3
2026-02-05T05:00,Brussels,3.0,0.0,0.0,14.8,31.3,3
2026-02-05T06:00,Brussels,3.0,0.0,0.0,13.6,31.3,3
2026-02-05T07:00,Brussels,2.9,0.0,0.0,13.8,29.2,3
2026-02-05T08:00,Brussels,2.0,1.1,0.6,13.5,28.8,73
2026-02-05T09:00,Brussels,2.0,0.3,0.3,12.8,26.6,51
2026-02-05T10:00,Brussels,2.6,0.4,0.4,13.1,24.8,51
2026-02-05T11:00,Brussels,4.3,0.0,0.0,13.0,25.6,3
2026-02-05T12:00,Brussels,6.8,0.0,0.0,13.4,32.4,3
2026-02-05T13:00,Brussels,8.1,0.0,0.0,11.2,30.6,3
2026-02-05T14:00,Brussels,7.2,0.0,0.0,9.1,26.6,3
2026-02-05T15:00,Brussels,8.2,0.0,0.0,11.3,27.0,3
2026-02-05T16:00,Brussels,8.5,0.0,0.0,12.1,28.1,3
2026-02-05T17:00,Brussels,8.6,0.0,0.0,9.9,29.5,3
2026-02-05T18:00,Brussels,8.4,0.0,0.0,9.5,22.0,3
2026-02-05T19:00,Brussels,7.9,0.0,0.0,9.7,20.5,3
2026-02-05T20:00,Brussels,6.8,0.1,0.1,11.2,22.3,51
2026-02-05T21:00,Brussels,7.2,0.0,0.0,11.5,23.8,3
2026-02-05T22:00,Brussels,7.0,0.0,0.0,11.1,23.8,3
2026-02-05T23:00,Brussels,6.7,0.0,0.0,10.8,23.0,3
2026-02-06T00:00,Brussels,6.9,0.0,0.0,10.6,22.0,3
2026-02-06T01:00,Brussels,6.9,0.0,0.0,9.6,21.6,3
2026-02-06T02:00,Brussels,6.1,0.0,0.0,9.6,19.8,3
2026-02-06T03:00,Brussels,6.0,0.0,0.0,8.7,19.4,3
2026-02-06T04:00,Brussels,6.1,0.2,0.2,10.2,20.2,51
2026-02-06T05:00,Brussels,6.1,0.1,0.1,9.9,20.2,51
2026-02-06T06:00,Brussels,5.8,0.0,0.0,9.9,19.4,3
2026-02-06T07:00,Brussels,6.1,0.1,0.1,10.2,19.8,51
2026-02-06T08:00,Brussels,6.2,0.2,0.2,11.3,24.5,51
2026-02-06T09:00,Brussels,6.6,0.1,0.1,12.2,23.4,51
2026-02-06T10:00,Brussels,6.6,0.0,0.0,13.6,27.0,3
2026-02-06T11:00,Brussels,7.0,0.1,0.1,13.8,28.1,51
2026-02-06T12:00,Brussels,7.4,0.2,0.2,14.0,28.8,51
2026-02-06T13:00,Brussels,8.2,0.0,0.0,14.4,29.9,1
2026-02-06T14:00,Brussels,8.3,0.0,0.0,10.7,36.4,3
2026-02-06T15:00,Brussels,9.3,0.0,0.0,11.9,25.2,3
2026-02-06T16:00,Brussels,10.1,0.1,0.1,10.9,28.4,51
2026-02-06T17:00,Brussels,10.7,0.0,0.0,10.2,23.4,3
2026-02-06T18:00,Brussels,10.1,0.1,0.1,11.4,24.5,51
2026-02-06T19:00,Brussels,8.9,0.1,0.1,12.2,24.1,51
2026-02-06T20:00,Brussels,8.6,0.0,0.0,11.0,24.5,3
2026-02-06T21:00,Brussels,8.0,0.2,0.2,11.5,23.8,51
2026-02-06T22:00,Brussels,7.8,0.0,0.0,11.8,22.3,3
2026-02-06T23:00,Brussels,7.5,0.0,0.0,13.7,26.6,3
2026-02-07T00:00,Brussels,7.3,0.0,0.0,13.2,27.0,2
2026-02-07T01:00,Brussels,6.9,0.0,0.0,14.0,27.4,3
2026-02-07T02:00,Brussels,7.7,0.0,0.0,13.0,28.4,3
2026-02-07T03:00,Brussels,7.6,0.1,0.1,14.3,27.0,51
2026-02-07T04:00,Brussels,7.2,0.0,0.0,13.7,27.4,1
2026-02-07T05:00,Brussels,6.6,0.0,0.0,13.2,25.9,0
2026-02-07T06:00,Brussels,6.2,0.0,0.0,13.3,25.6,0
2026-02-07T07:00,Brussels,6.0,0.0,0.0,13.1,25.9,0
2026-02-07T08:00,Brussels,5.8,0.0,0.0,12.8,24.8,0
2026-02-07T09:00,Brussels,5.7,0.0,0.0,14.1,26.6,3
2026-02-07T10:00,Brussels,6.3,0.0,0.0,15.6,29.5,3
2026-02-07T11:00,Brussels,7.5,0.0,0.0,14.7,30.2,2
2026-02-07T12:00,Brussels,9.0,0.0,0.0,14.6,31.3,1
2026-02-07T13:00,Brussels,10.2,0.0,0.0,14.3,34.2,3
2026-02-07T14:00,Brussels,10.9,0.0,0.0,13.9,34.9,2
2026-02-07T15:00,Brussels,11.4,0.0,0.0,17.1,43.2,2
2026-02-07T16:00,Brussels,11.3,0.0,0.0,14.8,40.3,3
2026-02-07T17:00,Brussels,11.2,0.0,0.0,12.8,33.5,3
2026-02-07T18:00,Brussels,10.5,0.0,0.0,11.4,28.1,3
2026-02-07T19:00,Brussels,9.3,0.0,0.0,11.0,24.1,3
2026-02-07T20:00,Brussels,9.2,0.0,0.0,12.6,25.6,3
2026-02-07T21:00,Brussels,8.7,0.0,0.0,12.6,25.6,3
2026-02-07T22:00,Brussels,8.3,0.0,0.0,13.1,27.0,3
2026-02-07T23:00,Brussels,7.9,0.0,0.0,12.9,26.6,3
2026-02-08T00:00,Brussels,7.6,0.0,0.0,13.1,26.3,3
2026-02-08T01:00,Brussels,7.2,0.0,0.0,12.6,26.6,2
2026-02-08T02:00,Brussels,7.2,0.0,0.0,11.9,25.6,0
2026-02-08T03:00,Brussels,6.7,0.0,0.0,11.0,23.4,0
2026-02-08T04:00,Brussels,6.2,0.0,0.0,11.1,22.0,0
2026-02-08T05:00,Brussels,5.8,0.0,0.0,11.2,22.7,1
2026-02-08T06:00,Brussels,5.4,0.0,0.0,10.8,22.3,1
2026-02-08T07:00,Brussels,5.0,0.0,0.0,10.6,21.2,3
2026-02-08T08:00,Brussels,4.8,0.0,0.0,9.7,21.2,0
2026-02-08T09:00,Brussels,4.4,0.0,0.0,9.7,18.7,3
2026-02-08T10:00,Brussels,4.6,0.0,0.0,10.3,19.8,3
2026-02-08T11:00,Brussels,6.1,0.0,0.0,11.0,20.2,1
2026-02-08T12:00,Brussels,8.1,0.0,0.0,6.8,20.9,0
2026-02-08T13:00,Brussels,10.2,0.0,0.0,5.9,18.4,0
2026-02-08T14:00,Brussels,11.5,0.0,0.0,5.6,16.9,1
2026-02-08T15:00,Brussels,12.1,0.2,0.2,8.1,19.8,51
2026-02-08T16:00,Brussels,12.1,0.2,0.2,7.5,20.2,51
2026-02-08T17:00,Brussels,11.7,0.1,0.1,6.0,18.0,51
2026-02-08T18:00,Brussels,10.7,0.0,0.0,5.6,13.0,0
2026-02-08T19:00,Brussels,9.0,0.0,0.0,9.4,17.6,1
2026-02-08T20:00,Brussels,7.8,0.0,0.0,11.0,22.0,3
2026-02-08T21:00,Brussels,7.0,0.0,0.0,10.4,21.6,3
2026-02-08T22:00,Brussels,6.2,0.0,0.0,9.7,20.5,3
2026-02-08T23:00,Brussels,5.7,0.0,0.0,9.1,19.1,1
2026-02-09T00:00,Brussels,5.4,0.0,0.0,9.9,19.1,1
2026-02-09T01:00,Brussels,4.8,0.0,0.0,10.3,20.2,3
2026-02-09T02:00,Brussels,4.4,0.0,0.0,9.6,20.5,3
2026-02-09T03:00,Brussels,4.0,0.0,0.0,10.2,19.8,3
2026-02-09T04:00,Brussels,3.7,0.0,0.0,10.7,21.2,3
2026-02-09T05:00,Brussels,3.1,0.0,0.0,10.3,21.2,3
2026-02-09T06:00,Brussels,2.7,0.0,0.0,10.1,20.5,3
2026-02-09T07:00,Brussels,3.0,0.0,0.0,9.7,20.5,3
2026-02-09T08:00,Brussels,3.6,0.0,0.0,8.8,20.2,3
2026-02-09T09:00,Brussels,3.7,0.0,0.0,8.1,18.7,3
2026-02-09T10:00,Brussels,3.8,0.0,0.0,9.4,21.2,3
2026-02-09T11:00,Brussels,4.4,0.0,0.0,11.9,27.4,3
2026-02-09T12:00,Brussels,5.1,0.0,0.0,11.7,28.1,3
2026-02-09T13:00,Brussels,6.1,0.0,0.0,11.2,27.4,3
2026-02-09T14:00,Brussels,6.1,0.0,0.0,11.3,27.4,3
2026-02-09T15:00,Brussels,7.0,0.0,0.0,11.6,27.7,3
2026-02-09T16:00,Brussels,7.9,0.0,0.0,12.1,28.4,3
2026-02-09T17:00,Brussels,8.0,0.0,0.0,11.5,29.5,3
2026-02-09T18:00,Brussels,7.9,0.0,0.0,9.8,24.5,3
2026-02-09T19:00,Brussels,7.1,0.0,0.0,10.8,22.3,1
2026-02-09T20:00,Brussels,5.6,0.0,0.0,11.2,25.6,1
2026-02-09T21:00,Brussels,5.3,0.0,0.0,11.3,23.4,2
2026-02-09T22:00,Brussels,4.7,0.0,0.0,12.1,24.1,1
2026-02-09T23:00,Brussels,4.7,0.0,0.0,13.2,26.6,0
2026-02-10T00:00,Brussels,4.8,0.0,0.0,14.7,29.9,1
2026-02-10T01:00,Brussels,4.8,0.0,0.0,14.9,31.3,2
2026-02-10T02:00,Brussels,4.4,0.0,0.0,14.8,31.0,3
2026-02-10T03:00,Brussels,4.5,0.0,0.0,15.1,31.0,3
2026-02-10T04:00,Brussels,4.9,0.0,0.0,14.2,31.3,3
2026-02-10T05:00,Brussels,5.3,0.0,0.0,13.8,29.9,3
2026-02-10T06:00,Brussels,5.7,0.0,0.0,12.9,28.8,3
2026-02-10T07:00,Brussels,6.1,0.0,0.0,12.6,27.4,3
2026-02-10T08:00,Brussels,5.9,0.1,0.1,10.7,26.6,51
2026-02-10T09:00,Brussels,6.1,0.0,0.0,11.0,22.7,3
2026-02-10T10:00,Brussels,6.6,0.0,0.0,10.6,22.7,3
2026-02-10T11:00,Brussels,7.5,0.0,0.0,11.4,23.0,3
2026-02-10T12:00,Brussels,9.1,0.0,0.0,13.3,28.1,3
2026-02-10T13:00,Brussels,10.8,0.0,0.0,16.8,37.8,3
2026-02-10T14:00,Brussels,10.4,0.0,0.0,16.8,39.6,3
2026-02-10T15:00,Brussels,10.8,0.1,0.1,17.2,38.9,51
2026-02-10T16:00,Brussels,10.6,0.0,0.0,13.3,38.5,3
2026-02-10T17:00,Brussels,10.7,0.0,0.0,14.8,31.3,3
2026-02-10T18:00,Brussels,9.9,0.2,0.2,12.9,31.3,51
2026-02-10T19:00,Brussels,9.3,0.0,0.0,11.5,26.6,3
2026-02-10T20:00,Brussels,8.6,0.0,0.0,12.2,24.8,3
2026-02-10T21:00,Brussels,8.8,0.0,0.0,12.2,23.4,3
2026-02-10T22:00,Brussels,8.6,0.0,0.0,13.0,26.6,3
2026-02-10T23:00,Brussels,8.9,0.0,0.0,13.8,27.7,3
2026-02-11T00:00,Brussels,9.1,0.9,0.9,14.7,30.6,53
2026-02-11T01:00,Brussels,8.7,0.3,0.3,12.5,28.1,51
2026-02-11T02:00,Brussels,9.5,0.1,0.1,10.3,25.2,51
2026-02-11T03:00,Brussels,9.6,0.1,0.1,9.2,19.1,51
2026-02-11T04:00,Brussels,9.4,0.3,0.3,11.2,20.9,51
2026-02-11T05:00,Brussels,9.5,1.2,1.2,14.4,28.4,55
2026-02-11T06:00,Brussels,9.2,0.0,0.0,12.9,28.8,3
2026-02-11T07:00,Brussels,9.3,0.5,0.5,14.3,28.4,53
2026-02-11T08:00,Brussels,9.9,0.7,0.7,14.5,34.9,53
2026-02-11T09:00,Brussels,9.5,0.6,0.6,14.8,30.2,53
2026-02-11T10:00,Brussels,9.9,0.1,0.1,15.2,29.9,51
2026-02-11T11:00,Brussels,10.3,0.1,0.1,16.3,33.8,51
2026-02-11T12:00,Brussels,11.1,0.1,0.1,14.7,34.2,51
2026-02-11T13:00,Brussels,11.6,0.0,0.0,19.1,44.3,3
2026-02-11T14:00,Brussels,10.9,0.1,0.1,17.3,51.1,51
2026-02-11T15:00,Brussels,10.7,4.1,4.1,22.5,47.9,63
2026-02-11T16:00,Brussels,11.4,0.1,0.1,19.2,51.5,51
2026-02-11T17:00,Brussels,11.1,0.0,0.0,20.9,45.7,2
2026-02-11T18:00,Brussels,10.7,0.0,0.0,20.1,47.5,3
2026-02-11T19:00,Brussels,9.9,0.0,0.0,18.4,46.8,3
2026-02-11T20:00,Brussels,9.4,0.0,0.0,14.3,39.2,3
2026-02-11T21:00,Brussels,9.3,0.0,0.0,14.5,31.3,3
2026-02-11T22:00,Brussels,9.1,0.0,0.0,14.8,31.3,3
2026-02-11T23:00,Brussels,9.2,0.1,0.1,13.3,32.8,51
2026-02-12T00:00,Brussels,8.9,0.6,0.6,10.7,27.4,53
2026-02-12T01:00,Brussels,8.4,2.5,2.5,11.7,23.0,63
2026-02-12T02:00,Brussels,8.7,3.5,3.5,15.1,37.4,63
2026-02-12T03:00,Brussels,9.0,1.4,1.4,13.0,29.9,61
2026-02-12T04:00,Brussels,9.1,1.2,1.2,9.4,25.2,55
2026-02-12T05:00,Brussels,8.8,1.5,1.5,8.2,17.6,61
2026-02-12T06:00,Brussels,8.7,1.2,1.2,8.5,16.9,55
2026-02-12T07:00,Brussels,8.7,0.5,0.5,10.3,18.7,53
2026-02-12T08:00,Brussels,8.1,0.2,0.2,19.9,40.7,51
2026-02-12T09:00,Brussels,7.8,0.0,0.0,19.3,41.0,3
2026-02-12T10:00,Brussels,7.9,0.2,0.2,16.0,40.3,51
2026-02-12T11:00,Brussels,8.3,0.1,0.1,13.6,32.8,51
2026-02-12T12:00,Brussels,8.6,0.8,0.8,13.4,31.7,53
2026-02-12T13:00,Brussels,9.2,0.2,0.2,15.2,34.2,51
2026-02-12T14:00,Brussels,9.4,0.2,0.2,17.8,41.0,51
2026-02-12T15:00,Brussels,9.4,0.0,0.0,14.3,40.3,2
2026-02-12T16:00,Brussels,10.3,0.1,0.1,18.0,46.1,51
2026-02-12T17:00,Brussels,9.8,0.4,0.4,16.2,49.0,51
2026-02-12T18:00,Brussels,9.0,0.1,0.1,12.6,34.9,51
2026-02-12T19:00,Brussels,8.4,0.0,0.0,11.9,26.6,2
2026-02-12T20:00,Brussels,8.3,0.2,0.2,11.7,27.0,51
2026-02-12T21:00,Brussels,7.6,0.0,0.0,11.2,25.6,2
2026-02-12T22:00,Brussels,7.3,0.1,0.1,11.4,23.8,51
2026-02-12T23:00,Brussels,7.4,0.2,0.2,10.3,23.8,51
2026-02-13T00:00,Brussels,7.5,1.2,1.2,10.6,21.6,55
2026-02-13T01:00,Brussels,6.9,0.6,0.6,14.3,28.8,53
2026-02-13T02:00,Brussels,6.4,0.3,0.3,11.7,29.2,51
2026-02-13T03:00,Brussels,6.2,0.0,0.0,11.5,24.8,3
2026-02-13T04:00,Brussels,6.1,0.0,0.0,10.1,24.5,3
2026-02-13T05:00,Brussels,5.9,0.0,0.0,7.0,21.2,3
2026-02-13T06:00,Brussels,6.0,0.0,0.0,6.3,14.4,3
2026-02-13T07:00,Brussels,6.1,0.1,0.1,6.7,12.6,51
2026-02-13T08:00,Brussels,6.0,0.2,0.2,0.8,15.8,51
2026-02-13T09:00,Brussels,6.1,0.2,0.2,2.9,7.2,51
2026-02-13T10:00,Brussels,6.3,0.7,0.7,2.2,6.8,53
2026-02-13T11:00,Brussels,6.6,0.3,0.3,5.3,11.9,51
2026-02-13T12:00,Brussels,7.3,0.2,0.2,6.3,17.3,51
2026-02-13T13:00,Brussels,7.8,0.1,0.1,4.8,15.5,51
2026-02-13T14:00,Brussels,7.8,0.0,0.0,3.2,13.3,3
2026-02-13T15:00,Brussels,7.5,0.2,0.2,8.3,19.4,51
2026-02-13T16:00,Brussels,7.0,0.4,0.4,12.2,28.1,51
2026-02-13T17:00,Brussels,6.6,0.2,0.2,10.4,28.8,51
2026-02-13T18:00,Brussels,6.3,0.0,0.0,11.4,25.6,3
2026-02-13T19:00,Brussels,5.9,0.0,0.0,12.1,25.9,3
2026-02-13T20:00,Brussels,5.2,0.0,0.0,13.8,31.3,3
2026-02-13T21:00,Brussels,4.5,0.0,0.0,14.5,32.8,3
2026-02-13T22:00,Brussels,3.6,0.0,0.0,14.0,35.3,3
2026-02-13T23:00,Brussels,3.0,0.0,0.0,12.6,34.9,3
2026-02-14T00:00,Brussels,2.5,0.0,0.0,13.7,35.3,3
2026-02-14T01:00,Brussels,2.1,0.0,0.0,16.2,40.3,3
2026-02-14T02:00,Brussels,1.6,0.0,0.0,17.1,40.7,3
2026-02-14T03:00,Brussels,1.1,0.0,0.0,17.2,40.0,3
2026-02-14T04:00,Brussels,1.0,0.0,0.0,17.0,39.6,3
2026-02-14T05:00,Brussels,1.0,0.0,0.0,16.5,42.1,3
2026-02-14T06:00,Brussels,0.8,0.0,0.0,16.1,41.8,3
2026-02-14T07:00,Brussels,0.2,0.0,0.0,15.8,40.7,3
2026-02-14T08:00,Brussels,0.2,0.0,0.0,14.4,38.9,3
2026-02-14T09:00,Brussels,0.1,0.0,0.0,15.2,37.8,3
2026-02-14T10:00,Brussels,0.2,0.0,0.0,15.9,39.2,3
2026-02-14T11:00,Brussels,0.5,0.0,0.0,17.4,40.3,3
2026-02-14T12:00,Brussels,1.0,0.0,0.0,17.4,41.0,3
2026-02-14T13:00,Brussels,1.3,0.0,0.0,16.6,40.7,3
2026-02-14T14:00,Brussels,1.3,0.0,0.0,17.0,38.9,3
2026-02-14T15:00,Brussels,1.7,0.0,0.0,15.7,39.6,2
2026-02-14T16:00,Brussels,2.5,0.0,0.0,14.4,38.9,1
2026-02-14T17:00,Brussels,2.6,0.0,0.0,11.9,34.9,0
2026-02-14T18:00,Brussels,2.2,0.0,0.0,9.2,28.8,0
2026-02-14T19:00,Brussels,0.9,0.0,0.0,6.1,20.5,0
2026-02-14T20:00,Brussels,0.6,0.0,0.0,7.2,14.0,0
2026-02-14T21:00,Brussels,0.1,0.0,0.0,7.7,16.2,2
2026-02-14T22:00,Brussels,-0.6,0.0,0.0,6.1,15.5,1
2026-02-14T23:00,Brussels,-1.6,0.0,0.0,1.5,12.2,3
2026-02-15T00:00,Brussels,-1.7,0.0,0.0,1.3,2.5,3
2026-02-15T01:00,Brussels,-1.7,0.0,0.0,1.1,2.2,3
2026-02-15T02:00,Brussels,-2.2,0.0,0.0,3.1,6.1,3
2026-02-15T03:00,Brussels,-1.7,0.0,0.0,5.5,10.8,3
2026-02-15T04:00,Brussels,-1.9,0.0,0.0,7.3,14.0,3
2026-02-15T05:00,Brussels,-1.9,0.0,0.0,8.5,16.9,1
2026-02-15T06:00,Brussels,-2.3,0.0,0.0,9.6,19.1,2
2026-02-15T07:00,Brussels,-2.4,0.0,0.0,11.8,23.8,1
2026-02-15T08:00,Brussels,-2.5,0.0,0.0,13.2,24.8,0
2026-02-15T09:00,Brussels,-2.5,0.0,0.0,13.7,28.1,1
2026-02-15T10:00,Brussels,-1.7,0.0,0.0,14.2,30.2,3
2026-02-15T11:00,Brussels,-0.3,0.0,0.0,15.7,38.2,1
2026-02-15T12:00,Brussels,1.3,0.0,0.0,18.4,43.2,3
2026-02-15T13:00,Brussels,2.1,0.0,0.0,18.6,43.6,3
2026-02-15T14:00,Brussels,2.8,0.0,0.0,20.3,47.5,3
2026-02-15T15:00,Brussels,2.9,0.0,0.0,20.2,48.2,3
2026-02-15T16:00,Brussels,2.1,0.4,0.0,18.8,46.1,73
2026-02-15T17:00,Brussels,1.8,0.3,0.0,18.3,42.1,73
2026-02-15T18:00,Brussels,0.8,1.9,0.0,18.1,44.3,75
2026-02-15T19:00,Brussels,0.6,2.4,0.0,18.4,44.3,75
2026-02-15T20:00,Brussels,0.8,1.2,0.1,17.6,39.2,73
2026-02-15T21:00,Brussels,1.1,0.3,0.0,15.3,36.7,73
2026-02-15T22:00,Brussels,1.1,0.5,0.2,13.9,31.7,73
2026-02-15T23:00,Brussels,1.6,0.2,0.2,16.0,32.4,51
2026-02-16T00:00,Brussels,2.2,0.0,0.0,17.7,35.3,3
2026-02-16T01:00,Brussels,3.2,0.0,0.0,20.5,41.8,3
2026-02-16T02:00,Brussels,3.5,0.0,0.0,18.1,43.6,3
2026-02-16T03:00,Brussels,4.6,1.2,1.2,20.5,41.4,55
2026-02-16T04:00,Brussels,4.9,2.3,2.3,17.4,40.3,61
2026-02-16T05:00,Brussels,5.1,0.0,0.0,19.9,39.6,3
2026-02-16T06:00,Brussels,5.0,0.0,0.0,20.2,41.8,0
2026-02-16T07:00,Brussels,4.4,0.0,0.0,17.2,40.3,1
2026-02-16T08:00,Brussels,4.4,0.0,0.0,16.2,33.8,1
2026-02-16T09:00,Brussels,4.0,0.0,0.0,15.4,32.4,1
2026-02-16T10:00,Brussels,4.3,0.0,0.0,16.7,33.1,2
2026-02-16T11:00,Brussels,5.3,0.1,0.1,18.4,40.7,51
2026-02-16T12:00,Brussels,4.6,5.2,2.3,17.0,40.0,75
2026-02-16T13:00,Brussels,4.2,9.6,3.1,15.0,38.5,75
2026-02-16T14:00,Brussels,7.6,0.6,0.6,17.9,36.0,53
2026-02-16T15:00,Brussels,5.8,0.0,0.0,15.4,48.2,1
2026-02-16T16:00,Brussels,7.5,0.0,0.0,17.9,47.2,3
2026-02-16T17:00,Brussels,7.7,0.1,0.1,19.6,51.1,51
2026-02-16T18:00,Brussels,6.1,0.2,0.2,18.1,42.8,51
2026-02-16T19:00,Brussels,3.7,2.6,1.3,16.9,41.0,75
2026-02-16T20:00,Brussels,3.4,3.1,1.5,12.1,35.3,75
2026-02-16T21:00,Brussels,3.5,0.1,0.1,12.6,29.5,51
2026-02-16T22:00,Brussels,3.2,0.0,0.0,13.3,25.9,2
2026-02-16T23:00,Brussels,3.1,0.2,0.2,16.4,32.8,51
2026-02-17T00:00,Brussels,3.2,0.1,0.1,15.3,32.4,51
2026-02-17T01:00,Brussels,2.6,0.0,0.0,13.8,30.6,1
2026-02-17T02:00,Brussels,3.7,0.0,0.0,13.8,27.0,2
2026-02-17T03:00,Brussels,3.5,0.1,0.1,14.8,29.2,51
2026-02-17T04:00,Brussels,3.3,0.1,0.1,15.3,29.9,51
2026-02-17T05:00,Brussels,3.4,0.3,0.3,16.6,32.8,51
2026-02-17T06:00,Brussels,3.9,0.1,0.1,16.5,34.2,51
2026-02-17T07:00,Brussels,4.0,0.0,0.0,18.7,38.5,2
2026-02-17T08:00,Brussels,3.6,0.0,0.0,19.3,39.2,3
2026-02-17T09:00,Brussels,3.9,0.0,0.0,18.6,41.4,3
2026-02-17T10:00,Brussels,3.9,0.0,0.0,18.9,42.1,3
2026-02-17T11:00,Brussels,3.1,0.8,0.8,18.5,42.1,53
2026-02-17T12:00,Brussels,3.5,0.2,0.2,16.6,40.0,51
2026-02-17T13:00,Brussels,4.2,0.5,0.3,15.6,43.2,71
2026-02-17T14:00,Brussels,5.4,0.1,0.1,19.5,48.2,51
2026-02-17T15:00,Brussels,5.5,0.4,0.2,19.2,47.2,71
2026-02-17T16:00,Brussels,5.3,0.2,0.2,21.8,51.5,51
2026-02-17T17:00,Brussels,5.2,0.1,0.1,21.2,48.6,51
2026-02-17T18:00,Brussels,4.5,0.2,0.2,17.5,46.8,51
2026-02-17T19:00,Brussels,3.5,0.0,0.0,14.5,37.8,3
2026-02-17T20:00,Brussels,3.1,0.0,0.0,13.3,31.3,3
2026-02-17T21:00,Brussels,2.5,0.0,0.0,12.5,28.1,3
2026-02-17T22:00,Brussels,2.0,0.0,0.0,11.2,25.9,3
2026-02-17T23:00,Brussels,1.5,0.0,0.0,10.3,22.7,3
2026-02-18T00:00,Brussels,1.2,0.0,0.0,10.2,20.9,3
2026-02-18T01:00,Brussels,0.9,0.0,0.0,9.1,20.5,3
2026-02-18T02:00,Brussels,1.8,0.0,0.0,7.5,18.0,3
2026-02-18T03:00,Brussels,1.1,0.0,0.0,5.3,14.8,3
2026-02-18T04:00,Brussels,0.7,0.0,0.0,5.3,11.9,3
2026-02-18T05:00,Brussels,0.1,0.0,0.0,2.0,10.4,3
2026-02-18T06:00,Brussels,-0.1,0.0,0.0,2.8,5.8,3
2026-02-18T07:00,Brussels,0.2,0.0,0.0,7.4,13.3,3
2026-02-18T08:00,Brussels,0.4,0.0,0.0,10.7,19.4,3
2026-02-18T09:00,Brussels,0.3,0.0,0.0,11.5,23.8,3
2026-02-18T10:00,Brussels,0.6,0.0,0.0,13.3,28.4,3
2026-02-18T11:00,Brussels,1.2,0.0,0.0,15.4,32.4,3
2026-02-18T12:00,Brussels,2.8,0.0,0.0,17.9,41.0,3
2026-02-18T13:00,Brussels,4.1,0.0,0.0,15.3,40.7,3
2026-02-18T14:00,Brussels,4.9,0.0,0.0,17.3,38.2,2
2026-02-18T15:00,Brussels,6.0,0.0,0.0,18.4,43.9,3
2026-02-18T16:00,Brussels,6.4,0.0,0.0,18.3,43.6,3
2026-02-18T17:00,Brussels,6.3,0.0,0.0,20.0,45.7,3
2026-02-18T18:00,Brussels,5.8,0.0,0.0,17.7,45.4,3
2026-02-18T19:00,Brussels,5.1,0.0,0.0,18.8,41.4,3
2026-02-18T20:00,Brussels,4.8,0.0,0.0,20.3,42.1,3
2026-02-18T21:00,Brussels,4.7,0.0,0.0,20.7,45.7,3
2026-02-18T22:00,Brussels,4.5,0.1,0.1,20.6,45.4,51
2026-02-18T23:00,Brussels,2.4,1.3,1.1,20.0,46.8,71
2026-02-19T00:00,Brussels,2.2,2.0,1.8,21.4,43.9,71
2026-02-19T01:00,Brussels,2.5,0.6,0.6,21.0,43.9,53
2026-02-19T02:00,Brussels,2.6,0.7,0.7,20.4,42.5,53
2026-02-19T03:00,Brussels,2.8,0.5,0.5,18.9,41.4,53
2026-02-19T04:00,Brussels,3.2,1.8,1.8,17.7,38.2,61
2026-02-19T05:00,Brussels,3.5,1.3,1.3,18.0,37.1,61
2026-02-19T06:00,Brussels,3.9,1.2,1.2,16.7,36.4,55
2026-02-19T07:00,Brussels,3.9,1.1,1.1,16.5,33.8,55
2026-02-19T08:00,Brussels,3.7,1.5,1.5,16.4,32.8,61
2026-02-19T09:00,Brussels,3.8,0.1,0.1,15.3,32.4,51
2026-02-19T10:00,Brussels,3.9,0.0,0.0,15.2,31.0,3
2026-02-19T11:00,Brussels,4.9,0.0,0.0,14.4,34.9,3
2026-02-19T12:00,Brussels,6.1,0.0,0.0,13.8,34.2,3
2026-02-19T13:00,Brussels,7.6,0.0,0.0,13.7,34.2,3
2026-02-19T14:00,Brussels,6.3,0.0,0.0,15.1,32.4,3
2026-02-19T15:00,Brussels,7.6,0.0,0.0,14.5,34.6,3
2026-02-19T16:00,Brussels,8.3,0.1,0.1,14.3,34.2,51
2026-02-19T17:00,Brussels,8.1,0.0,0.0,10.6,33.1,3
2026-02-19T18:00,Brussels,7.4,0.0,0.0,10.9,24.5,3
2026-02-19T19:00,Brussels,6.3,0.0,0.0,11.7,25.2,3
2026-02-19T20:00,Brussels,6.1,0.0,0.0,9.7,25.2,3
2026-02-19T21:00,Brussels,6.1,0.0,0.0,9.2,20.5,3
2026-02-19T22:00,Brussels,5.7,0.0,0.0,7.2,19.4,3
2026-02-19T23:00,Brussels,5.4,0.0,0.0,5.6,14.8,3
2026-02-20T00:00,Brussels,5.1,0.0,0.0,6.7,13.3,2
2026-02-20T01:00,Brussels,4.7,0.0,0.0,2.6,13.7,3
2026-02-20T02:00,Brussels,5.0,0.0,0.0,1.5,7.2,3
2026-02-20T03:00,Brussels,5.1,0.0,0.0,5.5,10.8,3
2026-02-20T04:00,Brussels,5.2,0.0,0.0,6.4,13.3,3
2026-02-20T05:00,Brussels,5.1,0.0,0.0,8.0,16.6,3
2026-02-20T06:00,Brussels,5.2,0.0,0.0,9.3,19.4,3
2026-02-20T07:00,Brussels,5.4,0.1,0.1,10.8,23.4,51
2026-02-20T08:00,Brussels,5.1,0.1,0.1,11.2,23.8,51
2026-02-20T09:00,Brussels,4.9,0.0,0.0,10.8,24.1,3
2026-02-20T10:00,Brussels,5.0,0.0,0.0,10.8,24.1,3
2026-02-20T11:00,Brussels,5.5,0.0,0.0,12.3,27.7,3
2026-02-20T12:00,Brussels,6.0,0.0,0.0,13.1,32.0,3
2026-02-20T13:00,Brussels,6.8,0.0,0.0,12.8,31.3,3
2026-02-20T14:00,Brussels,7.6,0.0,0.0,19.2,40.3,3
2026-02-20T15:00,Brussels,7.5,0.0,0.0,16.2,41.4,3
2026-02-20T16:00,Brussels,8.9,0.0,0.0,20.2,47.5,3
2026-02-20T17:00,Brussels,9.0,0.0,0.0,15.2,45.4,3
2026-02-20T18:00,Brussels,8.7,0.0,0.0,17.0,37.1,3
2026-02-20T19:00,Brussels,8.5,0.0,0.0,19.1,41.4,3
2026-02-20T20:00,Brussels,8.3,0.4,0.4,20.9,45.4,51
2026-02-20T21:00,Brussels,8.4,0.1,0.1,23.2,49.7,51
2026-02-20T22:00,Brussels,8.4,0.1,0.1,25.6,56.9,51
2026-02-20T23:00,Brussels,8.8,0.0,0.0,26.5,59.8,2
2026-02-21T00:00,Brussels,7.8,1.1,1.1,23.8,58.3,55
2026-02-21T01:00,Brussels,8.3,0.0,0.0,21.2,50.0,3
2026-02-21T02:00,Brussels,9.0,0.0,0.0,20.2,45.0,3
2026-02-21T03:00,Brussels,8.8,0.0,0.0,18.6,43.2,3
2026-02-21T04:00,Brussels,8.3,0.0,0.0,18.3,40.3,3
2026-02-21T05:00,Brussels,8.1,0.0,0.0,17.7,39.2,3
2026-02-21T06:00,Brussels,8.1,0.0,0.0,16.8,37.8,3
2026-02-21T07:00,Brussels,8.0,0.1,0.1,15.9,36.0,51
2026-02-21T08:00,Brussels,8.2,0.1,0.1,15.6,33.8,51
2026-02-21T09:00,Brussels,8.0,1.3,1.3,13.5,34.6,61
2026-02-21T10:00,Brussels,7.8,1.3,1.3,10.6,26.3,61
2026-02-21T11:00,Brussels,8.0,1.4,1.4,10.1,20.9,61
2026-02-21T12:00,Brussels,9.4,0.8,0.8,20.6,40.7,53
2026-02-21T13:00,Brussels,10.1,0.4,0.4,19.0,42.1,51
2026-02-21T14:00,Brussels,10.4,0.2,0.2,18.7,42.1,51
2026-02-21T15:00,Brussels,11.0,0.0,0.0,18.3,41.4,3
2026-02-21T16:00,Brussels,12.4,0.1,0.1,22.7,51.8,51
2026-02-21T17:00,Brussels,11.7,0.0,0.0,24.1,57.6,3
2026-02-21T18:00,Brussels,11.2,0.0,0.0,18.6,49.0,3
2026-02-21T19:00,Brussels,11.0,0.0,0.0,17.2,41.0,3
2026-02-21T20:00,Brussels,10.5,0.4,0.4,18.5,40.7,51
2026-02-21T21:00,Brussels,10.6,0.8,0.8,20.2,40.0,53
2026-02-21T22:00,Brussels,11.1,0.0,0.0,22.5,46.4,3
2026-02-21T23:00,Brussels,11.4,0.0,0.0,20.9,46.4,3
2026-02-22T00:00,Brussels,11.3,0.8,0.8,19.6,43.6,53
2026-02-22T01:00,Brussels,11.2,1.5,1.5,18.9,40.0,61
2026-02-22T02:00,Brussels,11.2,0.9,0.9,19.8,41.0,53
2026-02-22T03:00,Brussels,11.2,0.2,0.2,20.3,41.4,51
2026-02-22T04:00,Brussels,11.1,0.2,0.2,21.6,43.6,51
2026-02-22T05:00,Brussels,11.1,0.1,0.1,22.4,46.4,51
2026-02-22T06:00,Brussels,11.2,0.1,0.1,23.2,47.9,51
2026-02-22T07:00,Brussels,11.3,0.1,0.1,23.7,51.5,51
2026-02-22T08:00,Brussels,11.4,0.2,0.2,21.7,49.7,51
2026-02-22T09:00,Brussels,11.4,0.0,0.0,21.9,46.8,3
2026-02-22T10:00,Brussels,11.3,0.3,0.3,22.7,48.2,51
2026-02-22T11:00,Brussels,11.3,0.5,0.5,24.3,50.8,53
2026-02-22T12:00,Brussels,11.3,1.3,1.3,24.6,51.5,61
2026-02-22T13:00,Brussels,11.7,0.7,0.7,25.5,52.6,53
2026-02-22T14:00,Brussels,11.6,1.2,1.2,23.5,52.9,55
2026-02-22T15:00,Brussels,11.8,0.5,0.5,23.0,50.0,53
2026-02-22T16:00,Brussels,11.5,0.4,0.4,21.5,48.2,51
2026-02-22T17:00,Brussels,11.0,1.8,1.8,21.3,45.0,61
2026-02-22T18:00,Brussels,10.6,3.1,3.1,22.4,45.4,63
2026-02-22T19:00,Brussels,10.4,0.9,0.9,21.1,46.1,53
2026-02-22T20:00,Brussels,10.5,0.1,0.1,19.8,44.3,51
2026-02-22T21:00,Brussels,10.7,0.0,0.0,20.6,42.8,3
2026-02-22T22:00,Brussels,10.7,0.1,0.1,21.0,44.6,51
2026-02-22T23:00,Brussels,10.5,0.1,0.1,22.3,47.2,51
2026-02-23T00:00,Brussels,9.8,0.0,0.0,18.2,47.2,3
2026-02-23T01:00,Brussels,9.1,0.0,0.0,18.9,40.3,3
2026-02-23T02:00,Brussels,8.9,0.0,0.0,18.1,40.7,0
2026-02-23T03:00,Brussels,8.5,0.0,0.0,17.8,38.5,3
2026-02-23T04:00,Brussels,8.1,0.0,0.0,18.6,39.6,3
2026-02-23T05:00,Brussels,8.2,0.0,0.0,19.0,41.0,3
2026-02-23T06:00,Brussels,8.4,0.0,0.0,19.4,42.5,3
2026-02-23T07:00,Brussels,8.2,0.0,0.0,18.8,42.1,3
2026-02-23T08:00,Brussels,8.4,0.0,0.0,19.4,41.4,3
2026-02-23T09:00,Brussels,8.3,0.0,0.0,19.9,43.2,3
2026-02-23T10:00,Brussels,8.6,0.3,0.3,23.9,51.5,51
2026-02-23T11:00,Brussels,8.9,0.2,0.2,25.6,54.0,51
2026-02-23T12:00,Brussels,9.0,0.4,0.4,29.8,63.4,51
2026-02-23T13:00,Brussels,10.2,0.3,0.3,27.7,70.6,51
2026-02-23T14:00,Brussels,11.5,0.0,0.0,28.3,65.9,2
2026-02-23T15:00,Brussels,11.8,0.4,0.4,27.4,64.8,51
2026-02-23T16:00,Brussels,11.6,0.2,0.2,26.8,61.9,51
2026-02-23T17:00,Brussels,10.6,0.0,0.0,21.7,60.1,3
2026-02-23T18:00,Brussels,10.4,0.3,0.3,23.5,51.5,51
2026-02-23T19:00,Brussels,10.2,0.0,0.0,18.4,49.3,3
2026-02-23T20:00,Brussels,9.9,0.1,0.1,18.0,39.6,51
2026-02-23T21:00,Brussels,9.6,0.2,0.2,18.1,39.6,51
2026-02-23T22:00,Brussels,9.5,0.3,0.3,18.3,39.2,51
2026-02-23T23:00,Brussels,9.4,0.3,0.3,15.9,38.9,51
2026-02-24T00:00,Brussels,9.4,0.2,0.2,14.0,32.8,51
2026-02-24T01:00,Brussels,9.5,0.4,0.4,14.3,29.2,51
2026-02-24T02:00,Brussels,9.2,0.2,0.2,12.2,31.0,51
2026-02-24T03:00,Brussels,9.4,0.1,0.1,11.8,23.8,51
2026-02-24T04:00,Brussels,9.7,0.1,0.1,11.5,23.4,51
2026-02-24T05:00,Brussels,10.1,0.0,0.0,12.7,25.2,3
2026-02-24T06:00,Brussels,10.4,0.0,0.0,14.3,28.4,3
2026-02-24T07:00,Brussels,10.4,0.0,0.0,12.8,28.4,3
2026-02-24T08:00,Brussels,10.2,0.0,0.0,9.3,24.8,3
2026-02-24T09:00,Brussels,10.2,0.0,0.0,9.6,18.0,3
2026-02-24T10:00,Brussels,10.6,0.0,0.0,11.2,22.0,3
2026-02-24T11:00,Brussels,11.1,0.0,0.0,10.3,22.3,3
2026-02-24T12:00,Brussels,11.7,0.0,0.0,9.0,22.3,3
2026-02-24T13:00,Brussels,12.2,0.0,0.0,8.0,20.9,3
2026-02-24T14:00,Brussels,12.3,0.1,0.1,10.6,20.2,51
2026-02-24T15:00,Brussels,12.4,0.0,0.0,9.6,24.5,3
2026-02-24T16:00,Brussels,12.8,0.0,0.0,8.7,22.3,3
2026-02-24T17:00,Brussels,13.2,0.0,0.0,8.2,21.2,3
2026-02-24T18:00,Brussels,13.2,0.0,0.0,4.6,20.5,3
2026-02-24T19:00,Brussels,12.8,0.0,0.0,5.1,10.1,3
2026-02-24T20:00,Brussels,12.3,0.0,0.0,6.2,14.0,3
2026-02-24T21:00,Brussels,12.0,0.0,0.0,8.1,15.8,3
2026-02-24T22:00,Brussels,12.0,0.0,0.0,8.5,17.6,3
2026-02-24T23:00,Brussels,12.1,0.0,0.0,8.4,16.9,3
2026-02-25T00:00,Brussels,11.5,0.0,0.0,9.1,18.0,1
2026-02-25T01:00,Brussels,10.7,0.0,0.0,9.4,18.4,0
2026-02-25T02:00,Brussels,10.9,0.0,0.0,9.9,19.1,0
2026-02-25T03:00,Brussels,10.3,0.0,0.0,9.9,19.4,0
2026-02-25T04:00,Brussels,9.8,0.0,0.0,9.7,19.4,0
2026-02-25T05:00,Brussels,9.4,0.0,0.0,9.6,19.1,0
2026-02-25T06:00,Brussels,9.1,0.0,0.0,9.0,18.7,0
2026-02-25T07:00,Brussels,8.9,0.0,0.0,10.2,19.1,0
2026-02-25T08:00,Brussels,9.0,0.0,0.0,11.4,22.0,0
2026-02-25T09:00,Brussels,8.9,0.0,0.0,11.5,21.2,0
2026-02-25T10:00,Brussels,10.2,0.0,0.0,12.5,23.8,0
2026-02-25T11:00,Brussels,12.1,0.0,0.0,9.9,24.5,0
2026-02-25T12:00,Brussels,13.8,0.0,0.0,8.4,21.2,0
2026-02-25T13:00,Brussels,15.7,0.0,0.0,8.9,23.0,0
2026-02-25T14:00,Brussels,17.3,0.0,0.0,8.3,23.8,1
2026-02-25T15:00,Brussels,18.2,0.0,0.0,9.2,23.4,1
2026-02-25T16:00,Brussels,18.5,0.0,0.0,9.9,24.5,0
2026-02-25T17:00,Brussels,18.4,0.0,0.0,9.7,24.1,0
2026-02-25T18:00,Brussels,17.6,0.0,0.0,8.7,22.7,0
2026-02-25T19:00,Brussels,15.8,0.0,0.0,9.0,18.0,0
2026-02-25T20:00,Brussels,15.0,0.0,0.0,10.8,20.9,0
2026-02-25T21:00,Brussels,14.1,0.0,0.0,11.7,23.0,1
2026-02-25T22:00,Brussels,13.3,0.0,0.0,13.2,25.9,0
2026-02-25T23:00,Brussels,12.9,0.0,0.0,13.6,27.4,0
2026-02-26T00:00,Brussels,12.4,0.0,0.0,13.6,27.4,0
2026-02-26T01:00,Brussels,12.1,0.0,0.0,13.2,27.0,2
2026-02-26T02:00,Brussels,11.9,0.0,0.0,13.5,27.7,3
2026-02-26T03:00,Brussels,11.7,0.0,0.0,13.6,27.0,0
2026-02-26T04:00,Brussels,11.6,0.0,0.0,14.1,28.1,0
2026-02-26T05:00,Brussels,11.1,0.0,0.0,14.0,28.4,0
2026-02-26T06:00,Brussels,10.5,0.0,0.0,13.1,28.1,0
2026-02-26T07:00,Brussels,9.9,0.0,0.0,12.9,26.3,0
2026-02-26T08:00,Brussels,9.6,0.0,0.0,10.8,25.9,0
2026-02-26T09:00,Brussels,9.2,0.0,0.0,10.9,21.6,0
2026-02-26T10:00,Brussels,10.0,0.0,0.0,10.5,23.0,0
2026-02-26T11:00,Brussels,11.5,0.0,0.0,9.7,22.7,0
2026-02-26T12:00,Brussels,13.2,0.0,0.0,10.4,25.6,3
2026-02-26T13:00,Brussels,14.8,0.0,0.0,12.2,30.2,3
2026-02-26T14:00,Brussels,15.9,0.0,0.0,11.1,30.2,1
2026-02-26T15:00,Brussels,16.8,0.0,0.0,15.1,35.6,3
2026-02-26T16:00,Brussels,17.0,0.0,0.0,18.0,41.4,1
2026-02-26T17:00,Brussels,16.8,0.0,0.0,18.3,42.1,1
2026-02-26T18:00,Brussels,16.2,0.0,0.0,16.4,41.8,1
2026-02-26T19:00,Brussels,15.0,0.0,0.0,15.3,36.0,3
2026-02-26T20:00,Brussels,14.0,0.0,0.0,13.6,32.4,3
2026-02-26T21:00,Brussels,13.3,0.0,0.0,15.0,30.6,0
2026-02-26T22:00,Brussels,13.1,0.0,0.0,17.6,37.1,2
2026-02-26T23:00,Brussels,12.7,0.0,0.0,17.8,38.2,1
2026-02-27T00:00,Brussels,12.1,0.0,0.0,17.5,37.8,2
2026-02-27T01:00,Brussels,11.7,0.0,0.0,17.5,37.4,3
2026-02-27T02:00,Brussels,11.5,0.0,0.0,17.0,37.1,3
2026-02-27T03:00,Brussels,11.2,0.0,0.0,15.6,35.6,3
2026-02-27T04:00,Brussels,10.8,0.0,0.0,14.4,32.8,3
2026-02-27T05:00,Brussels,10.4,0.0,0.0,13.6,29.9,1
2026-02-27T06:00,Brussels,10.1,0.0,0.0,14.3,29.2,0
2026-02-27T07:00,Brussels,10.1,0.0,0.0,15.4,32.0,0
2026-02-27T08:00,Brussels,10.4,0.0,0.0,16.0,35.3,0
2026-02-27T09:00,Brussels,10.5,0.0,0.0,16.5,34.6,0
2026-02-27T10:00,Brussels,11.4,0.0,0.0,17.0,36.0,0
2026-02-27T11:00,Brussels,12.6,0.0,0.0,14.8,37.1,0
2026-02-27T12:00,Brussels,13.7,0.0,0.0,17.3,39.2,2
2026-02-27T13:00,Brussels,14.1,0.1,0.1,19.4,45.0,51
2026-02-27T14:00,Brussels,14.7,0.0,0.0,17.8,45.0,3
2026-02-27T15:00,Brussels,14.4,0.8,0.8,16.7,42.5,53
2026-02-27T16:00,Brussels,14.4,0.0,0.0,15.8,39.2,3
2026-02-27T17:00,Brussels,14.4,0.0,0.0,14.4,34.9,3
2026-02-27T18:00,Brussels,13.7,0.4,0.4,16.5,34.6,51
2026-02-27T19:00,Brussels,12.5,0.8,0.8,16.9,36.4,53
2026-02-27T20:00,Brussels,11.7,0.2,0.2,16.1,34.9,51
2026-02-27T21:00,Brussels,11.9,0.0,0.0,17.2,35.6,3
2026-02-27T22:00,Brussels,11.6,0.0,0.0,17.7,37.4,3
2026-02-27T23:00,Brussels,11.4,1.0,1.0,19.3,39.6,55
2026-02-28T00:00,Brussels,11.2,1.1,1.1,19.3,39.6,55
2026-02-28T01:00,Brussels,11.2,0.5,0.5,19.2,39.2,53
2026-02-28T02:00,Brussels,11.3,0.1,0.1,18.1,38.9,51
2026-02-28T03:00,Brussels,11.3,0.0,0.0,18.6,39.2,3
2026-02-28T04:00,Brussels,10.7,0.0,0.0,18.3,40.0,3
2026-02-28T05:00,Brussels,10.1,0.0,0.0,19.0,41.0,3
2026-02-28T06:00,Brussels,9.8,0.0,0.0,20.0,43.6,3
2026-02-28T07:00,Brussels,9.5,0.0,0.0,20.4,44.6,3
2026-02-28T08:00,Brussels,10.1,0.0,0.0,19.5,44.6,3
2026-02-28T09:00,Brussels,9.8,0.0,0.0,20.7,45.4,2
2026-02-28T10:00,Brussels,10.0,0.0,0.0,22.9,50.8,0
2026-02-28T11:00,Brussels,10.4,0.0,0.0,27.2,65.9,3
2026-02-28T12:00,Brussels,10.3,0.0,0.0,29.8,66.6,3
2026-02-28T13:00,Brussels,10.4,0.0,0.0,33.7,77.0,3
2026-02-28T14:00,Brussels,10.7,0.1,0.1,30.1,79.9,51
2026-02-28T15:00,Brussels,9.5,0.1,0.1,25.7,67.3,51
2026-02-28T16:00,Brussels,9.2,0.2,0.2,25.3,68.0,51
2026-02-28T17:00,Brussels,9.1,0.1,0.1,22.7,60.5,51
2026-02-28T18:00,Brussels,9.6,0.0,0.0,20.2,51.8,1
2026-02-28T19:00,Brussels,9.0,0.0,0.0,16.3,46.1,1
2026-02-28T20:00,Brussels,8.5,0.0,0.0,14.0,35.3,1
2026-02-28T21:00,Brussels,7.8,0.0,0.0,15.7,33.8,0
2026-02-28T22:00,Brussels,6.8,0.0,0.0,14.8,33.8,0
2026-02-28T23:00,Brussels,6.1,0.0,0.0,13.6,31.7,0
2026-03-01T00:00,Brussels,5.6,0.0,0.0,13.3,28.4,0
2026-03-01T01:00,Brussels,5.2,0.0,0.0,13.1,27.4,0
2026-03-01T02:00,Brussels,5.1,0.0,0.0,12.8,26.6,1
2026-03-01T03:00,Brussels,4.8,0.0,0.0,11.9,25.6,3
2026-03-01T04:00,Brussels,4.7,0.0,0.0,11.4,23.8,0
2026-03-01T05:00,Brussels,4.6,0.0,0.0,11.0,23.0,1
2026-03-01T06:00,Brussels,4.4,0.0,0.0,11.8,23.4,0
2026-03-01T07:00,Brussels,4.4,0.0,0.0,13.0,25.6,0
2026-03-01T08:00,Brussels,4.9,0.0,0.0,14.0,27.0,0
2026-03-01T09:00,Brussels,5.3,0.0,0.0,15.5,31.3,0
2026-03-01T10:00,Brussels,6.6,0.0,0.0,16.3,33.8,2
2026-03-01T11:00,Brussels,7.8,0.0,0.0,15.0,34.6,2
2026-03-01T12:00,Brussels,9.2,0.0,0.0,15.8,36.7,0
2026-03-01T13:00,Brussels,10.6,0.0,0.0,18.3,42.8,1
2026-03-01T14:00,Brussels,11.8,0.0,0.0,24.7,47.9,3
2026-03-01T15:00,Brussels,11.1,0.0,0.0,20.1,55.1,3
2026-03-01T16:00,Brussels,11.1,0.0,0.0,18.4,46.1,3
2026-03-01T17:00,Brussels,11.9,0.0,0.0,18.5,46.1,3
2026-03-01T18:00,Brussels,11.4,0.0,0.0,16.2,41.0,3
2026-03-01T19:00,Brussels,10.9,0.0,0.0,15.3,35.3,3
2026-03-01T20:00,Brussels,10.6,0.0,0.0,14.2,33.1,3
2026-03-01T21:00,Brussels,10.2,0.0,0.0,14.2,31.0,3
2026-03-01T22:00,Brussels,9.9,0.0,0.0,14.2,30.6,3
2026-03-01T23:00,Brussels,9.8,0.0,0.0,14.2,30.6,1
2026-03-02T00:00,Brussels,8.8,0.0,0.0,13.1,30.2,1
2026-03-02T01:00,Brussels,8.2,0.0,0.0,12.5,27.4,0
2026-03-02T02:00,Brussels,7.7,0.0,0.0,12.2,25.2,0
2026-03-02T03:00,Brussels,7.3,0.0,0.0,11.9,24.1,0
2026-03-02T04:00,Brussels,7.1,0.0,0.0,12.4,24.8,0
2026-03-02T05:00,Brussels,6.9,0.0,0.0,13.1,26.3,0
2026-03-02T06:00,Brussels,6.7,0.0,0.0,13.2,26.6,0
2026-03-02T07:00,Brussels,6.4,0.0,0.0,13.2,26.6,0
2026-03-02T08:00,Brussels,6.5,0.0,0.0,13.5,27.4,0
2026-03-02T09:00,Brussels,6.7,0.0,0.0,13.5,27.4,0
2026-03-02T10:00,Brussels,8.0,0.0,0.0,13.2,27.4,0
2026-03-02T11:00,Brussels,9.8,0.0,0.0,10.9,27.7,0
2026-03-02T12:00,Brussels,11.6,0.0,0.0,11.4,27.7,0
2026-03-02T13:00,Brussels,13.2,0.0,0.0,11.4,28.4,0
2026-03-02T14:00,Brussels,15.0,0.0,0.0,11.7,31.0,0
2026-03-02T15:00,Brussels,15.6,0.0,0.0,12.1,29.9,0
2026-03-02T16:00,Brussels,15.8,0.0,0.0,11.9,29.9,0
2026-03-02T17:00,Brussels,15.8,0.0,0.0,10.8,28.1,0
2026-03-02T18:00,Brussels,15.1,0.0,0.0,7.6,24.5,0
2026-03-02T19:00,Brussels,13.3,0.0,0.0,7.1,16.2,0
2026-03-02T20:00,Brussels,12.4,0.0,0.0,8.6,16.6,0
2026-03-02T21:00,Brussels,11.7,0.0,0.0,8.7,16.6,0
2026-03-02T22:00,Brussels,10.9,0.0,0.0,8.9,16.9,0
2026-03-02T23:00,Brussels,10.2,0.0,0.0,9.3,17.6,0
2026-03-03T00:00,Brussels,9.6,0.0,0.0,9.4,18.7,0
2026-03-03T01:00,Brussels,9.0,0.0,0.0,9.0,18.4,0
2026-03-03T02:00,Brussels,8.6,0.0,0.0,9.5,18.0,0
2026-03-03T03:00,Brussels,8.1,0.0,0.0,9.1,18.0,0
2026-03-03T04:00,Brussels,7.8,0.0,0.0,9.4,17.6,0
2026-03-03T05:00,Brussels,7.5,0.0,0.0,9.8,18.7,0
2026-03-03T06:00,Brussels,7.1,0.0,0.0,9.4,18.7,0
2026-03-03T07:00,Brussels,6.7,0.0,0.0,9.1,18.4,0
2026-03-03T08:00,Brussels,6.6,0.0,0.0,7.9,17.3,0
2026-03-03T09:00,Brussels,6.3,0.0,0.0,7.5,15.1,0
2026-03-03T10:00,Brussels,7.6,0.0,0.0,6.1,14.0,0
2026-03-03T11:00,Brussels,9.7,0.0,0.0,2.8,11.9,0
2026-03-03T12:00,Brussels,11.8,0.0,0.0,2.4,11.5,0
2026-03-03T13:00,Brussels,13.5,0.0,0.0,2.6,12.2,0
2026-03-03T14:00,Brussels,15.1,0.0,0.0,1.1,12.6,0
2026-03-03T15:00,Brussels,16.1,0.0,0.0,0.9,10.1,0
2026-03-03T16:00,Brussels,16.4,0.0,0.0,1.3,9.7,0
2026-03-03T17:00,Brussels,16.3,0.0,0.0,2.7,10.1,0
2026-03-03T18:00,Brussels,15.8,0.0,0.0,2.8,10.1,0
2026-03-03T19:00,Brussels,13.8,0.0,0.0,3.8,6.8,0
2026-03-03T20:00,Brussels,12.9,0.0,0.0,5.5,9.0,0
2026-03-03T21:00,Brussels,12.5,0.0,0.0,8.1,15.1,0
2026-03-03T22:00,Brussels,11.2,0.0,0.0,9.1,17.6,0
2026-03-03T23:00,Brussels,10.3,0.0,0.0,8.6,17.6,0
2026-03-04T00:00,Brussels,9.9,0.0,0.0,8.4,16.6,0
2026-03-04T01:00,Brussels,9.4,0.0,0.0,8.6,16.9,0
2026-03-04T02:00,Brussels,8.9,0.0,0.0,7.9,16.6,0
2026-03-04T03:00,Brussels,8.1,0.0,0.0,6.9,15.1,0
2026-03-04T04:00,Brussels,7.4,0.0,0.0,7.1,13.7,0
2026-03-04T05:00,Brussels,6.7,0.0,0.0,6.6,13.7,0
2026-03-04T06:00,Brussels,6.3,0.0,0.0,6.5,12.6,0
2026-03-04T07:00,Brussels,5.8,0.0,0.0,7.1,13.7,0
2026-03-04T08:00,Brussels,5.2,0.0,0.0,7.4,14.0,0
2026-03-04T09:00,Brussels,5.0,0.0,0.0,7.3,14.0,0
2026-03-04T10:00,Brussels,6.4,0.0,0.0,6.3,14.0,0
2026-03-04T11:00,Brussels,9.1,0.0,0.0,3.8,13.3,0
2026-03-04T12:00,Brussels,11.9,0.0,0.0,1.6,12.2,2
2026-03-04T13:00,Brussels,14.1,0.0,0.0,1.5,11.2,3
2026-03-04T14:00,Brussels,15.3,0.0,0.0,2.2,11.2,3
2026-03-04T15:00,Brussels,16.1,0.0,0.0,2.7,12.6,1
2026-03-04T16:00,Brussels,16.4,0.0,0.0,4.0,14.0,1
2026-03-04T17:00,Brussels,16.3,0.0,0.0,5.5,15.1,1
2026-03-04T18:00,Brussels,15.6,0.0,0.0,6.2,15.8,2
2026-03-04T19:00,Brussels,14.0,0.0,0.0,6.6,13.3,3
2026-03-04T20:00,Brussels,13.1,0.0,0.0,7.9,14.4,3
2026-03-04T21:00,Brussels,12.4,0.0,0.0,9.9,18.4,3
2026-03-04T22:00,Brussels,11.5,0.0,0.0,11.3,22.3,3
2026-03-04T23:00,Brussels,10.8,0.0,0.0,11.2,22.3,3
2026-03-05T00:00,Brussels,10.2,0.0,0.0,11.0,22.3,2
2026-03-05T01:00,Brussels,9.4,0.0,0.0,10.8,21.6,1
2026-03-05T02:00,Brussels,9.4,0.0,0.0,11.2,21.6,1
2026-03-05T03:00,Brussels,8.9,0.0,0.0,11.6,22.7,3
2026-03-05T04:00,Brussels,8.3,0.0,0.0,11.8,23.4,2
2026-03-05T05:00,Brussels,7.8,0.0,0.0,12.1,23.8,1
2026-03-05T06:00,Brussels,7.5,0.0,0.0,12.1,24.1,0
2026-03-05T07:00,Brussels,7.2,0.0,0.0,11.8,24.1,0
2026-03-05T08:00,Brussels,7.1,0.0,0.0,11.5,23.4,0
2026-03-05T09:00,Brussels,7.1,0.0,0.0,11.3,22.3,0
2026-03-05T10:00,Brussels,8.7,0.0,0.0,11.2,23.0,0
2026-03-05T11:00,Brussels,10.9,0.0,0.0,8.4,23.0,0
2026-03-05T12:00,Brussels,13.0,0.0,0.0,7.7,20.2,0
2026-03-05T13:00,Brussels,15.0,0.0,0.0,6.7,20.2,0
2026-03-05T14:00,Brussels,16.7,0.0,0.0,6.2,19.1,0
2026-03-05T15:00,Brussels,17.8,0.0,0.0,7.3,19.8,0
2026-03-05T16:00,Brussels,18.2,0.0,0.0,8.5,21.2,0
2026-03-05T17:00,Brussels,18.3,0.0,0.0,8.7,21.6,0
2026-03-05T18:00,Brussels,17.6,0.0,0.0,6.9,20.2,0
2026-03-05T19:00,Brussels,15.8,0.0,0.0,8.3,15.8,0
2026-03-05T20:00,Brussels,14.5,0.0,0.0,10.3,19.4,3
2026-03-05T21:00,Brussels,13.8,0.0,0.0,11.3,22.0,3
2026-03-05T22:00,Brussels,13.3,0.0,0.0,12.5,24.5,0
2026-03-05T23:00,Brussels,12.5,0.0,0.0,11.6,24.8,1
2026-03-06T00:00,Brussels,11.7,0.0,0.0,11.5,23.0,1
2026-03-06T01:00,Brussels,11.1,0.0,0.0,11.1,22.7,0
2026-03-06T02:00,Brussels,10.9,0.0,0.0,10.9,22.0,3
2026-03-06T03:00,Brussels,10.4,0.0,0.0,9.9,21.2,3
2026-03-06T04:00,Brussels,10.0,0.0,0.0,9.4,19.4,3
2026-03-06T05:00,Brussels,9.7,0.0,0.0,9.2,18.4,3
2026-03-06T06:00,Brussels,9.2,0.0,0.0,8.6,18.0,1
2026-03-06T07:00,Brussels,8.7,0.0,0.0,7.8,16.6,2
2026-03-06T08:00,Brussels,8.3,0.0,0.0,5.4,15.1,0
2026-03-06T09:00,Brussels,8.4,0.0,0.0,4.9,10.1,1
2026-03-06T10:00,Brussels,9.6,0.0,0.0,6.1,12.6,2
2026-03-06T11:00,Brussels,12.0,0.0,0.0,4.4,13.0,0
2026-03-06T12:00,Brussels,14.6,0.0,0.0,2.5,12.2,0
2026-03-06T13:00,Brussels,16.4,0.0,0.0,3.1,12.6,0
2026-03-06T14:00,Brussels,16.8,0.0,0.0,2.8,14.0,0
2026-03-06T15:00,Brussels,17.4,0.0,0.0,5.6,17.3,1
2026-03-06T16:00,Brussels,17.5,0.0,0.0,5.1,18.0,3
2026-03-06T17:00,Brussels,17.4,0.0,0.0,4.5,15.5,3
2026-03-06T18:00,Brussels,16.8,0.0,0.0,4.3,13.7,2
2026-03-06T19:00,Brussels,15.0,0.0,0.0,3.1,9.4,3
2026-03-06T20:00,Brussels,13.8,0.0,0.0,2.2,5.0,3
2026-03-06T21:00,Brussels,13.7,0.0,0.0,2.5,4.3,3
2026-03-06T22:00,Brussels,13.4,0.0,0.0,3.0,5.8,3
2026-03-06T23:00,Brussels,12.8,0.0,0.0,6.6,12.6,1
2026-03-07T00:00,Brussels,11.5,0.0,0.0,7.5,14.8,0
2026-03-07T01:00,Brussels,10.4,0.0,0.0,6.0,14.8,1
2026-03-07T02:00,Brussels,10.0,0.0,0.0,6.2,13.3,0
2026-03-07T03:00,Brussels,9.5,0.0,0.0,6.1,12.2,0
2026-03-07T04:00,Brussels,8.8,0.0,0.0,6.6,12.6,0
2026-03-07T05:00,Brussels,8.3,0.0,0.0,6.7,13.3,1
2026-03-07T06:00,Brussels,7.8,0.0,0.0,7.0,13.3,0
2026-03-07T07:00,Brussels,7.4,0.0,0.0,7.0,14.0,0
2026-03-07T08:00,Brussels,7.3,0.0,0.0,6.9,13.7,0
2026-03-07T09:00,Brussels,7.4,0.0,0.0,6.2,13.0,1
2026-03-07T10:00,Brussels,8.5,0.0,0.0,6.5,16.9,2
2026-03-07T11:00,Brussels,9.8,0.0,0.0,5.5,16.6,0
2026-03-07T12:00,Brussels,11.6,0.0,0.0,5.1,17.3,2
2026-03-07T13:00,Brussels,13.1,0.0,0.0,5.8,18.7,2
2026-03-07T14:00,Brussels,12.5,0.0,0.0,6.4,20.5,1
2026-03-07T15:00,Brussels,13.5,0.0,0.0,9.1,25.2,3
2026-03-07T16:00,Brussels,14.1,0.0,0.0,7.9,25.6,3
2026-03-07T17:00,Brussels,14.5,0.0,0.0,9.3,23.8,3
2026-03-07T18:00,Brussels,13.9,0.0,0.0,9.4,24.1,3
2026-03-07T19:00,Brussels,12.8,0.0,0.0,8.1,22.3,0
2026-03-07T20:00,Brussels,11.4,0.0,0.0,9.9,19.1,0
2026-03-07T21:00,Brussels,10.8,0.0,0.0,10.1,20.2,0
2026-03-07T22:00,Brussels,10.3,0.0,0.0,9.9,20.2,0
2026-03-07T23:00,Brussels,9.7,0.0,0.0,9.4,19.8,0
2026-03-08T00:00,Brussels,9.2,0.0,0.0,9.2,18.7,0
2026-03-08T01:00,Brussels,8.7,0.0,0.0,8.9,18.0,0
2026-03-08T02:00,Brussels,8.7,0.0,0.0,8.4,17.3,0
2026-03-08T03:00,Brussels,8.0,0.0,0.0,7.7,16.2,0
2026-03-08T04:00,Brussels,7.5,0.0,0.0,7.7,15.1,0
2026-03-08T05:00,Brussels,7.0,0.0,0.0,8.0,15.5,1
2026-03-08T06:00,Brussels,6.5,0.0,0.0,8.5,15.8,3
2026-03-08T07:00,Brussels,5.9,0.0,0.0,8.6,16.9,3
2026-03-08T08:00,Brussels,6.7,0.0,0.0,8.1,16.2,3
2026-03-08T09:00,Brussels,6.7,0.0,0.0,6.1,18.0,3
2026-03-08T10:00,Brussels,7.2,0.0,0.0,5.8,15.8,3
2026-03-08T11:00,Brussels,8.2,0.0,0.0,5.5,15.8,3
2026-03-08T12:00,Brussels,10.0,0.0,0.0,3.8,16.9,1
2026-03-08T13:00,Brussels,12.3,0.0,0.0,3.1,14.8,1
2026-03-08T14:00,Brussels,11.9,0.0,0.0,2.5,14.0,0
2026-03-08T15:00,Brussels,13.3,0.0,0.0,2.4,14.0,0
2026-03-08T16:00,Brussels,14.1,0.0,0.0,2.9,13.7,0
2026-03-08T17:00,Brussels,14.5,0.0,0.0,3.1,13.7,0
2026-03-08T18:00,Brussels,14.2,0.0,0.0,3.9,12.2,0
2026-03-08T19:00,Brussels,13.0,0.0,0.0,5.2,11.5,0
2026-03-08T20:00,Brussels,11.4,0.0,0.0,5.2,12.2,0
2026-03-08T21:00,Brussels,10.6,0.0,0.0,4.4,10.8,0
2026-03-08T22:00,Brussels,9.6,0.0,0.0,3.9,8.6,0
2026-03-08T23:00,Brussels,9.4,0.0,0.0,2.1,6.5,0
2026-03-09T00:00,Brussels,9.0,0.0,0.0,1.4,3.2,0
2026-03-09T01:00,Brussels,8.5,0.0,0.0,1.4,2.5,0
2026-03-09T02:00,Brussels,7.8,0.0,0.0,1.9,3.2,0
2026-03-09T03:00,Brussels,7.0,0.0,0.0,2.8,5.4,0
2026-03-09T04:00,Brussels,6.6,0.0,0.0,3.4,6.8,0
2026-03-09T05:00,Brussels,6.6,0.0,0.0,3.9,7.9,0
2026-03-09T06:00,Brussels,6.9,0.0,0.0,4.9,9.7,0
2026-03-09T07:00,Brussels,7.0,0.0,0.0,5.1,9.7,0
2026-03-09T08:00,Brussels,6.9,0.0,0.0,4.7,11.5,0
2026-03-09T09:00,Brussels,7.6,0.0,0.0,7.6,13.3,1
2026-03-09T10:00,Brussels,9.6,0.0,0.0,7.6,15.5,0
2026-03-09T11:00,Brussels,12.1,0.0,0.0,4.2,14.8,0
2026-03-09T12:00,Brussels,14.5,0.0,0.0,4.2,14.0,0
2026-03-09T13:00,Brussels,16.2,0.0,0.0,5.8,17.3,0
2026-03-09T14:00,Brussels,17.6,0.0,0.0,5.3,19.4,0
2026-03-09T15:00,Brussels,18.0,0.0,0.0,6.2,20.9,1
2026-03-09T16:00,Brussels,18.2,0.0,0.0,6.2,22.0,0
2026-03-09T17:00,Brussels,18.0,0.0,0.0,5.8,19.8,0
2026-03-09T18:00,Brussels,17.2,0.3,0.3,6.3,17.3,51
2026-03-09T19:00,Brussels,15.8,0.0,0.0,2.1,13.0,0
2026-03-09T20:00,Brussels,13.4,0.0,0.0,3.1,3.6,0
2026-03-09T21:00,Brussels,13.2,0.0,0.0,4.5,7.9,0
2026-03-09T22:00,Brussels,13.2,0.0,0.0,7.7,14.8,0
2026-03-09T23:00,Brussels,12.2,0.0,0.0,7.3,14.8,0
2026-03-10T00:00,Brussels,11.4,0.0,0.0,8.8,16.6,1
2026-03-10T01:00,Brussels,10.6,0.0,0.0,9.4,18.0,1
2026-03-10T02:00,Brussels,10.1,0.0,0.0,7.7,18.4,1
2026-03-10T03:00,Brussels,9.9,0.0,0.0,5.8,14.4,0
2026-03-10T04:00,Brussels,9.4,0.0,0.0,8.8,16.2,0
2026-03-10T05:00,Brussels,9.6,0.0,0.0,11.1,25.9,1
2026-03-10T06:00,Brussels,9.1,0.0,0.0,9.7,21.2,0
2026-03-10T07:00,Brussels,8.6,0.0,0.0,8.6,19.1,1
2026-03-10T08:00,Brussels,9.4,0.0,0.0,9.9,17.6,1
2026-03-10T09:00,Brussels,9.8,0.1,0.1,13.0,28.1,51
2026-03-10T10:00,Brussels,10.9,0.1,0.1,12.1,25.6,51
2026-03-10T11:00,Brussels,11.5,1.1,1.1,12.7,31.3,55
2026-03-10T12:00,Brussels,11.8,0.2,0.2,11.3,29.5,51
2026-03-10T13:00,Brussels,12.4,0.0,0.0,11.7,32.4,3
2026-03-10T14:00,Brussels,11.7,0.0,0.0,11.6,34.6,3
2026-03-10T15:00,Brussels,11.4,0.2,0.2,12.0,27.7,51
2026-03-10T16:00,Brussels,12.7,0.4,0.4,15.3,34.9,51
2026-03-10T17:00,Brussels,13.0,0.2,0.2,12.2,34.9,51
2026-03-10T18:00,Brussels,13.2,0.0,0.0,9.8,34.9,2
2026-03-10T19:00,Brussels,11.0,0.2,0.2,11.2,29.2,51
2026-03-10T20:00,Brussels,10.8,0.0,0.0,10.9,22.7,0
2026-03-10T21:00,Brussels,10.2,0.0,0.0,12.6,24.8,2
2026-03-10T22:00,Brussels,10.1,0.0,0.0,15.6,31.7,3
2026-03-10T23:00,Brussels,9.5,0.0,0.0,13.4,33.5,3
2026-03-11T00:00,Brussels,9.0,0.4,0.4,13.7,27.7,51
2026-03-11T01:00,Brussels,8.9,0.1,0.1,14.2,28.8,51
2026-03-11T02:00,Brussels,8.7,0.0,0.0,13.0,31.3,2
2026-03-11T03:00,Brussels,8.9,0.0,0.0,17.0,34.6,3
2026-03-11T04:00,Brussels,9.2,0.0,0.0,16.9,35.6,3
2026-03-11T05:00,Brussels,9.3,0.0,0.0,18.6,39.2,3
2026-03-11T06:00,Brussels,9.4,0.0,0.0,20.0,42.8,3
2026-03-11T07:00,Brussels,9.4,0.1,0.1,20.4,44.3,51
2026-03-11T08:00,Brussels,9.8,0.1,0.1,21.2,46.1,51
2026-03-11T09:00,Brussels,9.8,0.4,0.4,22.0,47.2,51
2026-03-11T10:00,Brussels,9.9,0.5,0.5,23.8,50.8,53
2026-03-11T11:00,Brussels,9.9,0.7,0.7,24.6,51.8,53
2026-03-11T12:00,Brussels,9.9,1.0,1.0,26.2,54.4,55
2026-03-11T13:00,Brussels,10.0,0.7,0.7,24.8,55.4,53
2026-03-11T14:00,Brussels,10.4,0.3,0.3,20.0,50.8,51
2026-03-11T15:00,Brussels,10.8,0.1,0.1,17.8,43.2,51
2026-03-11T16:00,Brussels,11.8,0.1,0.1,18.0,45.7,51
2026-03-11T17:00,Brussels,11.3,0.1,0.1,14.6,44.6,51
2026-03-11T18:00,Brussels,10.5,0.0,0.0,13.9,38.2,3
2026-03-11T19:00,Brussels,9.9,0.0,0.0,10.3,30.2,1
2026-03-11T20:00,Brussels,9.0,0.0,0.0,9.2,22.3,0
2026-03-11T21:00,Brussels,8.1,0.0,0.0,8.1,18.0,0
2026-03-11T22:00,Brussels,7.5,0.0,0.0,11.3,22.0,0
2026-03-11T23:00,Brussels,7.1,0.0,0.0,12.0,24.1,0
2026-03-12T00:00,Brussels,6.8,0.0,0.0,12.2,24.5,1
2026-03-12T01:00,Brussels,6.5,0.0,0.0,11.9,24.5,1
2026-03-12T02:00,Brussels,6.0,0.0,0.0,12.3,24.5,2
2026-03-12T03:00,Brussels,5.7,0.0,0.0,12.2,25.2,3
2026-03-12T04:00,Brussels,5.9,0.0,0.0,12.5,25.9,1
2026-03-12T05:00,Brussels,5.3,0.0,0.0,12.5,25.9,0
2026-03-12T06:00,Brussels,4.9,0.0,0.0,13.5,27.7,0
2026-03-12T07:00,Brussels,4.8,0.0,0.0,15.3,31.0,0
2026-03-12T08:00,Brussels,5.0,0.0,0.0,15.3,32.8,0
2026-03-12T09:00,Brussels,5.3,0.0,0.0,15.4,32.8,0
2026-03-12T10:00,Brussels,6.5,0.0,0.0,15.7,38.5,1
2026-03-12T11:00,Brussels,7.9,0.0,0.0,18.2,42.8,0
2026-03-12T12:00,Brussels,9.5,0.0,0.0,25.7,57.6,2
2026-03-12T13:00,Brussels,10.4,0.0,0.0,28.1,64.4,2
2026-03-12T14:00,Brussels,11.3,0.0,0.0,28.8,68.4,3
2026-03-12T15:00,Brussels,11.3,0.0,0.0,24.3,64.4,3
2026-03-12T16:00,Brussels,11.7,0.0,0.0,28.4,65.2,3
2026-03-12T17:00,Brussels,11.8,0.0,0.0,23.7,69.5,1
2026-03-12T18:00,Brussels,11.9,0.0,0.0,21.6,53.6,3
2026-03-12T19:00,Brussels,11.2,0.0,0.0,21.4,49.0,3
2026-03-12T20:00,Brussels,10.3,0.0,0.0,21.4,47.9,3
2026-03-12T21:00,Brussels,9.8,0.0,0.0,22.6,49.3,3
2026-03-12T22:00,Brussels,9.4,0.0,0.0,24.1,52.2,3
2026-03-12T23:00,Brussels,9.3,0.0,0.0,24.7,54.0,2
2026-03-13T00:00,Brussels,9.3,0.0,0.0,25.3,55.1,3
2026-03-13T01:00,Brussels,9.2,0.0,0.0,25.6,55.4,3
2026-03-13T02:00,Brussels,9.4,0.0,0.0,25.3,57.6,3
2026-03-13T03:00,Brussels,9.3,0.0,0.0,25.4,56.2,3
2026-03-13T04:00,Brussels,9.5,0.0,0.0,25.7,56.5,3
2026-03-13T05:00,Brussels,9.7,0.0,0.0,26.6,59.0,3
2026-03-13T06:00,Brussels,9.8,0.0,0.0,26.9,59.4,3
2026-03-13T07:00,Brussels,9.9,0.0,0.0,27.8,61.6,3
2026-03-13T08:00,Brussels,9.5,0.0,0.0,26.2,62.6,3
2026-03-13T09:00,Brussels,9.9,0.1,0.1,26.6,58.3,51
2026-03-13T10:00,Brussels,10.6,0.2,0.2,27.4,60.5,51
2026-03-13T11:00,Brussels,10.7,0.6,0.6,26.2,61.9,53
2026-03-13T12:00,Brussels,9.3,3.0,3.0,22.1,56.2,63
2026-03-13T13:00,Brussels,7.9,1.0,1.0,18.8,43.6,55
2026-03-13T14:00,Brussels,7.0,0.9,0.9,17.1,38.2,53
2026-03-13T15:00,Brussels,6.4,1.3,1.3,14.1,35.3,61
2026-03-13T16:00,Brussels,6.6,0.8,0.8,14.3,30.6,53
2026-03-13T17:00,Brussels,6.6,0.5,0.5,14.1,31.3,53
2026-03-13T18:00,Brussels,6.3,0.2,0.2,12.4,30.2,51
2026-03-13T19:00,Brussels,6.0,0.2,0.2,12.5,26.6,51
2026-03-13T20:00,Brussels,5.7,0.5,0.5,12.9,26.3,53
2026-03-13T21:00,Brussels,5.6,0.7,0.7,11.5,26.6,53
2026-03-13T22:00,Brussels,5.3,0.3,0.3,10.6,23.0,51
2026-03-13T23:00,Brussels,5.0,0.1,0.1,10.5,20.9,51
2026-03-14T00:00,Brussels,4.9,0.1,0.1,10.4,20.9,51
2026-03-14T01:00,Brussels,4.7,0.1,0.1,9.6,20.9,51
2026-03-14T02:00,Brussels,4.5,0.2,0.2,9.8,19.4,51
2026-03-14T03:00,Brussels,4.4,0.2,0.2,7.9,19.1,51
2026-03-14T04:00,Brussels,4.5,0.4,0.4,6.0,15.1,51
2026-03-14T05:00,Brussels,4.6,0.6,0.6,6.5,12.2,53
2026-03-14T06:00,Brussels,3.8,1.7,1.7,9.4,20.5,61
2026-03-14T07:00,Brussels,2.7,1.5,1.5,10.5,23.8,61
2026-03-14T08:00,Brussels,2.6,1.2,1.2,9.7,23.4,55
2026-03-14T09:00,Brussels,3.0,0.9,0.9,9.9,21.6,53
2026-03-14T10:00,Brussels,3.5,0.5,0.5,10.5,25.6,53
2026-03-14T11:00,Brussels,4.1,0.3,0.3,10.4,24.5,51
2026-03-14T12:00,Brussels,5.5,0.0,0.0,9.6,24.8,3
2026-03-14T13:00,Brussels,6.8,0.1,0.1,13.2,32.8,51
2026-03-14T14:00,Brussels,5.5,0.1,0.1,11.8,35.6,51
2026-03-14T15:00,Brussels,7.4,0.3,0.3,13.8,35.3,51
2026-03-14T16:00,Brussels,8.3,0.4,0.4,12.9,34.9,51
2026-03-14T17:00,Brussels,5.4,1.4,1.1,14.3,38.2,73
2026-03-14T18:00,Brussels,6.3,0.2,0.2,11.0,31.7,51
2026-03-14T19:00,Brussels,5.9,0.0,0.0,9.3,25.9,2
2026-03-14T20:00,Brussels,5.1,0.0,0.0,9.2,22.7,0
2026-03-14T21:00,Brussels,4.4,0.0,0.0,7.5,18.7,1
2026-03-14T22:00,Brussels,4.1,0.0,0.0,6.8,14.8,0
2026-03-14T23:00,Brussels,3.5,0.0,0.0,7.0,14.0,0
2026-03-15T00:00,Brussels,3.0,0.0,0.0,7.2,14.0,0
2026-03-15T01:00,Brussels,2.6,0.0,0.0,7.8,14.8,0
2026-03-15T02:00,Brussels,2.7,0.0,0.0,8.3,15.5,0
2026-03-15T03:00,Brussels,2.5,0.0,0.0,6.9,15.8,0
2026-03-15T04:00,Brussels,2.2,0.0,0.0,6.5,13.3,0
2026-03-15T05:00,Brussels,1.9,0.0,0.0,6.3,13.0,0
2026-03-15T06:00,Brussels,1.6,0.0,0.0,6.2,13.0,0
2026-03-15T07:00,Brussels,1.2,0.0,0.0,5.5,12.2,1
2026-03-15T08:00,Brussels,0.8,0.0,0.0,6.8,11.9,0
2026-03-15T09:00,Brussels,1.3,0.0,0.0,8.3,15.8,1
2026-03-15T10:00,Brussels,3.3,0.0,0.0,7.3,17.3,0
2026-03-15T11:00,Brussels,5.6,0.0,0.0,6.0,18.0,0
2026-03-15T12:00,Brussels,7.5,0.0,0.0,7.4,22.0,0
2026-03-15T13:00,Brussels,8.6,0.0,0.0,8.7,24.8,0
2026-03-15T14:00,Brussels,9.7,0.0,0.0,11.1,28.4,1
2026-03-15T15:00,Brussels,10.1,0.0,0.0,10.8,29.5,0
2026-03-15T16:00,Brussels,10.5,0.0,0.0,12.0,30.6,0
2026-03-15T17:00,Brussels,10.5,0.0,0.0,14.2,34.2,0
2026-03-15T18:00,Brussels,10.2,0.0,0.0,14.8,35.3,0
2026-03-15T19:00,Brussels,9.4,0.0,0.0,14.5,32.4,0
2026-03-15T20:00,Brussels,8.0,0.0,0.0,16.7,35.6,3
2026-03-15T21:00,Brussels,7.7,0.0,0.0,18.8,40.0,3
2026-03-15T22:00,Brussels,7.9,0.0,0.0,21.9,47.2,3
2026-03-15T23:00,Brussels,7.6,0.5,0.5,24.5,52.2,53
2026-03-16T00:00,Brussels,7.5,0.2,0.2,25.8,56.2,51
2026-03-16T01:00,Brussels,7.5,0.1,0.1,26.0,58.3,51
2026-03-16T02:00,Brussels,7.2,0.4,0.4,21.8,57.2,51
2026-03-16T03:00,Brussels,6.7,0.8,0.8,19.8,47.5,53
2026-03-16T04:00,Brussels,6.8,0.0,0.0,17.7,42.1,1
2026-03-16T05:00,Brussels,6.3,0.0,0.0,18.3,39.2,2
2026-03-16T06:00,Brussels,5.9,0.0,0.0,17.6,41.0,1
2026-03-16T07:00,Brussels,5.7,0.0,0.0,16.7,37.4,1
2026-03-16T08:00,Brussels,5.3,0.0,0.0,16.8,36.4,2
2026-03-16T09:00,Brussels,5.8,0.1,0.1,15.1,35.6,51
2026-03-16T10:00,Brussels,6.6,0.0,0.0,16.2,36.7,2
2026-03-16T11:00,Brussels,7.7,0.0,0.0,16.6,41.8,2
2026-03-16T12:00,Brussels,8.5,0.0,0.0,15.9,43.6,1
2026-03-16T13:00,Brussels,9.5,0.0,0.0,15.6,45.4,1
2026-03-16T14:00,Brussels,10.0,0.0,0.0,16.1,44.6,1
2026-03-16T15:00,Brussels,10.2,0.1,0.1,16.2,44.3,51
2026-03-16T16:00,Brussels,10.8,0.1,0.1,17.0,39.2,51
2026-03-16T17:00,Brussels,11.0,0.0,0.0,16.1,40.0,3
2026-03-16T18:00,Brussels,10.8,0.0,0.0,13.6,37.1,3
2026-03-16T19:00,Brussels,9.8,0.0,0.0,14.1,32.0,3
2026-03-16T20:00,Brussels,9.0,0.2,0.2,10.7,31.0,51
2026-03-16T21:00,Brussels,8.3,0.0,0.0,10.3,22.0,3
2026-03-16T22:00,Brussels,8.1,0.0,0.0,10.7,23.0,3
2026-03-16T23:00,Brussels,8.2,0.0,0.0,11.0,23.0,3
2026-03-17T00:00,Brussels,7.9,0.0,0.0,11.2,23.0,3
2026-03-17T01:00,Brussels,7.9,0.0,0.0,11.2,24.1,3
2026-03-17T02:00,Brussels,8.6,0.0,0.0,12.2,24.8,3
2026-03-17T03:00,Brussels,8.7,0.0,0.0,12.4,26.6,3
2026-03-17T04:00,Brussels,8.7,0.0,0.0,12.1,26.6,3
2026-03-17T05:00,Brussels,8.2,0.0,0.0,11.4,25.9,2
2026-03-17T06:00,Brussels,7.9,0.0,0.0,11.3,23.8,3
2026-03-17T07:00,Brussels,8.4,0.0,0.0,10.9,23.4,3
2026-03-17T08:00,Brussels,8.9,0.0,0.0,10.7,23.0,3
2026-03-17T09:00,Brussels,9.2,0.0,0.0,10.2,22.3,3
2026-03-17T10:00,Brussels,9.8,0.0,0.0,8.5,22.0,3
2026-03-17T11:00,Brussels,11.0,0.0,0.0,10.1,24.8,3
2026-03-17T12:00,Brussels,12.7,0.0,0.0,16.2,38.2,3
2026-03-17T13:00,Brussels,13.6,0.0,0.0,15.4,39.6,3
2026-03-17T14:00,Brussels,14.0,0.0,0.0,13.8,37.4,3
2026-03-17T15:00,Brussels,14.5,0.0,0.0,12.6,33.1,3
2026-03-17T16:00,Brussels,14.9,0.0,0.0,12.2,31.0,3
2026-03-17T17:00,Brussels,15.2,0.0,0.0,11.1,29.5,3
2026-03-17T18:00,Brussels,15.1,0.0,0.0,8.5,26.3,3
2026-03-17T19:00,Brussels,14.2,0.0,0.0,5.5,18.4,3
2026-03-17T20:00,Brussels,12.7,0.0,0.0,5.1,11.2,2
2026-03-17T21:00,Brussels,12.0,0.0,0.0,7.3,13.7,2
2026-03-17T22:00,Brussels,11.1,0.0,0.0,9.4,17.6,3
2026-03-17T23:00,Brussels,10.5,0.0,0.0,10.7,21.2,2
2026-03-18T00:00,Brussels,10.2,0.0,0.0,11.4,22.0,3
2026-03-18T01:00,Brussels,9.6,0.0,0.0,12.3,24.5,1
2026-03-18T02:00,Brussels,9.0,0.0,0.0,12.9,25.2,0
2026-03-18T03:00,Brussels,8.7,0.0,0.0,12.1,25.9,0
2026-03-18T04:00,Brussels,8.3,0.0,0.0,11.7,24.1,0
2026-03-18T05:00,Brussels,8.0,0.0,0.0,11.3,23.4,1
2026-03-18T06:00,Brussels,7.6,0.0,0.0,10.9,23.0,1
2026-03-18T07:00,Brussels,7.2,0.0,0.0,10.6,21.6,1
2026-03-18T08:00,Brussels,6.7,0.0,0.0,11.1,22.0,0
2026-03-18T09:00,Brussels,7.5,0.0,0.0,10.7,22.3,0
2026-03-18T10:00,Brussels,9.2,0.0,0.0,8.7,22.3,0
2026-03-18T11:00,Brussels,10.6,0.0,0.0,12.4,29.5,0
2026-03-18T12:00,Brussels,11.5,0.0,0.0,12.7,32.4,0
2026-03-18T13:00,Brussels,12.6,0.0,0.0,13.4,33.5,0
2026-03-18T14:00,Brussels,13.7,0.0,0.0,12.5,34.6,0
2026-03-18T15:00,Brussels,14.1,0.0,0.0,13.5,33.8,0
2026-03-18T16:00,Brussels,14.2,0.0,0.0,14.0,34.6,0
2026-03-18T17:00,Brussels,14.1,0.0,0.0,15.7,37.1,0
2026-03-18T18:00,Brussels,13.6,0.0,0.0,16.0,37.8,0
2026-03-18T19:00,Brussels,12.4,0.0,0.0,15.3,35.3,0
2026-03-18T20:00,Brussels,11.5,0.0,0.0,15.2,33.1,0
2026-03-18T21:00,Brussels,10.7,0.0,0.0,15.5,32.0,0
2026-03-18T22:00,Brussels,10.2,0.0,0.0,14.9,32.4,0
2026-03-18T23:00,Brussels,9.4,0.0,0.0,12.1,30.6,2
2026-03-19T00:00,Brussels,8.5,0.0,0.0,10.7,24.1,0
2026-03-19T01:00,Brussels,7.8,0.0,0.0,10.2,20.9,1
2026-03-19T02:00,Brussels,7.3,0.0,0.0,11.2,20.5,1
2026-03-19T03:00,Brussels,6.8,0.0,0.0,10.9,21.6,0
2026-03-19T04:00,Brussels,6.3,0.0,0.0,10.6,21.6,0
2026-03-19T05:00,Brussels,5.8,0.0,0.0,10.3,20.9,0
2026-03-19T06:00,Brussels,5.4,0.0,0.0,10.2,20.5,0
2026-03-19T07:00,Brussels,5.1,0.0,0.0,10.0,20.2,0
2026-03-19T08:00,Brussels,4.6,0.0,0.0,9.1,19.8,0
2026-03-19T09:00,Brussels,5.2,0.0,0.0,9.2,18.4,1
2026-03-19T10:00,Brussels,7.1,0.0,0.0,6.3,18.4,1
2026-03-19T11:00,Brussels,9.3,0.0,0.0,5.7,17.6,1
2026-03-19T12:00,Brussels,11.4,0.0,0.0,6.5,19.8,3
2026-03-19T13:00,Brussels,13.2,0.0,0.0,7.1,21.2,3
2026-03-19T14:00,Brussels,14.9,0.0,0.0,10.5,24.1,2
2026-03-19T15:00,Brussels,15.4,0.0,0.0,11.1,29.2,1
2026-03-19T16:00,Brussels,15.6,0.0,0.0,11.0,28.4,0
2026-03-19T17:00,Brussels,15.5,0.0,0.0,11.2,28.1,0
2026-03-19T18:00,Brussels,15.0,0.0,0.0,9.5,27.0,0
2026-03-19T19:00,Brussels,13.7,0.0,0.0,8.1,21.2,1
2026-03-19T20:00,Brussels,12.1,0.0,0.0,8.6,16.6,1
2026-03-19T21:00,Brussels,11.1,0.0,0.0,10.5,20.5,3
2026-03-19T22:00,Brussels,10.4,0.0,0.0,10.0,21.2,3
2026-03-19T23:00,Brussels,9.7,0.0,0.0,8.9,19.8,3
2026-03-20T00:00,Brussels,8.9,0.0,0.0,7.9,17.3,3
2026-03-20T01:00,Brussels,8.2,0.0,0.0,7.0,15.5,3
2026-03-20T02:00,Brussels,7.9,0.0,0.0,7.8,14.0,3
2026-03-20T03:00,Brussels,7.2,0.0,0.0,8.1,15.8,1
2026-03-20T04:00,Brussels,6.4,0.0,0.0,7.9,16.9,0
2026-03-20T05:00,Brussels,5.8,0.0,0.0,7.6,15.5,0
2026-03-20T06:00,Brussels,5.3,0.0,0.0,7.9,16.2,0
2026-03-20T07:00,Brussels,5.0,0.0,0.0,7.0,15.5,1
2026-03-20T08:00,Brussels,4.7,0.0,0.0,7.4,15.5,0
2026-03-20T09:00,Brussels,5.3,0.0,0.0,7.9,15.1,3
2026-03-20T10:00,Brussels,6.4,0.0,0.0,6.0,15.5,3
2026-03-20T11:00,Brussels,7.0,0.0,0.0,6.2,16.6,3
2026-03-20T12:00,Brussels,9.0,0.0,0.0,5.9,18.0,3
2026-03-20T13:00,Brussels,10.9,0.0,0.0,6.5,19.8,3
2026-03-20T14:00,Brussels,13.2,0.0,0.0,8.0,20.9,2
2026-03-20T15:00,Brussels,13.7,0.0,0.0,9.4,25.9,3
2026-03-20T16:00,Brussels,13.6,0.0,0.0,9.7,26.3,3
2026-03-20T17:00,Brussels,13.5,0.0,0.0,9.2,25.9,3
2026-03-20T18:00,Brussels,13.5,0.0,0.0,8.3,23.4,3
2026-03-20T19:00,Brussels,12.7,0.0,0.0,7.6,19.8,3
2026-03-20T20:00,Brussels,11.2,0.0,0.0,11.0,20.9,3
2026-03-20T21:00,Brussels,10.1,0.0,0.0,11.3,23.4,0
2026-03-20T22:00,Brussels,9.1,0.0,0.0,11.6,23.8,0
2026-03-20T23:00,Brussels,8.3,0.0,0.0,10.7,23.8,2
2026-03-21T00:00,Brussels,7.4,0.0,0.0,9.8,21.6,3
2026-03-21T01:00,Brussels,6.8,0.0,0.0,10.1,20.2,3
2026-03-21T02:00,Brussels,6.3,0.0,0.0,10.3,20.2,1
2026-03-21T03:00,Brussels,5.6,0.0,0.0,9.3,20.5,0
2026-03-21T04:00,Brussels,4.9,0.0,0.0,9.0,18.7,0
2026-03-21T05:00,Brussels,4.4,0.0,0.0,9.2,18.4,0
2026-03-21T06:00,Brussels,3.9,0.0,0.0,9.3,19.1,0
2026-03-21T07:00,Brussels,3.5,0.0,0.0,9.4,19.1,0
2026-03-21T08:00,Brussels,2.9,0.0,0.0,9.4,19.1,0
2026-03-21T09:00,Brussels,3.4,0.0,0.0,8.0,19.4,3
2026-03-21T10:00,Brussels,4.8,0.0,0.0,8.4,21.6,0
2026-03-21T11:00,Brussels,6.6,0.0,0.0,8.1,23.0,0
2026-03-21T12:00,Brussels,8.6,0.0,0.0,7.8,23.4,0
2026-03-21T13:00,Brussels,10.4,0.0,0.0,8.3,24.5,0
2026-03-21T14:00,Brussels,11.1,0.0,0.0,9.5,26.3,0
2026-03-21T15:00,Brussels,12.2,0.0,0.0,10.0,27.7,0
2026-03-21T16:00,Brussels,12.8,0.0,0.0,10.8,28.8,0
2026-03-21T17:00,Brussels,13.0,0.0,0.0,11.2,28.8,0
2026-03-21T18:00,Brussels,12.7,0.0,0.0,11.7,28.4,0
2026-03-21T19:00,Brussels,11.9,0.0,0.0,10.2,28.1,1
2026-03-21T20:00,Brussels,10.4,0.0,0.0,11.1,22.3,0
2026-03-21T21:00,Brussels,9.4,0.0,0.0,12.8,26.3,0
2026-03-21T22:00,Brussels,8.4,0.0,0.0,12.8,27.0,0
2026-03-21T23:00,Brussels,7.5,0.0,0.0,13.4,27.7,0
2026-03-22T00:00,Brussels,6.7,0.0,0.0,11.8,27.7,0
2026-03-22T01:00,Brussels,5.7,0.0,0.0,9.1,23.8,0
2026-03-22T02:00,Brussels,4.8,0.0,0.0,9.1,18.4,0
2026-03-22T03:00,Brussels,4.1,0.0,0.0,8.5,18.0,0
2026-03-22T04:00,Brussels,3.5,0.0,0.0,8.5,17.6,0
2026-03-22T05:00,Brussels,3.1,0.0,0.0,8.2,17.3,0
2026-03-22T06:00,Brussels,3.2,0.0,0.0,7.8,16.6,3
2026-03-22T07:00,Brussels,3.6,0.0,0.0,8.3,16.2,2
2026-03-22T08:00,Brussels,2.9,0.0,0.0,9.3,19.8,0
2026-03-22T09:00,Brussels,4.0,0.0,0.0,10.0,19.4,0
2026-03-22T10:00,Brussels,5.9,0.0,0.0,7.3,19.1,0
2026-03-22T11:00,Brussels,8.1,0.0,0.0,6.3,19.1,0
2026-03-22T12:00,Brussels,10.0,0.0,0.0,6.7,20.5,0
2026-03-22T13:00,Brussels,11.7,0.0,0.0,7.5,22.7,0
2026-03-22T14:00,Brussels,12.7,0.0,0.0,7.8,24.5,0
2026-03-22T15:00,Brussels,13.6,0.0,0.0,8.5,24.5,0
2026-03-22T16:00,Brussels,14.0,0.0,0.0,8.5,24.5,0
2026-03-22T17:00,Brussels,14.0,0.0,0.0,8.3,24.1,0
2026-03-22T18:00,Brussels,13.9,0.0,0.0,8.8,23.4,1
2026-03-22T19:00,Brussels,12.8,0.0,0.0,7.0,23.4,1
2026-03-22T20:00,Brussels,11.4,0.0,0.0,6.6,14.4,0
2026-03-22T21:00,Brussels,10.4,0.0,0.0,5.1,13.3,0
2026-03-22T22:00,Brussels,10.1,0.0,0.0,7.0,13.3,0
2026-03-22T23:00,Brussels,9.0,0.0,0.0,5.6,14.0,0
2026-03-23T00:00,Brussels,7.7,0.0,0.0,5.3,11.5,0
2026-03-23T01:00,Brussels,6.6,0.0,0.0,4.7,11.2,0
2026-03-23T02:00,Brussels,6.7,0.0,0.0,5.0,11.2,0
2026-03-23T03:00,Brussels,5.7,0.0,0.0,4.0,10.1,3
2026-03-23T04:00,Brussels,5.9,0.0,0.0,6.7,12.6,3
2026-03-23T05:00,Brussels,5.5,0.0,0.0,6.0,13.3,3
2026-03-23T06:00,Brussels,5.0,0.0,0.0,3.9,11.5,3
2026-03-23T07:00,Brussels,4.6,0.0,0.0,5.4,10.1,3
2026-03-23T08:00,Brussels,3.8,0.0,0.0,3.5,11.5,1
2026-03-23T09:00,Brussels,4.7,0.0,0.0,5.5,11.5,0
2026-03-23T10:00,Brussels,7.0,0.0,0.0,3.2,12.6,0
2026-03-23T11:00,Brussels,9.4,0.0,0.0,3.4,14.0,3
2026-03-23T12:00,Brussels,11.4,0.0,0.0,4.1,16.2,3
2026-03-23T13:00,Brussels,12.7,0.0,0.0,3.3,16.2,3
2026-03-23T14:00,Brussels,13.6,0.0,0.0,3.4,16.2,3
2026-03-23T15:00,Brussels,14.1,0.0,0.0,4.5,16.6,3
2026-03-23T16:00,Brussels,14.3,0.0,0.0,5.9,18.7,3
2026-03-23T17:00,Brussels,14.1,0.0,0.0,6.7,19.1,3
2026-03-23T18:00,Brussels,13.7,0.0,0.0,6.8,19.1,3
2026-03-23T19:00,Brussels,12.9,0.0,0.0,5.9,17.6,3
2026-03-23T20:00,Brussels,11.7,0.0,0.0,7.6,12.6,3
2026-03-23T21:00,Brussels,10.8,0.0,0.0,7.5,14.8,3
2026-03-23T22:00,Brussels,9.0,0.0,0.0,4.0,14.8,3
2026-03-23T23:00,Brussels,8.3,0.0,0.0,1.8,7.6,3
2026-03-24T00:00,Brussels,8.0,0.0,0.0,5.5,10.8,3
2026-03-24T01:00,Brussels,8.0,0.0,0.0,8.5,15.8,3
2026-03-24T02:00,Brussels,8.6,0.0,0.0,9.2,18.4,3
2026-03-24T03:00,Brussels,8.1,0.0,0.0,10.4,20.5,3
2026-03-24T04:00,Brussels,7.6,0.0,0.0,11.6,22.7,3
2026-03-24T05:00,Brussels,7.2,0.0,0.0,11.7,23.8,3
2026-03-24T06:00,Brussels,7.1,0.0,0.0,12.6,25.6,3
2026-03-24T07:00,Brussels,7.0,0.0,0.0,13.4,27.7,3
2026-03-24T08:00,Brussels,7.2,0.0,0.0,15.0,29.5,3
2026-03-24T09:00,Brussels,7.9,0.0,0.0,15.0,31.3,3
2026-03-24T10:00,Brussels,8.8,0.0,0.0,12.4,31.7,3
2026-03-24T11:00,Brussels,10.3,0.0,0.0,14.5,33.5,3
2026-03-24T12:00,Brussels,11.5,0.0,0.0,16.8,38.9,3
2026-03-24T13:00,Brussels,12.5,0.0,0.0,18.1,42.5,3
2026-03-24T14:00,Brussels,14.4,0.0,0.0,18.8,46.8,3
2026-03-24T15:00,Brussels,15.0,0.0,0.0,19.6,46.1,3
2026-03-24T16:00,Brussels,15.4,0.0,0.0,20.1,47.5,3
2026-03-24T17:00,Brussels,15.2,0.0,0.0,20.1,47.2,3
2026-03-24T18:00,Brussels,14.7,0.0,0.0,18.8,46.1,3
2026-03-24T19:00,Brussels,14.1,0.0,0.0,19.6,42.5,3
2026-03-24T20:00,Brussels,13.7,0.0,0.0,19.7,43.2,3
2026-03-24T21:00,Brussels,13.3,0.0,0.0,22.0,47.2,3
2026-03-24T22:00,Brussels,12.8,0.0,0.0,23.6,51.1,0
2026-03-24T23:00,Brussels,12.3,0.0,0.0,24.2,52.6,0
2026-03-25T00:00,Brussels,11.8,0.0,0.0,24.8,54.4,0
2026-03-25T01:00,Brussels,11.3,0.0,0.0,26.3,57.6,0
2026-03-25T02:00,Brussels,11.4,0.0,0.0,27.4,59.4,3
2026-03-25T03:00,Brussels,10.5,0.4,0.4,27.0,59.4,51
2026-03-25T04:00,Brussels,10.3,0.5,0.5,28.2,59.8,53
2026-03-25T05:00,Brussels,9.4,0.5,0.5,28.2,67.0,53
2026-03-25T06:00,Brussels,8.1,0.2,0.2,23.7,68.4,51
2026-03-25T07:00,Brussels,7.6,0.0,0.0,21.3,51.1,0
2026-03-25T08:00,Brussels,7.5,0.0,0.0,19.2,46.1,2
2026-03-25T09:00,Brussels,5.6,1.1,0.9,16.5,45.4,71
2026-03-25T10:00,Brussels,6.5,0.3,0.3,14.3,38.2,51
2026-03-25T11:00,Brussels,7.0,0.2,0.2,17.5,48.2,51
2026-03-25T12:00,Brussels,8.2,0.1,0.1,22.2,53.6,51
2026-03-25T13:00,Brussels,8.8,0.1,0.1,21.5,52.9,51
2026-03-25T14:00,Brussels,7.6,0.6,0.6,15.5,55.1,53
2026-03-25T15:00,Brussels,9.2,0.1,0.1,19.9,51.1,51
2026-03-25T16:00,Brussels,8.4,1.6,1.2,21.6,51.1,73
2026-03-25T17:00,Brussels,8.1,0.0,0.0,17.3,49.7,3
2026-03-25T18:00,Brussels,5.7,0.4,0.4,17.8,55.1,51
2026-03-25T19:00,Brussels,5.5,0.4,0.4,13.1,40.3,51
2026-03-25T20:00,Brussels,5.6,0.7,0.7,17.5,35.3,53
2026-03-25T21:00,Brussels,5.1,0.0,0.0,15.9,38.2,2
2026-03-25T22:00,Brussels,4.3,0.0,0.0,13.1,34.6,2
2026-03-25T23:00,Brussels,3.2,0.5,0.3,11.7,32.0,71
2026-03-26T00:00,Brussels,3.2,0.1,0.1,9.5,24.1,51
2026-03-26T01:00,Brussels,3.1,0.2,0.1,12.2,25.6,71
2026-03-26T02:00,Brussels,2.5,0.0,0.0,11.5,25.6,3
2026-03-26T03:00,Brussels,2.4,0.0,0.0,11.9,24.5,3
2026-03-26T04:00,Brussels,2.3,0.1,0.1,12.0,25.6,51
2026-03-26T05:00,Brussels,1.9,0.0,0.0,11.1,25.6,3
2026-03-26T06:00,Brussels,1.8,0.0,0.0,11.0,23.8,2
2026-03-26T07:00,Brussels,1.7,0.0,0.0,12.1,24.5,2
2026-03-26T08:00,Brussels,1.9,0.0,0.0,13.4,27.4,3
2026-03-26T09:00,Brussels,2.3,0.0,0.0,10.7,27.4,1
2026-03-26T10:00,Brussels,3.4,0.0,0.0,10.5,25.9,1
2026-03-26T11:00,Brussels,4.9,0.0,0.0,10.7,31.3,2
2026-03-26T12:00,Brussels,5.1,1.4,0.2,17.2,42.5,75
2026-03-26T13:00,Brussels,5.5,0.1,0.1,17.3,45.0,51
2026-03-26T14:00,Brussels,4.8,0.2,0.2,16.5,45.4,51
2026-03-26T15:00,Brussels,7.0,0.1,0.1,15.6,42.5,51
2026-03-26T16:00,Brussels,6.7,0.0,0.0,17.1,43.9,2
2026-03-26T17:00,Brussels,6.1,0.1,0.1,15.9,45.7,51
2026-03-26T18:00,Brussels,5.6,0.0,0.0,17.0,43.6,0
2026-03-26T19:00,Brussels,4.9,0.0,0.0,15.7,39.6,0
2026-03-26T20:00,Brussels,3.8,0.0,0.0,12.5,35.6,0
2026-03-26T21:00,Brussels,2.9,0.1,0.1,10.4,27.4,51
2026-03-26T22:00,Brussels,2.5,0.0,0.0,7.7,21.6,2
2026-03-26T23:00,Brussels,2.0,0.0,0.0,6.2,15.5,2
2026-03-27T00:00,Brussels,1.7,0.0,0.0,6.4,13.3,2
2026-03-27T01:00,Brussels,1.4,0.0,0.0,5.6,13.0,0
2026-03-27T02:00,Brussels,1.5,0.0,0.0,6.8,11.5,0
2026-03-27T03:00,Brussels,0.7,0.0,0.0,6.6,13.7,0
2026-03-27T04:00,Brussels,0.2,0.0,0.0,8.2,15.8,0
2026-03-27T05:00,Brussels,-0.1,0.0,0.0,9.2,18.0,2
2026-03-27T06:00,Brussels,-0.2,0.0,0.0,8.5,18.4,2
2026-03-27T07:00,Brussels,0.6,0.0,0.0,7.2,16.9,3
2026-03-27T08:00,Brussels,0.5,0.0,0.0,8.7,15.5,3
2026-03-27T09:00,Brussels,1.5,0.0,0.0,9.6,16.9,3
2026-03-27T10:00,Brussels,2.7,0.0,0.0,7.6,18.4,3
2026-03-27T11:00,Brussels,4.0,0.0,0.0,7.4,18.7,3
2026-03-27T12:00,Brussels,4.8,0.0,0.0,8.6,19.8,3
2026-03-27T13:00,Brussels,5.9,0.0,0.0,10.6,25.2,3
2026-03-27T14:00,Brussels,8.3,0.0,0.0,14.1,31.7,3
2026-03-27T15:00,Brussels,8.8,0.0,0.0,14.7,37.1,3
2026-03-27T16:00,Brussels,9.1,0.0,0.0,14.7,36.7,3
2026-03-27T17:00,Brussels,9.5,0.0,0.0,15.0,36.0,3
2026-03-27T18:00,Brussels,9.0,0.0,0.0,15.1,35.6,3
2026-03-27T19:00,Brussels,8.4,0.0,0.0,13.6,34.6,3
2026-03-27T20:00,Brussels,8.0,0.0,0.0,13.9,29.9,3
2026-03-27T21:00,Brussels,7.5,0.0,0.0,14.3,30.6,3
2026-03-27T22:00,Brussels,6.9,0.1,0.1,15.6,33.5,51
2026-03-27T23:00,Brussels,7.0,0.0,0.0,16.6,36.0,3
2026-03-28T00:00,Brussels,7.0,0.1,0.1,17.4,37.4,51
2026-03-28T01:00,Brussels,6.6,0.7,0.7,18.8,38.9,53
2026-03-28T02:00,Brussels,6.0,0.6,0.6,18.5,41.4,53
2026-03-28T03:00,Brussels,6.1,0.6,0.6,18.8,38.9,53
2026-03-28T04:00,Brussels,6.2,0.7,0.7,16.4,38.2,53
2026-03-28T05:00,Brussels,6.4,1.4,1.4,13.7,33.1,61
2026-03-28T06:00,Brussels,6.8,0.9,0.9,13.2,27.4,53
2026-03-28T07:00,Brussels,6.7,0.6,0.6,9.7,26.3,53
2026-03-28T08:00,Brussels,6.4,0.2,0.2,13.8,25.6,51
2026-03-28T09:00,Brussels,6.0,0.4,0.4,15.7,31.0,51
2026-03-28T10:00,Brussels,6.5,0.0,0.0,14.8,32.0,3
2026-03-28T11:00,Brussels,7.5,0.0,0.0,18.1,42.8,2
2026-03-28T12:00,Brussels,8.4,0.0,0.0,17.2,43.9,0
2026-03-28T13:00,Brussels,9.2,0.1,0.1,18.2,45.0,51
2026-03-28T14:00,Brussels,9.2,0.1,0.1,19.5,48.2,51
2026-03-28T15:00,Brussels,9.4,0.0,0.0,19.0,49.3,0
2026-03-28T16:00,Brussels,9.1,0.0,0.0,20.3,49.7,1
2026-03-28T17:00,Brussels,8.8,0.0,0.0,17.9,50.4,1
2026-03-28T18:00,Brussels,7.9,0.1,0.1,19.4,47.2,51
2026-03-28T19:00,Brussels,7.3,0.0,0.0,15.8,45.0,1
2026-03-28T20:00,Brussels,6.7,0.0,0.0,12.7,34.9,2
2026-03-28T21:00,Brussels,5.2,0.0,0.0,10.9,27.4,2
2026-03-28T22:00,Brussels,4.6,0.0,0.0,10.6,22.3,3
2026-03-28T23:00,Brussels,4.3,0.1,0.1,12.9,28.8,51
2026-03-29T00:00,Brussels,3.7,0.0,0.0,12.0,27.4,2
2026-03-29T01:00,Brussels,3.9,0.0,0.0,11.2,29.9,0
2026-03-29T02:00,Brussels,3.7,0.0,0.0,8.9,23.0,1
2026-03-29T03:00,Brussels,3.2,0.0,0.0,7.8,17.3,0
2026-03-29T04:00,Brussels,3.0,0.0,0.0,9.4,17.6,0
2026-03-29T05:00,Brussels,2.8,0.0,0.0,9.7,19.1,0
2026-03-29T06:00,Brussels,2.6,0.0,0.0,8.3,18.7,0
2026-03-29T07:00,Brussels,2.3,0.0,0.0,8.0,15.8,0
2026-03-29T08:00,Brussels,2.5,0.0,0.0,8.9,15.5,0
2026-03-29T09:00,Brussels,3.8,0.0,0.0,8.1,16.6,0
2026-03-29T10:00,Brussels,5.8,0.0,0.0,4.8,15.5,1
2026-03-29T11:00,Brussels,7.5,0.0,0.0,6.9,20.2,2
2026-03-29T12:00,Brussels,8.4,0.0,0.0,7.7,22.7,2
2026-03-29T13:00,Brussels,9.3,0.0,0.0,10.7,28.8,3
2026-03-29T14:00,Brussels,9.9,0.0,0.0,14.7,34.2,3
2026-03-29T15:00,Brussels,10.0,0.0,0.0,17.3,41.4,3
2026-03-29T16:00,Brussels,9.9,0.0,0.0,16.9,41.8,3
2026-03-29T17:00,Brussels,9.7,0.0,0.0,19.2,47.9,3
2026-03-29T18:00,Brussels,9.3,0.0,0.0,16.4,45.0,3
2026-03-29T19:00,Brussels,8.7,0.0,0.0,17.6,38.9,3
2026-03-29T20:00,Brussels,7.8,0.1,0.1,18.4,41.8,51
2026-03-29T21:00,Brussels,7.2,0.1,0.1,20.8,45.4,51
2026-03-29T22:00,Brussels,7.1,0.3,0.3,24.1,52.6,51
2026-03-29T23:00,Brussels,7.0,0.2,0.2,25.1,54.7,51
2026-03-30T00:00,Brussels,7.2,0.2,0.2,25.2,55.4,51
2026-03-30T01:00,Brussels,7.3,0.3,0.3,25.0,55.1,51
2026-03-30T02:00,Brussels,7.2,0.1,0.1,23.0,54.0,51
2026-03-30T03:00,Brussels,7.8,0.0,0.0,25.6,59.8,3
2026-03-30T04:00,Brussels,7.6,0.5,0.5,23.2,62.3,53
2026-03-30T05:00,Brussels,7.3,0.0,0.0,20.0,56.5,0
2026-03-30T06:00,Brussels,6.7,0.0,0.0,18.3,42.8,3
2026-03-30T07:00,Brussels,6.6,0.0,0.0,18.6,40.3,1
2026-03-30T08:00,Brussels,6.3,0.2,0.2,18.3,42.8,51
2026-03-30T09:00,Brussels,7.0,0.0,0.0,18.9,43.9,2
2026-03-30T10:00,Brussels,7.4,0.0,0.0,15.5,39.2,2
2026-03-30T11:00,Brussels,7.8,0.1,0.1,21.3,54.0,51
2026-03-30T12:00,Brussels,8.2,1.1,1.1,20.5,54.0,55
2026-03-30T13:00,Brussels,8.7,0.4,0.4,25.2,60.8,51
2026-03-30T14:00,Brussels,8.3,0.1,0.1,21.5,59.0,51
2026-03-30T15:00,Brussels,8.7,0.6,0.6,21.7,58.3,53
2026-03-30T16:00,Brussels,7.5,0.3,0.3,22.0,57.2,51
2026-03-30T17:00,Brussels,8.0,0.2,0.2,22.2,55.8,51
2026-03-30T18:00,Brussels,8.5,0.0,0.0,20.5,52.6,1
2026-03-30T19:00,Brussels,8.0,0.0,0.0,19.0,52.2,1
2026-03-30T20:00,Brussels,7.2,0.0,0.0,15.3,41.8,1
2026-03-30T21:00,Brussels,6.3,0.0,0.0,13.7,33.1,0
2026-03-30T22:00,Brussels,5.7,0.0,0.0,11.8,29.2,0
2026-03-30T23:00,Brussels,4.9,0.0,0.0,9.7,24.8,0
2026-03-31T00:00,Brussels,4.2,0.0,0.0,8.8,19.8,0
2026-03-31T01:00,Brussels,3.8,0.0,0.0,7.9,17.6,0
2026-03-31T02:00,Brussels,3.7,0.0,0.0,8.0,15.5,0
2026-03-31T03:00,Brussels,3.4,0.0,0.0,7.7,15.8,0
2026-03-31T04:00,Brussels,3.1,0.0,0.0,6.6,14.8,0
2026-03-31T05:00,Brussels,2.9,0.0,0.0,7.6,14.4,0
2026-03-31T06:00,Brussels,2.8,0.0,0.0,7.8,15.1,0
2026-03-31T07:00,Brussels,2.5,0.0,0.0,7.7,15.1,1
2026-03-31T08:00,Brussels,3.0,0.0,0.0,8.0,16.9,2
2026-03-31T09:00,Brussels,4.4,0.0,0.0,8.5,16.2,2
2026-03-31T10:00,Brussels,6.3,0.0,0.0,6.8,17.6,0
2026-03-31T11:00,Brussels,8.3,0.0,0.0,7.3,20.2,1
2026-03-31T12:00,Brussels,9.6,0.1,0.1,9.4,25.2,51
2026-03-31T13:00,Brussels,10.1,0.0,0.0,9.8,26.6,3
2026-03-31T14:00,Brussels,10.2,0.0,0.0,13.4,27.0,3
2026-03-31T15:00,Brussels,10.2,0.0,0.0,13.9,33.5,3
2026-03-31T16:00,Brussels,10.3,0.0,0.0,12.9,33.8,3
2026-03-31T17:00,Brussels,10.3,0.0,0.0,11.9,31.7,3
2026-03-31T18:00,Brussels,10.1,0.0,0.0,11.8,30.2,3
2026-03-31T19:00,Brussels,9.4,0.0,0.0,8.4,30.6,1
2026-03-31T20:00,Brussels,9.0,0.0,0.0,7.4,18.4,0
2026-03-31T21:00,Brussels,7.6,0.0,0.0,8.2,15.8,2
2026-03-31T22:00,Brussels,6.9,0.0,0.0,7.1,16.2,0
2026-03-31T23:00,Brussels,6.3,0.0,0.0,6.2,14.0,0
2026-04-01T00:00,Brussels,5.4,0.0,0.0,2.6,11.9,1
2026-04-01T01:00,Brussels,5.5,0.0,0.0,1.2,4.0,3
2026-04-01T02:00,Brussels,6.7,0.0,0.0,0.7,2.2,3
2026-04-01T03:00,Brussels,6.8,0.0,0.0,1.2,2.5,3
2026-04-01T04:00,Brussels,6.7,0.0,0.0,0.4,2.9,3
2026-04-01T05:00,Brussels,6.7,0.0,0.0,0.2,1.1,3
2026-04-01T06:00,Brussels,6.6,0.0,0.0,3.5,6.8,3
2026-04-01T07:00,Brussels,6.5,0.0,0.0,3.7,7.6,3
2026-04-01T08:00,Brussels,6.9,0.0,0.0,3.5,7.6,3
2026-04-01T09:00,Brussels,7.4,0.0,0.0,4.0,10.1,3
2026-04-01T10:00,Brussels,7.9,0.0,0.0,4.6,13.0,2
2026-04-01T11:00,Brussels,8.7,0.0,0.0,4.7,14.0,2
2026-04-01T12:00,Brussels,9.3,0.0,0.0,5.4,16.2,2
2026-04-01T13:00,Brussels,10.0,0.0,0.0,5.9,17.6,2
2026-04-01T14:00,Brussels,11.0,0.0,0.0,6.8,20.9,3
2026-04-01T15:00,Brussels,11.9,0.0,0.0,5.5,21.2,2
2026-04-01T16:00,Brussels,12.3,0.0,0.0,3.3,18.7,0
2026-04-01T17:00,Brussels,12.5,0.0,0.0,2.2,14.4,0
2026-04-01T18:00,Brussels,12.4,0.0,0.0,2.2,11.5,1
2026-04-01T19:00,Brussels,11.9,0.0,0.0,3.0,9.7,0
2026-04-01T20:00,Brussels,10.6,0.0,0.0,3.3,7.2,0
2026-04-01T21:00,Brussels,9.4,0.0,0.0,4.2,7.9,0
2026-04-01T22:00,Brussels,8.5,0.0,0.0,3.8,7.9,0
2026-04-01T23:00,Brussels,8.0,0.0,0.0,6.3,11.5,0
2026-04-02T00:00,Brussels,7.4,0.0,0.0,7.6,14.4,0
2026-04-02T01:00,Brussels,6.8,0.0,0.0,8.2,15.8,0
2026-04-02T02:00,Brussels,7.3,0.0,0.0,9.3,17.3,3
2026-04-02T03:00,Brussels,7.2,0.0,0.0,9.3,18.7,1
2026-04-02T04:00,Brussels,7.1,0.0,0.0,9.7,19.8,3
2026-04-02T05:00,Brussels,7.1,0.1,0.1,10.2,20.9,51
2026-04-02T06:00,Brussels,7.2,0.3,0.3,11.3,22.7,51
2026-04-02T07:00,Brussels,7.1,0.7,0.7,12.2,24.1,53
2026-04-02T08:00,Brussels,7.4,0.1,0.1,10.2,23.8,51
2026-04-02T09:00,Brussels,8.0,0.0,0.0,10.1,20.2,3
2026-04-02T10:00,Brussels,9.3,0.0,0.0,10.5,24.8,2
2026-04-02T11:00,Brussels,10.4,0.0,0.0,8.6,25.2,3
2026-04-02T12:00,Brussels,10.8,0.0,0.0,9.7,27.7,3
2026-04-02T13:00,Brussels,9.8,0.8,0.8,13.2,30.2,53
2026-04-02T14:00,Brussels,10.1,0.2,0.2,14.4,30.6,51
2026-04-02T15:00,Brussels,9.4,0.1,0.1,15.4,37.4,51
2026-04-02T16:00,Brussels,9.4,0.1,0.1,14.5,36.4,51
2026-04-02T17:00,Brussels,9.4,0.1,0.1,14.0,34.9,51
2026-04-02T18:00,Brussels,9.1,0.0,0.0,13.3,33.8,3
2026-04-02T19:00,Brussels,8.9,0.0,0.0,11.1,34.2,3
2026-04-02T20:00,Brussels,7.8,0.0,0.0,12.1,25.2,3
2026-04-02T21:00,Brussels,6.9,0.0,0.0,11.1,26.6,3
2026-04-02T22:00,Brussels,6.5,0.0,0.0,8.8,24.1,3
2026-04-02T23:00,Brussels,6.2,0.0,0.0,6.7,18.7,3
2026-04-03T00:00,Brussels,5.6,0.0,0.0,5.9,14.4,3
2026-04-03T01:00,Brussels,5.3,0.0,0.0,3.6,12.2,3
2026-04-03T02:00,Brussels,4.1,0.0,0.0,3.6,7.6,0
2026-04-03T03:00,Brussels,3.5,0.0,0.0,5.9,11.5,2
2026-04-03T04:00,Brussels,3.0,0.0,0.0,5.9,11.9,3
2026-04-03T05:00,Brussels,3.1,0.0,0.0,6.8,13.0,3
2026-04-03T06:00,Brussels,3.1,0.0,0.0,8.2,16.2,3
2026-04-03T07:00,Brussels,3.5,0.0,0.0,9.5,19.1,3
2026-04-03T08:00,Brussels,4.2,0.0,0.0,10.6,22.0,3
2026-04-03T09:00,Brussels,4.9,0.0,0.0,10.7,22.0,3
2026-04-03T10:00,Brussels,5.6,0.0,0.0,10.9,23.8,3
2026-04-03T11:00,Brussels,6.3,0.0,0.0,13.7,31.3,3
2026-04-03T12:00,Brussels,8.3,0.0,0.0,17.6,41.0,3
2026-04-03T13:00,Brussels,10.2,0.0,0.0,18.8,45.4,3
2026-04-03T14:00,Brussels,11.2,0.0,0.0,21.3,46.1,3
2026-04-03T15:00,Brussels,12.2,0.0,0.0,23.2,53.6,3
2026-04-03T16:00,Brussels,12.0,0.0,0.0,24.2,55.4,3
2026-04-03T17:00,Brussels,11.3,0.0,0.0,20.3,55.4,3
2026-04-03T18:00,Brussels,11.1,0.1,0.1,21.8,47.5,51
2026-04-03T19:00,Brussels,10.8,0.1,0.1,23.4,51.5,51
2026-04-03T20:00,Brussels,10.4,0.0,0.0,22.2,51.8,3
2026-04-03T21:00,Brussels,10.6,0.0,0.0,21.6,48.2,3
2026-04-03T22:00,Brussels,10.8,0.0,0.0,21.9,47.9,3
2026-04-03T23:00,Brussels,11.1,0.0,0.0,21.6,47.9,3
2026-04-04T00:00,Brussels,11.4,0.0,0.0,22.2,48.6,3
2026-04-04T01:00,Brussels,11.5,0.0,0.0,20.9,48.6,3
2026-04-04T02:00,Brussels,11.6,0.0,0.0,20.3,46.1,3
2026-04-04T03:00,Brussels,11.5,0.0,0.0,19.0,44.6,3
2026-04-04T04:00,Brussels,11.3,0.1,0.1,18.3,41.8,51
2026-04-04T05:00,Brussels,11.1,0.1,0.1,17.2,40.0,51
2026-04-04T06:00,Brussels,10.6,0.1,0.1,14.6,37.1,51
2026-04-04T07:00,Brussels,10.5,0.1,0.1,14.1,31.0,51
2026-04-04T08:00,Brussels,10.4,0.0,0.0,12.8,29.9,3
2026-04-04T09:00,Brussels,10.6,0.1,0.1,14.0,32.0,51
2026-04-04T10:00,Brussels,11.3,0.0,0.0,15.2,34.9,2
2026-04-04T11:00,Brussels,12.1,0.0,0.0,17.5,39.6,2
2026-04-04T12:00,Brussels,13.1,0.1,0.1,16.3,41.4,51
2026-04-04T13:00,Brussels,13.1,0.1,0.1,17.3,38.5,51
2026-04-04T14:00,Brussels,13.2,0.1,0.1,15.3,39.2,51
2026-04-04T15:00,Brussels,14.2,0.1,0.1,18.1,40.7,51
2026-04-04T16:00,Brussels,15.0,0.0,0.0,18.5,42.5,3
2026-04-04T17:00,Brussels,15.3,0.0,0.0,17.1,43.2,3
2026-04-04T18:00,Brussels,15.8,0.0,0.0,18.3,47.2,0
2026-04-04T19:00,Brussels,15.5,0.0,0.0,17.3,41.0,2
2026-04-04T20:00,Brussels,14.4,0.0,0.0,17.4,39.2,0
2026-04-04T21:00,Brussels,13.4,0.0,0.0,18.9,40.0,3
2026-04-04T22:00,Brussels,13.4,0.0,0.0,20.7,44.6,3
2026-04-04T23:00,Brussels,13.5,0.0,0.0,22.3,48.2,3
2026-04-05T00:00,Brussels,13.5,0.0,0.0,23.6,50.8,3
2026-04-05T01:00,Brussels,13.7,0.0,0.0,24.7,53.3,3
2026-04-05T02:00,Brussels,14.2,0.0,0.0,26.3,56.9,3
2026-04-05T03:00,Brussels,14.0,0.0,0.0,26.1,57.6,3
2026-04-05T04:00,Brussels,13.9,0.0,0.0,25.2,56.5,3
2026-04-05T05:00,Brussels,13.0,0.0,0.0,23.2,54.7,3
2026-04-05T06:00,Brussels,12.0,0.0,0.0,22.7,50.8,3
2026-04-05T07:00,Brussels,11.8,0.0,0.0,22.7,50.8,3
2026-04-05T08:00,Brussels,11.3,0.0,0.0,21.4,50.4,3
2026-04-05T09:00,Brussels,11.0,0.0,0.0,21.8,48.6,3
2026-04-05T10:00,Brussels,10.7,0.0,0.0,22.7,57.2,3
2026-04-05T11:00,Brussels,10.6,0.0,0.0,21.8,57.6,3
2026-04-05T12:00,Brussels,10.6,0.0,0.0,19.7,55.4,3
2026-04-05T13:00,Brussels,10.5,0.1,0.1,22.2,49.7,51
2026-04-05T14:00,Brussels,10.5,0.0,0.0,21.1,50.4,3
2026-04-05T15:00,Brussels,11.4,0.0,0.0,22.7,58.7,2
2026-04-05T16:00,Brussels,12.3,0.1,0.1,24.5,61.9,51
2026-04-05T17:00,Brussels,12.6,0.0,0.0,24.3,57.2,1
2026-04-05T18:00,Brussels,12.2,0.0,0.0,23.4,63.7,3
2026-04-05T19:00,Brussels,11.3,0.0,0.0,20.4,60.8,1
2026-04-05T20:00,Brussels,10.4,0.0,0.0,16.5,45.4,2
2026-04-05T21:00,Brussels,9.1,0.0,0.0,14.9,35.6,3
2026-04-05T22:00,Brussels,8.6,0.0,0.0,14.0,32.0,3
2026-04-05T23:00,Brussels,7.8,0.0,0.0,12.8,29.5,3
2026-04-06T00:00,Brussels,7.1,0.0,0.0,12.8,27.7,3
2026-04-06T01:00,Brussels,6.5,0.0,0.0,11.2,26.6,3
2026-04-06T02:00,Brussels,5.7,0.0,0.0,9.5,22.7,3
2026-04-06T03:00,Brussels,5.1,0.0,0.0,8.2,18.7,0
2026-04-06T04:00,Brussels,4.6,0.0,0.0,7.8,16.2,2
2026-04-06T05:00,Brussels,4.0,0.0,0.0,8.0,15.5,3
2026-04-06T06:00,Brussels,3.8,0.0,0.0,7.7,16.2,3
2026-04-06T07:00,Brussels,3.5,0.0,0.0,5.9,15.1,3
2026-04-06T08:00,Brussels,3.7,0.0,0.0,5.7,11.9,3
2026-04-06T09:00,Brussels,5.2,0.0,0.0,5.2,12.2,3
2026-04-06T10:00,Brussels,7.5,0.0,0.0,2.7,13.0,3
2026-04-06T11:00,Brussels,9.4,0.0,0.0,1.7,11.5,3
2026-04-06T12:00,Brussels,10.9,0.0,0.0,2.8,14.0,3
2026-04-06T13:00,Brussels,11.9,0.0,0.0,3.6,15.1,3
2026-04-06T14:00,Brussels,12.5,0.0,0.0,3.3,16.2,3
2026-04-06T15:00,Brussels,13.2,0.0,0.0,3.5,15.8,3
2026-04-06T16:00,Brussels,13.4,0.0,0.0,4.3,16.2,3
2026-04-06T17:00,Brussels,13.3,0.0,0.0,5.9,18.0,3
2026-04-06T18:00,Brussels,13.1,0.0,0.0,6.9,18.4,1
2026-04-06T19:00,Brussels,12.5,0.0,0.0,6.6,18.4,0
2026-04-06T20:00,Brussels,11.6,0.0,0.0,7.4,14.4,0
2026-04-06T21:00,Brussels,10.3,0.0,0.0,8.1,15.8,0
2026-04-06T22:00,Brussels,9.6,0.0,0.0,9.5,18.7,0
2026-04-06T23:00,Brussels,9.1,0.0,0.0,9.6,19.1,0
2026-04-07T00:00,Brussels,8.2,0.0,0.0,10.5,20.9,0
2026-04-07T01:00,Brussels,7.4,0.0,0.0,11.2,22.3,0
2026-04-07T02:00,Brussels,7.1,0.0,0.0,11.5,22.3,0
2026-04-07T03:00,Brussels,6.7,0.0,0.0,11.5,23.0,0
2026-04-07T04:00,Brussels,6.2,0.0,0.0,11.5,23.0,0
2026-04-07T05:00,Brussels,5.7,0.0,0.0,11.5,23.4,0
2026-04-07T06:00,Brussels,5.2,0.0,0.0,11.0,23.4,0
2026-04-07T07:00,Brussels,4.8,0.0,0.0,11.0,22.0,0
2026-04-07T08:00,Brussels,5.5,0.0,0.0,11.5,23.4,0
2026-04-07T09:00,Brussels,6.9,0.0,0.0,10.3,23.8,0
2026-04-07T10:00,Brussels,8.9,0.0,0.0,8.0,22.0,1
2026-04-07T11:00,Brussels,11.3,0.0,0.0,8.1,22.3,1
2026-04-07T12:00,Brussels,13.5,0.0,0.0,10.2,27.0,0
2026-04-07T13:00,Brussels,15.1,0.0,0.0,12.7,32.4,0
2026-04-07T14:00,Brussels,16.6,0.0,0.0,12.9,33.1,0
2026-04-07T15:00,Brussels,17.2,0.0,0.0,12.5,33.1,0
2026-04-07T16:00,Brussels,17.3,0.0,0.0,11.9,32.0,0
2026-04-07T17:00,Brussels,17.2,0.0,0.0,12.3,30.6,0
2026-04-07T18:00,Brussels,16.7,0.0,0.0,12.4,30.6,0
2026-04-07T19:00,Brussels,15.7,0.0,0.0,11.1,29.2,0
2026-04-07T20:00,Brussels,14.9,0.0,0.0,10.2,23.8,0
2026-04-07T21:00,Brussels,13.3,0.0,0.0,12.2,23.8,0
2026-04-07T22:00,Brussels,12.1,0.0,0.0,12.5,24.8,0
2026-04-07T23:00,Brussels,11.1,0.0,0.0,13.0,25.9,0
2026-04-08T00:00,Brussels,10.2,0.0,0.0,13.2,26.3,0
2026-04-08T01:00,Brussels,9.3,0.0,0.0,12.8,26.6,0
2026-04-08T02:00,Brussels,9.2,0.0,0.0,11.9,25.6,0
2026-04-08T03:00,Brussels,8.7,0.0,0.0,10.5,23.0,0
2026-04-08T04:00,Brussels,8.1,0.0,0.0,9.4,20.9,0
2026-04-08T05:00,Brussels,7.6,0.0,0.0,8.6,18.4,0
2026-04-08T06:00,Brussels,7.2,0.0,0.0,8.4,16.9,0
2026-04-08T07:00,Brussels,7.0,0.0,0.0,8.3,16.2,0
2026-04-08T08:00,Brussels,8.4,0.0,0.0,8.3,16.9,0
2026-04-08T09:00,Brussels,10.0,0.0,0.0,7.0,15.5,0
2026-04-08T10:00,Brussels,12.3,0.0,0.0,3.4,13.7,0
2026-04-08T11:00,Brussels,14.8,0.0,0.0,2.8,12.6,0
2026-04-08T12:00,Brussels,17.0,0.0,0.0,3.3,14.4,0
2026-04-08T13:00,Brussels,18.6,0.0,0.0,4.8,17.3,0
2026-04-08T14:00,Brussels,20.2,0.0,0.0,7.2,20.5,1
2026-04-08T15:00,Brussels,20.7,0.0,0.0,7.7,22.3,2
2026-04-08T16:00,Brussels,20.8,0.0,0.0,7.4,22.3,1
2026-04-08T17:00,Brussels,20.7,0.0,0.0,7.3,21.2,1
2026-04-08T18:00,Brussels,20.3,0.0,0.0,6.5,19.8,3
2026-04-08T19:00,Brussels,19.4,0.0,0.0,5.1,16.6,0
2026-04-08T20:00,Brussels,18.3,0.0,0.0,5.6,10.8,1
2026-04-08T21:00,Brussels,16.9,0.0,0.0,9.4,16.9,3
2026-04-08T22:00,Brussels,15.4,0.0,0.0,10.7,20.9,2
2026-04-08T23:00,Brussels,14.1,0.0,0.0,10.5,20.9,0
2026-04-09T00:00,Brussels,13.0,0.0,0.0,10.4,20.5,0
2026-04-09T01:00,Brussels,12.0,0.0,0.0,9.7,20.2,1
2026-04-09T02:00,Brussels,11.8,0.0,0.0,8.3,18.7,0
2026-04-09T03:00,Brussels,11.0,0.0,0.0,7.7,15.8,0
2026-04-09T04:00,Brussels,10.5,0.0,0.0,7.1,14.8,0
2026-04-09T05:00,Brussels,9.6,0.0,0.0,5.2,13.3,2
2026-04-09T06:00,Brussels,10.1,0.0,0.0,6.7,12.6,0
2026-04-09T07:00,Brussels,10.1,0.0,0.0,7.8,14.8,0
2026-04-09T08:00,Brussels,10.5,0.0,0.0,8.7,16.9,0
2026-04-09T09:00,Brussels,12.4,0.0,0.0,9.1,17.6,0
2026-04-09T10:00,Brussels,14.7,0.0,0.0,7.3,19.1,3
2026-04-09T11:00,Brussels,17.0,0.0,0.0,6.8,19.4,3
2026-04-09T12:00,Brussels,19.1,0.0,0.0,7.9,22.7,2
2026-04-09T13:00,Brussels,20.7,0.0,0.0,8.5,24.5,2
2026-04-09T14:00,Brussels,22.2,0.0,0.0,8.5,25.9,1
2026-04-09T15:00,Brussels,23.1,0.0,0.0,10.1,28.1,1
2026-04-09T16:00,Brussels,23.1,0.0,0.0,10.4,28.4,2
2026-04-09T17:00,Brussels,23.0,0.0,0.0,11.3,29.5,3
2026-04-09T18:00,Brussels,22.5,0.0,0.0,10.3,29.5,3
2026-04-09T19:00,Brussels,20.3,0.2,0.2,8.5,27.7,51
2026-04-09T20:00,Brussels,19.6,1.5,1.5,9.8,17.6,61
2026-04-09T21:00,Brussels,17.6,1.5,1.5,12.7,24.8,61
2026-04-09T22:00,Brussels,17.1,0.0,0.0,15.9,30.6,3
2026-04-09T23:00,Brussels,16.0,0.0,0.0,21.0,43.9,3
2026-04-10T00:00,Brussels,14.1,0.0,0.0,19.4,49.0,3
2026-04-10T01:00,Brussels,13.0,0.0,0.0,18.2,42.8,3
2026-04-10T02:00,Brussels,10.9,0.0,0.0,17.7,41.8,3
2026-04-10T03:00,Brussels,9.6,0.0,0.0,15.0,44.3,3
2026-04-10T04:00,Brussels,9.0,0.0,0.0,14.4,34.9,3
2026-04-10T05:00,Brussels,8.4,0.0,0.0,15.2,34.9,3
2026-04-10T06:00,Brussels,7.9,0.0,0.0,13.6,35.3,3
2026-04-10T07:00,Brussels,7.6,0.0,0.0,11.2,29.9,3
2026-04-10T08:00,Brussels,7.5,0.0,0.0,7.5,24.1,3
2026-04-10T09:00,Brussels,7.9,0.0,0.0,5.0,16.9,3
2026-04-10T10:00,Brussels,8.6,0.0,0.0,5.4,17.6,3
2026-04-10T11:00,Brussels,9.4,0.0,0.0,4.2,18.0,3
2026-04-10T12:00,Brussels,10.5,0.0,0.0,3.3,16.6,3
2026-04-10T13:00,Brussels,11.3,0.0,0.0,4.9,19.4,3
2026-04-10T14:00,Brussels,12.0,0.0,0.0,6.8,25.6,3
2026-04-10T15:00,Brussels,12.5,0.0,0.0,7.9,24.5,3
2026-04-10T16:00,Brussels,12.0,0.0,0.0,8.0,24.8,3
2026-04-10T17:00,Brussels,12.3,0.0,0.0,7.6,23.8,3
2026-04-10T18:00,Brussels,12.2,0.0,0.0,6.0,21.6,3
2026-04-10T19:00,Brussels,12.0,0.0,0.0,2.1,17.3,3
2026-04-10T20:00,Brussels,11.7,0.0,0.0,3.2,8.6,3
2026-04-10T21:00,Brussels,11.2,0.0,0.0,8.0,17.6,3
2026-04-10T22:00,Brussels,10.5,0.0,0.0,9.1,19.1,3
2026-04-10T23:00,Brussels,9.5,0.0,0.0,11.8,23.8,3
2026-04-11T00:00,Brussels,9.0,0.0,0.0,13.2,27.0,3
2026-04-11T01:00,Brussels,8.5,0.0,0.0,10.7,27.0,3
2026-04-11T02:00,Brussels,8.4,0.0,0.0,11.5,21.2,3
2026-04-11T03:00,Brussels,8.0,0.0,0.0,11.2,23.4,3
2026-04-11T04:00,Brussels,7.9,0.0,0.0,10.9,22.7,3
2026-04-11T05:00,Brussels,8.1,0.0,0.0,11.5,22.7,3
2026-04-11T06:00,Brussels,7.8,0.2,0.2,13.6,27.0,51
2026-04-11T07:00,Brussels,8.0,0.0,0.0,13.6,28.4,3
2026-04-11T08:00,Brussels,8.7,0.0,0.0,14.8,29.5,3
2026-04-11T09:00,Brussels,10.2,0.0,0.0,13.5,28.1,3
2026-04-11T10:00,Brussels,12.2,0.0,0.0,12.2,28.1,3
2026-04-11T11:00,Brussels,14.5,0.0,0.0,14.0,33.5,3
2026-04-11T12:00,Brussels,17.6,0.0,0.0,15.9,39.2,3
2026-04-11T13:00,Brussels,19.9,0.0,0.0,17.7,43.6,3
2026-04-11T14:00,Brussels,21.1,0.0,0.0,18.6,50.0,3
2026-04-11T15:00,Brussels,19.1,0.3,0.3,23.6,54.0,51
2026-04-11T16:00,Brussels,17.4,0.1,0.1,23.9,57.6,51
2026-04-11T17:00,Brussels,14.4,0.2,0.2,22.5,54.4,51
2026-04-11T18:00,Brussels,12.3,0.0,0.0,20.8,54.4,3
2026-04-11T19:00,Brussels,11.5,0.0,0.0,22.9,52.6,3
2026-04-11T20:00,Brussels,10.2,0.0,0.0,18.2,53.6,3
2026-04-11T21:00,Brussels,9.8,0.0,0.0,13.1,42.1,3
2026-04-11T22:00,Brussels,9.5,0.0,0.0,12.8,30.2,3
2026-04-11T23:00,Brussels,9.3,0.0,0.0,12.2,29.5,3
2026-04-12T00:00,Brussels,8.5,0.0,0.0,12.7,28.1,3
2026-04-12T01:00,Brussels,7.7,0.0,0.0,12.8,27.4,3
2026-04-12T02:00,Brussels,6.8,0.0,0.0,13.4,29.2,3
2026-04-12T03:00,Brussels,6.4,0.0,0.0,12.5,28.1,3
2026-04-12T04:00,Brussels,6.0,0.0,0.0,12.4,26.6,3
2026-04-12T05:00,Brussels,5.7,0.0,0.0,12.4,25.9,3
2026-04-12T06:00,Brussels,5.9,0.0,0.0,13.4,27.4,3
2026-04-12T07:00,Brussels,6.1,0.0,0.0,14.2,29.5,3
2026-04-12T08:00,Brussels,6.4,0.0,0.0,13.4,29.5,3
2026-04-12T09:00,Brussels,7.5,0.0,0.0,11.4,26.3,3
2026-04-12T10:00,Brussels,9.0,0.0,0.0,12.1,30.6,3
2026-04-12T11:00,Brussels,10.6,0.0,0.0,13.5,34.9,3
2026-04-12T12:00,Brussels,12.0,0.0,0.0,17.2,40.7,3
2026-04-12T13:00,Brussels,13.2,0.0,0.0,17.0,45.0,3
2026-04-12T14:00,Brussels,13.1,0.0,0.0,15.8,43.2,3
2026-04-12T15:00,Brussels,13.7,0.0,0.0,15.0,40.0,3
2026-04-12T16:00,Brussels,14.3,0.0,0.0,14.7,38.5,3
2026-04-12T17:00,Brussels,14.1,0.0,0.0,13.7,37.1,3
2026-04-12T18:00,Brussels,13.8,0.0,0.0,12.6,34.9,3
2026-04-12T19:00,Brussels,13.4,0.0,0.0,10.6,31.7,3
2026-04-12T20:00,Brussels,12.1,0.0,0.0,9.6,26.6,3
2026-04-12T21:00,Brussels,11.1,0.0,0.0,10.0,20.9,3
2026-04-12T22:00,Brussels,10.5,0.0,0.0,8.5,20.2,3
2026-04-12T23:00,Brussels,9.8,0.0,0.0,7.6,16.6,3
2026-04-13T00:00,Brussels,9.3,0.0,0.0,6.9,14.8,3
2026-04-13T01:00,Brussels,8.6,0.0,0.0,6.5,13.3,3
2026-04-13T02:00,Brussels,8.5,0.0,0.0,5.3,12.6,3
2026-04-13T03:00,Brussels,7.6,0.0,0.0,3.8,10.1,3
2026-04-13T04:00,Brussels,7.0,0.0,0.0,3.6,8.3,3
2026-04-13T05:00,Brussels,6.6,0.0,0.0,1.0,7.6,3
2026-04-13T06:00,Brussels,6.0,0.0,0.0,1.6,4.0,3
2026-04-13T07:00,Brussels,5.9,0.0,0.0,0.9,4.0,3
2026-04-13T08:00,Brussels,6.2,0.0,0.0,0.9,2.9,3
2026-04-13T09:00,Brussels,7.5,0.0,0.0,1.8,7.2,3
2026-04-13T10:00,Brussels,9.2,0.0,0.0,2.5,11.2,3
2026-04-13T11:00,Brussels,10.3,0.0,0.0,3.2,13.0,3
2026-04-13T12:00,Brussels,11.1,0.0,0.0,3.1,13.3,3
2026-04-13T13:00,Brussels,11.6,0.0,0.0,2.8,13.7,3
2026-04-13T14:00,Brussels,12.7,0.0,0.0,2.8,12.6,3
2026-04-13T15:00,Brussels,13.0,0.0,0.0,3.6,14.4,3
2026-04-13T16:00,Brussels,13.2,0.0,0.0,3.9,15.8,3
2026-04-13T17:00,Brussels,12.9,0.0,0.0,5.1,16.6,3
2026-04-13T18:00,Brussels,12.5,0.0,0.0,4.8,16.9,3
2026-04-13T19:00,Brussels,12.7,0.0,0.0,5.5,16.2,3
2026-04-13T20:00,Brussels,11.7,0.0,0.0,12.2,15.8,3
2026-04-13T21:00,Brussels,10.2,0.1,0.1,7.2,25.9,51
2026-04-13T22:00,Brussels,9.6,0.0,0.0,4.6,13.7,0
2026-04-13T23:00,Brussels,8.6,0.0,0.0,5.2,10.8,0
2026-04-14T00:00,Brussels,7.7,0.0,0.0,6.7,13.0,0
2026-04-14T01:00,Brussels,6.9,0.0,0.0,7.6,15.1,0
2026-04-14T02:00,Brussels,6.6,0.0,0.0,7.0,15.1,0
2026-04-14T03:00,Brussels,6.0,0.0,0.0,6.5,14.0,0
2026-04-14T04:00,Brussels,5.4,0.0,0.0,6.9,13.3,0
2026-04-14T05:00,Brussels,5.0,0.0,0.0,7.0,14.0,1
2026-04-14T06:00,Brussels,4.7,0.0,0.0,6.5,13.7,1
2026-04-14T07:00,Brussels,4.3,0.0,0.0,5.8,12.6,2
2026-04-14T08:00,Brussels,4.7,0.0,0.0,6.1,12.6,1
2026-04-14T09:00,Brussels,6.4,0.0,0.0,4.3,14.0,0
2026-04-14T10:00,Brussels,8.7,0.0,0.0,3.6,15.5,0
2026-04-14T11:00,Brussels,10.8,0.0,0.0,4.1,17.6,0
2026-04-14T12:00,Brussels,12.3,0.0,0.0,4.2,19.1,0
2026-04-14T13:00,Brussels,13.4,0.0,0.0,4.8,20.2,0
2026-04-14T14:00,Brussels,14.0,0.0,0.0,4.2,21.6,1
2026-04-14T15:00,Brussels,15.1,0.0,0.0,4.7,20.9,0
2026-04-14T16:00,Brussels,15.6,0.0,0.0,5.2,21.2,0
2026-04-14T17:00,Brussels,15.7,0.0,0.0,5.6,21.2,1
2026-04-14T18:00,Brussels,15.5,0.0,0.0,5.9,21.2,2
2026-04-14T19:00,Brussels,15.0,0.0,0.0,5.3,20.2,3
2026-04-14T20:00,Brussels,14.7,0.0,0.0,3.6,16.6,3
2026-04-14T21:00,Brussels,13.3,0.0,0.0,1.5,7.2,1
2026-04-14T22:00,Brussels,12.5,0.0,0.0,1.8,4.7,0
2026-04-14T23:00,Brussels,12.0,0.0,0.0,6.7,12.2,0
2026-04-15T00:00,Brussels,11.2,0.0,0.0,10.6,19.8,0
2026-04-15T01:00,Brussels,10.4,0.0,0.0,10.6,21.6,2
2026-04-15T02:00,Brussels,9.2,0.0,0.0,10.3,20.5,0
2026-04-15T03:00,Brussels,8.4,0.0,0.0,9.5,19.4,0
2026-04-15T04:00,Brussels,8.1,0.0,0.0,9.9,18.7,3
2026-04-15T05:00,Brussels,8.3,0.0,0.0,10.7,20.2,3
2026-04-15T06:00,Brussels,8.2,0.0,0.0,11.3,21.6,3
2026-04-15T07:00,Brussels,8.0,0.0,0.0,11.5,22.7,3
2026-04-15T08:00,Brussels,9.1,0.0,0.0,12.1,23.8,3
2026-04-15T09:00,Brussels,10.9,0.0,0.0,11.5,24.5,3
2026-04-15T10:00,Brussels,13.5,0.0,0.0,9.7,25.2,3
2026-04-15T11:00,Brussels,15.6,0.0,0.0,12.6,31.7,3
2026-04-15T12:00,Brussels,16.9,0.0,0.0,15.6,40.3,3
2026-04-15T13:00,Brussels,17.7,0.0,0.0,16.2,42.1,0
2026-04-15T14:00,Brussels,18.6,0.0,0.0,15.4,43.2,0
2026-04-15T15:00,Brussels,19.1,0.0,0.0,15.4,41.0,0
2026-04-15T16:00,Brussels,19.2,0.0,0.0,15.4,40.7,2
2026-04-15T17:00,Brussels,19.6,0.0,0.0,16.6,41.8,3
2026-04-15T18:00,Brussels,18.4,0.0,0.0,17.5,43.9,3
2026-04-15T19:00,Brussels,17.5,0.0,0.0,13.7,43.2,3
2026-04-15T20:00,Brussels,17.2,0.0,0.0,10.8,31.0,2
2026-04-15T21:00,Brussels,15.7,0.0,0.0,10.2,23.0,1
2026-04-15T22:00,Brussels,14.7,0.0,0.0,11.0,21.6,1
2026-04-15T23:00,Brussels,14.0,0.0,0.0,11.8,23.4,3
2026-04-16T00:00,Brussels,13.6,0.0,0.0,13.2,28.8,3
2026-04-16T01:00,Brussels,12.8,0.2,0.2,11.1,32.8,51
2026-04-16T02:00,Brussels,12.3,0.0,0.0,11.5,22.3,1
2026-04-16T03:00,Brussels,11.8,0.1,0.1,10.7,24.1,51
2026-04-16T04:00,Brussels,11.5,0.0,0.0,8.9,21.6,1
2026-04-16T05:00,Brussels,10.8,0.0,0.0,9.3,18.4,1
2026-04-16T06:00,Brussels,10.2,0.0,0.0,8.6,18.4,1
2026-04-16T07:00,Brussels,9.8,0.0,0.0,8.5,16.9,3
2026-04-16T08:00,Brussels,11.5,0.0,0.0,7.2,16.6,3
2026-04-16T09:00,Brussels,12.7,0.0,0.0,6.4,16.2,3
2026-04-16T10:00,Brussels,14.0,0.0,0.0,8.2,22.0,3
2026-04-16T11:00,Brussels,14.6,0.1,0.1,11.0,28.1,51
2026-04-16T12:00,Brussels,14.4,0.1,0.1,12.7,33.8,51
2026-04-16T13:00,Brussels,15.4,0.1,0.1,10.8,32.8,51
2026-04-16T14:00,Brussels,16.6,0.0,0.0,9.3,34.2,2
2026-04-16T15:00,Brussels,17.7,0.0,0.0,12.6,34.6,2
2026-04-16T16:00,Brussels,17.6,0.0,0.0,13.6,36.4,2
2026-04-16T17:00,Brussels,17.7,0.0,0.0,12.0,35.6,1
2026-04-16T18:00,Brussels,17.3,0.0,0.0,11.9,32.8,2
2026-04-16T19:00,Brussels,16.5,0.0,0.0,11.6,31.7,2
2026-04-16T20:00,Brussels,15.9,0.0,0.0,10.1,29.5,1
2026-04-16T21:00,Brussels,14.8,0.0,0.0,7.9,21.2,0
2026-04-16T22:00,Brussels,14.1,0.0,0.0,6.0,15.5,1
2026-04-16T23:00,Brussels,12.8,0.0,0.0,3.4,11.5,0
2026-04-17T00:00,Brussels,11.9,0.0,0.0,2.1,6.5,0
2026-04-17T01:00,Brussels,11.6,0.0,0.0,2.0,5.8,1
2026-04-17T02:00,Brussels,10.5,0.0,0.0,5.8,10.1,2
2026-04-17T03:00,Brussels,9.8,0.0,0.0,7.3,13.3,3
2026-04-17T04:00,Brussels,9.6,0.0,0.0,8.3,15.5,3
2026-04-17T05:00,Brussels,9.4,0.0,0.0,8.8,16.2,3
2026-04-17T06:00,Brussels,9.3,0.0,0.0,9.9,18.4,3
2026-04-17T07:00,Brussels,9.2,0.0,0.0,9.5,18.7,2
2026-04-17T08:00,Brussels,10.6,0.0,0.0,9.2,18.0,1
2026-04-17T09:00,Brussels,12.5,0.0,0.0,7.9,18.0,1
2026-04-17T10:00,Brussels,15.1,0.0,0.0,5.6,16.9,2
2026-04-17T11:00,Brussels,17.2,0.0,0.0,7.5,23.0,3
2026-04-17T12:00,Brussels,18.6,0.0,0.0,8.4,25.9,3
2026-04-17T13:00,Brussels,19.2,0.0,0.0,10.3,29.9,3
2026-04-17T14:00,Brussels,19.1,0.0,0.0,9.9,30.6,3
2026-04-17T15:00,Brussels,19.4,0.0,0.0,9.7,28.1,3
2026-04-17T16:00,Brussels,19.7,0.0,0.0,10.3,28.4,3
2026-04-17T17:00,Brussels,19.5,0.0,0.0,11.2,29.5,3
2026-04-17T18:00,Brussels,19.2,0.0,0.0,10.5,29.9,3
2026-04-17T19:00,Brussels,18.5,0.0,0.0,10.5,28.1,3
2026-04-17T20:00,Brussels,18.1,0.0,0.0,8.1,26.6,2
2026-04-17T21:00,Brussels,17.0,0.0,0.0,7.8,16.2,1
2026-04-17T22:00,Brussels,16.4,0.0,0.0,7.3,15.5,1
2026-04-17T23:00,Brussels,15.4,0.0,0.0,6.0,14.0,1
2026-04-18T00:00,Brussels,14.1,0.0,0.0,4.5,11.2,0
2026-04-18T01:00,Brussels,13.0,0.0,0.0,0.4,9.0,0
2026-04-18T02:00,Brussels,12.0,0.0,0.0,2.1,1.8,1
2026-04-18T03:00,Brussels,11.8,0.0,0.0,2.6,5.4,2
2026-04-18T04:00,Brussels,11.7,0.0,0.0,4.8,9.4,1
2026-04-18T05:00,Brussels,11.2,0.0,0.0,5.6,11.2,0
2026-04-18T06:00,Brussels,11.0,0.0,0.0,6.8,12.6,3
2026-04-18T07:00,Brussels,11.3,0.0,0.0,5.6,13.0,3
2026-04-18T08:00,Brussels,12.0,0.0,0.0,8.2,18.0,3
2026-04-18T09:00,Brussels,12.0,0.1,0.1,5.7,15.1,51
2026-04-18T10:00,Brussels,12.4,0.3,0.3,3.4,12.6,51
2026-04-18T11:00,Brussels,12.7,1.1,1.1,0.9,10.4,55
2026-04-18T12:00,Brussels,14.6,0.4,0.4,1.7,11.9,51
2026-04-18T13:00,Brussels,16.0,0.1,0.1,3.7,16.6,51
2026-04-18T14:00,Brussels,14.1,1.0,1.0,8.2,25.9,55
2026-04-18T15:00,Brussels,13.4,1.0,1.0,6.4,19.8,55
2026-04-18T16:00,Brussels,14.3,1.1,1.1,8.5,22.0,55
2026-04-18T17:00,Brussels,15.3,0.0,0.0,9.0,25.6,2
2026-04-18T18:00,Brussels,15.4,0.0,0.0,8.4,25.9,3
2026-04-18T19:00,Brussels,14.6,0.1,0.1,10.9,26.6,51
2026-04-18T20:00,Brussels,13.0,0.0,0.0,11.5,29.2,3
2026-04-18T21:00,Brussels,12.5,0.2,0.2,10.6,27.0,51
2026-04-18T22:00,Brussels,11.9,0.2,0.2,9.4,24.5,51
2026-04-18T23:00,Brussels,11.4,0.0,0.0,8.3,20.5,1
2026-04-19T00:00,Brussels,10.5,0.0,0.0,8.9,18.4,3
2026-04-19T01:00,Brussels,9.6,0.0,0.0,9.7,20.2,1
2026-04-19T02:00,Brussels,8.7,0.0,0.0,9.1,20.5,0
2026-04-19T03:00,Brussels,7.9,0.0,0.0,8.9,18.4,0
2026-04-19T04:00,Brussels,7.5,0.0,0.0,7.5,18.4,0
2026-04-19T05:00,Brussels,7.3,0.0,0.0,6.8,14.4,0
2026-04-19T06:00,Brussels,7.1,0.0,0.0,7.5,14.4,0
2026-04-19T07:00,Brussels,6.7,0.0,0.0,7.5,14.8,0
2026-04-19T08:00,Brussels,7.2,0.0,0.0,7.0,14.8,0
2026-04-19T09:00,Brussels,9.0,0.0,0.0,4.5,14.8,0
2026-04-19T10:00,Brussels,11.2,0.0,0.0,5.4,18.4,0
2026-04-19T11:00,Brussels,13.0,0.0,0.0,8.4,25.2,0
2026-04-19T12:00,Brussels,14.1,0.4,0.4,12.5,33.5,51
2026-04-19T13:00,Brussels,14.4,0.9,0.9,13.1,36.0,53
2026-04-19T14:00,Brussels,14.2,0.2,0.2,14.3,35.6,51
2026-04-19T15:00,Brussels,14.5,0.0,0.0,13.4,37.8,1
2026-04-19T16:00,Brussels,14.5,0.1,0.1,13.2,36.0,51
2026-04-19T17:00,Brussels,14.1,0.1,0.1,14.7,37.8,51
2026-04-19T18:00,Brussels,13.4,0.0,0.0,14.5,37.8,3
2026-04-19T19:00,Brussels,12.4,0.0,0.0,14.6,36.7,3
2026-04-19T20:00,Brussels,11.7,0.0,0.0,13.1,35.6,2
2026-04-19T21:00,Brussels,10.3,0.0,0.0,11.9,31.0,0
2026-04-19T22:00,Brussels,9.2,0.0,0.0,10.8,25.6,0
2026-04-19T23:00,Brussels,8.4,0.0,0.0,9.4,22.7,0
2026-04-20T00:00,Brussels,8.0,0.0,0.0,8.7,19.8,0
2026-04-20T01:00,Brussels,7.4,0.0,0.0,8.6,18.0,0
2026-04-20T02:00,Brussels,7.1,0.0,0.0,7.6,17.6,1
2026-04-20T03:00,Brussels,6.5,0.0,0.0,8.0,15.8,0
2026-04-20T04:00,Brussels,6.2,0.0,0.0,7.9,16.2,1
2026-04-20T05:00,Brussels,5.8,0.0,0.0,7.8,16.2,0
2026-04-20T06:00,Brussels,5.2,0.0,0.0,8.6,17.3,1
2026-04-20T07:00,Brussels,5.0,0.0,0.0,8.3,17.3,1
2026-04-20T08:00,Brussels,5.9,0.0,0.0,8.9,20.2,1
2026-04-20T09:00,Brussels,7.1,0.0,0.0,6.9,21.2,1
2026-04-20T10:00,Brussels,8.7,0.0,0.0,7.1,21.6,1
2026-04-20T11:00,Brussels,9.6,0.0,0.0,8.8,25.9,1
2026-04-20T12:00,Brussels,10.9,0.0,0.0,9.5,28.4,1
2026-04-20T13:00,Brussels,12.0,0.0,0.0,10.0,29.9,1
2026-04-20T14:00,Brussels,12.5,0.0,0.0,10.6,30.6,3
2026-04-20T15:00,Brussels,12.7,0.0,0.0,10.5,30.6,3
2026-04-20T16:00,Brussels,12.5,0.0,0.0,9.1,29.9,3
2026-04-20T17:00,Brussels,12.1,0.0,0.0,10.5,29.5,2
2026-04-20T18:00,Brussels,11.1,0.0,0.0,8.8,29.5,2
2026-04-20T19:00,Brussels,10.6,0.3,0.3,8.7,24.1,51
2026-04-20T20:00,Brussels,10.2,0.1,0.1,7.9,23.4,51
2026-04-20T21:00,Brussels,9.3,0.0,0.0,5.0,19.1,0
2026-04-20T22:00,Brussels,8.7,0.0,0.0,6.0,12.2,0
2026-04-20T23:00,Brussels,8.1,0.0,0.0,7.4,14.0,0
2026-04-21T00:00,Brussels,7.5,0.0,0.0,10.2,19.8,0
2026-04-21T01:00,Brussels,6.7,0.0,0.0,11.5,23.4,0
2026-04-21T02:00,Brussels,5.8,0.0,0.0,10.7,23.4,1
2026-04-21T03:00,Brussels,5.4,0.0,0.0,8.8,20.9,1
2026-04-21T04:00,Brussels,5.4,0.0,0.0,9.1,18.0,2
2026-04-21T05:00,Brussels,5.0,0.0,0.0,9.0,18.4,0
2026-04-21T06:00,Brussels,4.7,0.0,0.0,8.5,17.6,1
2026-04-21T07:00,Brussels,4.6,0.0,0.0,8.0,16.9,0
2026-04-21T08:00,Brussels,5.8,0.0,0.0,10.6,24.5,1
2026-04-21T09:00,Brussels,7.2,0.0,0.0,14.3,32.4,2
2026-04-21T10:00,Brussels,8.7,0.0,0.0,15.7,37.4,3
2026-04-21T11:00,Brussels,9.7,0.0,0.0,15.8,38.2,3
2026-04-21T12:00,Brussels,11.4,0.0,0.0,15.3,38.9,2
2026-04-21T13:00,Brussels,12.7,0.0,0.0,14.7,37.8,2
2026-04-21T14:00,Brussels,13.4,0.0,0.0,16.6,38.2,1
2026-04-21T15:00,Brussels,14.1,0.3,0.3,17.0,42.1,51
2026-04-21T16:00,Brussels,14.5,0.2,0.2,16.6,43.2,51
2026-04-21T17:00,Brussels,14.4,0.0,0.0,17.8,43.6,1
2026-04-21T18:00,Brussels,14.5,0.0,0.0,15.6,43.6,1
2026-04-21T19:00,Brussels,14.2,0.0,0.0,14.1,38.2,0
2026-04-21T20:00,Brussels,13.3,0.0,0.0,12.0,35.3,0
2026-04-21T21:00,Brussels,11.9,0.0,0.0,13.3,27.7,0
2026-04-21T22:00,Brussels,10.8,0.0,0.0,12.7,28.1,0
2026-04-21T23:00,Brussels,10.0,0.0,0.0,13.8,28.1,0
2026-04-22T00:00,Brussels,9.4,0.0,0.0,13.6,28.8,0
2026-04-22T01:00,Brussels,8.6,0.0,0.0,13.0,28.1,0
2026-04-22T02:00,Brussels,7.8,0.0,0.0,12.5,26.6,0
2026-04-22T03:00,Brussels,7.0,0.0,0.0,11.9,24.8,0
2026-04-22T04:00,Brussels,6.3,0.0,0.0,12.0,24.1,0
2026-04-22T05:00,Brussels,5.8,0.0,0.0,11.9,24.1,0
2026-04-22T06:00,Brussels,5.2,0.0,0.0,11.7,24.1,0
2026-04-22T07:00,Brussels,4.9,0.0,0.0,11.5,23.4,0
2026-04-22T08:00,Brussels,6.1,0.0,0.0,11.6,23.8,0
2026-04-22T09:00,Brussels,7.9,0.0,0.0,9.3,23.4,0
2026-04-22T10:00,Brussels,10.1,0.0,0.0,9.4,25.9,0
2026-04-22T11:00,Brussels,12.4,0.0,0.0,10.6,29.5,0
2026-04-22T12:00,Brussels,13.8,0.0,0.0,15.5,40.0,0
2026-04-22T13:00,Brussels,14.7,0.0,0.0,15.6,41.4,0
2026-04-22T14:00,Brussels,16.0,0.0,0.0,16.3,43.2,0
2026-04-22T15:00,Brussels,16.9,0.0,0.0,16.9,44.3,0
2026-04-22T16:00,Brussels,17.4,0.0,0.0,16.9,44.3,0
2026-04-22T17:00,Brussels,17.6,0.0,0.0,16.2,43.6,0
2026-04-22T18:00,Brussels,17.4,0.0,0.0,15.7,41.8,0
2026-04-22T19:00,Brussels,16.7,0.0,0.0,14.9,39.2,0
2026-04-22T20:00,Brussels,16.0,0.0,0.0,11.2,36.4,0
2026-04-22T21:00,Brussels,14.3,0.0,0.0,11.5,24.1,0
2026-04-22T22:00,Brussels,13.0,0.0,0.0,12.0,24.1,0
2026-04-22T23:00,Brussels,12.1,0.0,0.0,11.5,23.4,0
2026-04-23T00:00,Brussels,11.3,0.0,0.0,11.0,22.3,0
2026-04-23T01:00,Brussels,10.5,0.0,0.0,10.9,21.6,0
2026-04-23T02:00,Brussels,9.5,0.0,0.0,10.4,21.2,0
2026-04-23T03:00,Brussels,8.6,0.0,0.0,10.0,19.8,0
2026-04-23T04:00,Brussels,7.7,0.0,0.0,10.4,20.2,0
2026-04-23T05:00,Brussels,7.0,0.0,0.0,10.8,21.2,0
2026-04-23T06:00,Brussels,6.3,0.0,0.0,10.7,21.2,0
2026-04-23T07:00,Brussels,5.9,0.0,0.0,9.7,20.9,0
2026-04-23T08:00,Brussels,7.1,0.0,0.0,9.9,20.2,0
2026-04-23T09:00,Brussels,8.7,0.0,0.0,7.3,20.2,0
2026-04-23T10:00,Brussels,10.9,0.0,0.0,6.4,20.9,0
2026-04-23T11:00,Brussels,13.3,0.0,0.0,7.2,23.0,0
2026-04-23T12:00,Brussels,15.5,0.0,0.0,8.3,26.6,0
2026-04-23T13:00,Brussels,16.9,0.0,0.0,8.1,27.4,0
2026-04-23T14:00,Brussels,18.0,0.0,0.0,8.2,27.0,0
2026-04-23T15:00,Brussels,19.3,0.0,0.0,8.8,28.1,0
2026-04-23T16:00,Brussels,20.0,0.0,0.0,9.1,28.4,0
2026-04-23T17:00,Brussels,20.2,0.0,0.0,10.2,29.5,0
2026-04-23T18:00,Brussels,19.8,0.0,0.0,11.4,30.6,0
2026-04-23T19:00,Brussels,18.8,0.0,0.0,12.4,32.0,0
2026-04-23T20:00,Brussels,17.3,0.0,0.0,12.7,31.7,0
2026-04-23T21:00,Brussels,15.3,0.0,0.0,13.2,28.8,0
2026-04-23T22:00,Brussels,13.8,0.0,0.0,13.2,27.4,0
2026-04-23T23:00,Brussels,12.6,0.0,0.0,13.0,27.0,0
2026-04-24T00:00,Brussels,11.1,0.0,0.0,12.5,26.6,0
2026-04-24T01:00,Brussels,9.6,0.0,0.0,11.9,25.9,0
2026-04-24T02:00,Brussels,8.1,0.0,0.0,11.5,24.1,0
2026-04-24T03:00,Brussels,6.9,0.0,0.0,10.2,23.0,0
2026-04-24T04:00,Brussels,6.1,0.0,0.0,9.6,20.9,0
2026-04-24T05:00,Brussels,5.4,0.0,0.0,8.6,19.4,0
2026-04-24T06:00,Brussels,4.9,0.0,0.0,7.8,17.3,0
2026-04-24T07:00,Brussels,4.5,0.0,0.0,7.9,15.8,0
2026-04-24T08:00,Brussels,5.5,0.0,0.0,9.6,20.9,3
2026-04-24T09:00,Brussels,5.8,0.0,0.0,7.8,24.1,3
2026-04-24T10:00,Brussels,7.0,0.0,0.0,6.3,21.2,3
2026-04-24T11:00,Brussels,9.1,0.0,0.0,4.6,20.2,2
2026-04-24T12:00,Brussels,11.9,0.0,0.0,4.7,20.5,0
2026-04-24T13:00,Brussels,14.3,0.0,0.0,5.3,22.3,0
2026-04-24T14:00,Brussels,16.0,0.0,0.0,6.3,23.4,0
2026-04-24T15:00,Brussels,18.0,0.0,0.0,6.8,25.2,0
2026-04-24T16:00,Brussels,18.9,0.0,0.0,7.6,25.9,0
2026-04-24T17:00,Brussels,19.2,0.0,0.0,8.4,26.3,0
2026-04-24T18:00,Brussels,18.9,0.0,0.0,9.9,27.7,0
2026-04-24T19:00,Brussels,17.5,0.0,0.0,12.2,31.3,0
2026-04-24T20:00,Brussels,15.2,0.0,0.0,12.4,32.0,0
2026-04-24T21:00,Brussels,13.2,0.0,0.0,11.5,29.2,1
2026-04-24T22:00,Brussels,12.0,0.0,0.0,10.9,24.1,0
2026-04-24T23:00,Brussels,11.4,0.0,0.0,10.1,20.9,1
2026-04-25T00:00,Brussels,10.8,0.0,0.0,9.1,20.2,3
2026-04-25T01:00,Brussels,10.1,0.0,0.0,9.5,19.1,3
2026-04-25T02:00,Brussels,9.2,0.0,0.0,9.6,19.8,0
2026-04-25T03:00,Brussels,7.9,0.0,0.0,8.5,19.4,0
2026-04-25T04:00,Brussels,6.8,0.0,0.0,7.1,18.0,0
2026-04-25T05:00,Brussels,5.9,0.0,0.0,7.1,15.1,0
2026-04-25T06:00,Brussels,5.1,0.0,0.0,7.0,14.8,0
2026-04-25T07:00,Brussels,4.7,0.0,0.0,6.2,14.4,0
2026-04-25T08:00,Brussels,5.0,0.0,0.0,5.7,14.4,3
2026-04-25T09:00,Brussels,6.3,0.0,0.0,3.8,15.8,2
2026-04-25T10:00,Brussels,8.4,0.0,0.0,2.5,14.8,1
2026-04-25T11:00,Brussels,10.7,0.0,0.0,3.0,16.9,0
2026-04-25T12:00,Brussels,13.1,0.0,0.0,3.3,18.4,0
2026-04-25T13:00,Brussels,15.3,0.0,0.0,4.0,20.2,0
2026-04-25T14:00,Brussels,15.6,0.0,0.0,4.9,21.6,1
2026-04-25T15:00,Brussels,17.3,0.0,0.0,5.6,23.0,1
2026-04-25T16:00,Brussels,18.1,0.0,0.0,6.5,24.1,1
2026-04-25T17:00,Brussels,18.3,0.0,0.0,8.0,25.9,2
2026-04-25T18:00,Brussels,18.1,0.0,0.0,8.7,26.6,0
2026-04-25T19:00,Brussels,17.6,0.0,0.0,9.3,26.3,1
2026-04-25T20:00,Brussels,16.4,0.0,0.0,10.3,26.3,0
2026-04-25T21:00,Brussels,14.6,0.0,0.0,11.6,25.2,0
2026-04-25T22:00,Brussels,12.9,0.0,0.0,10.7,24.8,0
2026-04-25T23:00,Brussels,11.8,0.0,0.0,8.1,21.6,0
2026-04-26T00:00,Brussels,10.8,0.0,0.0,8.5,16.9,2
2026-04-26T01:00,Brussels,10.0,0.0,0.0,8.1,17.3,1
2026-04-26T02:00,Brussels,8.5,0.0,0.0,7.9,16.9,0
2026-04-26T03:00,Brussels,7.7,0.0,0.0,7.7,15.8,0
2026-04-26T04:00,Brussels,7.2,0.0,0.0,8.4,16.6,0
2026-04-26T05:00,Brussels,6.6,0.0,0.0,9.3,18.7,1
2026-04-26T06:00,Brussels,5.9,0.0,0.0,9.6,19.4,1
2026-04-26T07:00,Brussels,5.7,0.0,0.0,10.0,20.2,0
2026-04-26T08:00,Brussels,6.6,0.0,0.0,7.9,20.5,0
2026-04-26T09:00,Brussels,8.3,0.0,0.0,8.4,22.7,0
2026-04-26T10:00,Brussels,10.4,0.0,0.0,8.7,25.2,0
2026-04-26T11:00,Brussels,12.3,0.0,0.0,7.8,25.6,0
2026-04-26T12:00,Brussels,14.0,0.0,0.0,6.9,24.8,0
2026-04-26T13:00,Brussels,15.5,0.0,0.0,6.1,24.5,2
2026-04-26T14:00,Brussels,15.9,0.0,0.0,6.7,24.1,1
2026-04-26T15:00,Brussels,17.2,0.0,0.0,6.5,24.8,3
2026-04-26T16:00,Brussels,18.0,0.0,0.0,6.0,24.5,3
2026-04-26T17:00,Brussels,18.5,0.0,0.0,6.0,23.0,1
2026-04-26T18:00,Brussels,18.5,0.0,0.0,6.4,22.0,3
2026-04-26T19:00,Brussels,18.1,0.0,0.0,7.3,22.0,3
2026-04-26T20:00,Brussels,17.3,0.0,0.0,7.9,21.6,3
2026-04-26T21:00,Brussels,16.1,0.0,0.0,8.7,19.4,3
2026-04-26T22:00,Brussels,15.2,0.0,0.0,10.6,21.6,3
2026-04-26T23:00,Brussels,14.3,0.0,0.0,11.5,23.8,3
2026-04-27T00:00,Brussels,13.4,0.0,0.0,10.2,23.8,3
2026-04-27T01:00,Brussels,12.5,0.0,0.0,8.8,20.9,3
2026-04-27T02:00,Brussels,11.0,0.0,0.0,8.0,17.6,2
2026-04-27T03:00,Brussels,10.0,0.0,0.0,7.8,15.8,2
2026-04-27T04:00,Brussels,9.1,0.0,0.0,7.3,15.5,1
2026-04-27T05:00,Brussels,8.3,0.0,0.0,7.5,15.1,1
2026-04-27T06:00,Brussels,7.6,0.0,0.0,8.0,15.8,3
2026-04-27T07:00,Brussels,7.1,0.0,0.0,8.9,17.6,3
2026-04-27T08:00,Brussels,8.1,0.0,0.0,8.1,18.4,3
2026-04-27T09:00,Brussels,9.2,0.0,0.0,6.5,18.4,3
2026-04-27T10:00,Brussels,11.0,0.0,0.0,5.4,18.4,3
2026-04-27T11:00,Brussels,13.8,0.0,0.0,6.5,21.6,3
2026-04-27T12:00,Brussels,15.8,0.0,0.0,8.8,27.4,1
2026-04-27T13:00,Brussels,17.2,0.0,0.0,8.6,28.4,1
2026-04-27T14:00,Brussels,18.1,0.0,0.0,7.4,27.7,0
2026-04-27T15:00,Brussels,19.2,0.0,0.0,7.4,25.9,0
2026-04-27T16:00,Brussels,19.8,0.0,0.0,8.1,27.0,0
2026-04-27T17:00,Brussels,20.1,0.0,0.0,8.4,27.0,0
2026-04-27T18:00,Brussels,20.0,0.0,0.0,9.6,27.4,2
2026-04-27T19:00,Brussels,19.0,0.0,0.0,11.9,30.6,3
2026-04-27T20:00,Brussels,18.0,0.0,0.0,12.3,31.3,3
2026-04-27T21:00,Brussels,16.4,0.0,0.0,12.5,29.2,1
2026-04-27T22:00,Brussels,15.3,0.0,0.0,12.3,25.9,1
2026-04-27T23:00,Brussels,14.6,0.0,0.0,12.2,25.6,3
2026-04-28T00:00,Brussels,14.0,0.0,0.0,12.5,26.6,3
2026-04-28T01:00,Brussels,13.4,0.0,0.0,12.5,27.7,3
2026-04-28T02:00,Brussels,12.4,0.0,0.0,12.9,27.4,3
2026-04-28T03:00,Brussels,11.6,0.0,0.0,12.9,28.1,3
2026-04-28T04:00,Brussels,11.1,0.0,0.0,13.0,27.7,3
2026-04-28T05:00,Brussels,10.6,0.0,0.0,13.6,29.9,3
2026-04-28T06:00,Brussels,9.7,0.0,0.0,13.3,29.9,1
2026-04-28T07:00,Brussels,8.8,0.0,0.0,13.0,28.8,0
2026-04-28T08:00,Brussels,8.8,0.0,0.0,12.4,29.5,1
2026-04-28T09:00,Brussels,9.9,0.0,0.0,13.1,32.8,1
2026-04-28T10:00,Brussels,11.9,0.0,0.0,12.4,33.1,1
2026-04-28T11:00,Brussels,13.9,0.0,0.0,13.2,35.3,2
2026-04-28T12:00,Brussels,15.8,0.0,0.0,14.4,37.8,3
2026-04-28T13:00,Brussels,17.6,0.0,0.0,17.1,42.8,0
2026-04-28T14:00,Brussels,19.3,0.0,0.0,19.0,47.5,0
2026-04-28T15:00,Brussels,20.3,0.0,0.0,18.8,48.6,0
2026-04-28T16:00,Brussels,20.8,0.0,0.0,19.3,48.6,0
2026-04-28T17:00,Brussels,20.7,0.0,0.0,19.5,49.0,0
2026-04-28T18:00,Brussels,20.3,0.0,0.0,19.4,48.2,0
2026-04-28T19:00,Brussels,19.8,0.0,0.0,19.7,47.5,0
2026-04-28T20:00,Brussels,18.8,0.0,0.0,18.6,47.2,0
2026-04-28T21:00,Brussels,17.5,0.0,0.0,18.0,43.6,0
2026-04-28T22:00,Brussels,16.5,0.0,0.0,19.0,41.4,0
2026-04-28T23:00,Brussels,15.6,0.0,0.0,18.7,41.4,0
2026-04-29T00:00,Brussels,14.8,0.0,0.0,18.5,40.3,0
2026-04-29T01:00,Brussels,14.1,0.0,0.0,18.8,40.7,0
2026-04-29T02:00,Brussels,12.8,0.0,0.0,18.4,41.0,0
2026-04-29T03:00,Brussels,12.0,0.0,0.0,17.5,39.6,0
2026-04-29T04:00,Brussels,11.4,0.0,0.0,18.0,38.9,0
2026-04-29T05:00,Brussels,10.8,0.0,0.0,18.8,40.3,0
2026-04-29T06:00,Brussels,10.1,0.0,0.0,19.1,41.4,0
2026-04-29T07:00,Brussels,9.6,0.0,0.0,19.0,41.4,0
2026-04-29T08:00,Brussels,10.1,0.0,0.0,16.1,40.7,0
2026-04-29T09:00,Brussels,11.2,0.0,0.0,18.5,42.8,0
2026-04-29T10:00,Brussels,12.9,0.0,0.0,18.6,45.4,0
2026-04-29T11:00,Brussels,14.8,0.0,0.0,19.2,47.2,0
2026-04-29T12:00,Brussels,16.7,0.0,0.0,20.0,49.7,0
2026-04-29T13:00,Brussels,18.1,0.0,0.0,21.5,53.3,0
2026-04-29T14:00,Brussels,19.2,0.0,0.0,21.0,53.3,0
2026-04-29T15:00,Brussels,20.0,0.0,0.0,20.4,52.6,0
2026-04-29T16:00,Brussels,20.3,0.0,0.0,19.9,51.1,0
2026-04-29T17:00,Brussels,20.3,0.0,0.0,20.2,50.0,0
2026-04-29T18:00,Brussels,20.0,0.0,0.0,20.0,49.7,0
2026-04-29T19:00,Brussels,19.3,0.0,0.0,20.2,49.0,0
2026-04-29T20:00,Brussels,18.8,0.0,0.0,18.0,48.2,0
2026-04-29T21:00,Brussels,17.4,0.0,0.0,16.7,42.1,0
2026-04-29T22:00,Brussels,16.4,0.0,0.0,17.1,37.1,0
2026-04-29T23:00,Brussels,15.5,0.0,0.0,17.4,37.8,0
2026-04-30T00:00,Brussels,14.7,0.0,0.0,17.9,38.2,0
2026-04-30T01:00,Brussels,13.8,0.0,0.0,18.6,40.0,0
2026-04-30T02:00,Brussels,12.1,0.0,0.0,17.5,40.0,0
2026-04-30T03:00,Brussels,11.2,0.0,0.0,16.9,37.4,0
2026-04-30T04:00,Brussels,10.4,0.0,0.0,16.0,36.4,0
2026-04-30T05:00,Brussels,9.7,0.0,0.0,15.7,34.2,0
2026-04-30T06:00,Brussels,9.0,0.0,0.0,15.5,33.1,0
2026-04-30T07:00,Brussels,8.7,0.0,0.0,15.7,32.8,0
2026-04-30T08:00,Brussels,9.5,0.0,0.0,13.2,33.5,0
2026-04-30T09:00,Brussels,11.0,0.0,0.0,14.6,34.2,0
2026-04-30T10:00,Brussels,12.8,0.0,0.0,15.8,39.2,0
2026-04-30T11:00,Brussels,14.5,0.0,0.0,15.7,40.3,0
2026-04-30T12:00,Brussels,16.3,0.0,0.0,17.0,43.6,0
2026-04-30T13:00,Brussels,17.6,0.0,0.0,17.8,45.7,0
2026-04-30T14:00,Brussels,18.8,0.0,0.0,18.2,46.8,0
2026-04-30T15:00,Brussels,19.7,0.0,0.0,18.6,47.2,0
2026-04-30T16:00,Brussels,20.4,0.0,0.0,18.7,47.9,0
2026-04-30T17:00,Brussels,20.7,0.0,0.0,19.1,47.5,0
2026-04-30T18:00,Brussels,20.5,0.0,0.0,19.1,47.5,0
2026-04-30T19:00,Brussels,20.0,0.0,0.0,19.3,46.4,0
2026-04-30T20:00,Brussels,19.2,0.0,0.0,17.7,46.1,0
2026-04-30T21:00,Brussels,17.6,0.0,0.0,17.7,40.0,0
2026-04-30T22:00,Brussels,16.4,0.0,0.0,15.6,38.2,0
2026-04-30T23:00,Brussels,15.3,0.0,0.0,14.6,33.1,0
2026-05-01T00:00,Brussels,14.4,0.0,0.0,13.6,30.2,0
2026-05-01T01:00,Brussels,13.6,0.0,0.0,13.4,28.4,0
2026-05-01T02:00,Brussels,12.1,0.0,0.0,13.5,28.1,0
2026-05-01T03:00,Brussels,11.0,0.0,0.0,12.9,27.7,0
2026-05-01T04:00,Brussels,10.5,0.0,0.0,12.9,25.9,0
2026-05-01T05:00,Brussels,10.1,0.0,0.0,12.5,25.6,0
2026-05-01T06:00,Brussels,9.8,0.0,0.0,12.4,24.8,0
2026-05-01T07:00,Brussels,9.7,0.0,0.0,12.6,24.8,0
2026-05-01T08:00,Brussels,11.1,0.0,0.0,12.6,25.2,0
2026-05-01T09:00,Brussels,13.1,0.0,0.0,10.3,24.8,0
2026-05-01T10:00,Brussels,15.4,0.0,0.0,10.8,28.8,0
2026-05-01T11:00,Brussels,17.6,0.0,0.0,10.2,29.2,0
2026-05-01T12:00,Brussels,19.7,0.0,0.0,10.5,30.2,0
2026-05-01T13:00,Brussels,21.3,0.0,0.0,10.8,32.0,0
2026-05-01T14:00,Brussels,22.7,0.0,0.0,10.1,32.0,0
2026-05-01T15:00,Brussels,23.8,0.0,0.0,9.6,30.2,0
2026-05-01T16:00,Brussels,24.4,0.0,0.0,8.5,29.5,0
2026-05-01T17:00,Brussels,24.6,0.0,0.0,8.2,26.6,0
2026-05-01T18:00,Brussels,24.6,0.0,0.0,7.0,25.2,0
2026-05-01T19:00,Brussels,24.3,0.0,0.0,6.8,22.0,0
2026-05-01T20:00,Brussels,24.1,0.0,0.0,3.0,19.4,0
2026-05-01T21:00,Brussels,21.7,0.0,0.0,1.3,6.5,0
2026-05-01T22:00,Brussels,20.1,0.0,0.0,2.6,5.4,0
2026-05-01T23:00,Brussels,19.5,0.0,0.0,8.3,15.1,0
2026-05-02T00:00,Brussels,18.5,0.0,0.0,9.6,18.7,0
2026-05-02T01:00,Brussels,17.9,0.0,0.0,9.8,18.7,1
2026-05-02T02:00,Brussels,16.4,0.0,0.0,11.1,20.2,0
2026-05-02T03:00,Brussels,15.4,0.0,0.0,11.6,23.4,3
2026-05-02T04:00,Brussels,15.2,0.0,0.0,11.7,23.4,3
2026-05-02T05:00,Brussels,14.9,0.0,0.0,12.0,28.1,3
2026-05-02T06:00,Brussels,14.2,0.0,0.0,9.8,24.5,2
2026-05-02T07:00,Brussels,13.6,0.0,0.0,8.3,19.8,1
2026-05-02T08:00,Brussels,14.9,0.0,0.0,7.1,19.4,3
2026-05-02T09:00,Brussels,16.1,0.0,0.0,4.3,16.9,3
2026-05-02T10:00,Brussels,17.9,0.0,0.0,5.2,18.4,3
2026-05-02T11:00,Brussels,19.6,0.0,0.0,6.9,23.0,3
2026-05-02T12:00,Brussels,20.9,0.0,0.0,9.2,32.0,3
2026-05-02T13:00,Brussels,21.5,0.0,0.0,8.0,32.0,3
2026-05-02T14:00,Brussels,22.4,0.0,0.0,8.5,30.2,3
2026-05-02T15:00,Brussels,23.2,0.0,0.0,6.7,31.0,2
2026-05-02T16:00,Brussels,24.0,0.0,0.0,6.2,29.5,3
2026-05-02T17:00,Brussels,24.2,0.0,0.0,5.3,26.6,3
2026-05-02T18:00,Brussels,24.1,0.0,0.0,6.2,22.7,3
2026-05-02T19:00,Brussels,20.1,3.1,3.1,7.1,25.2,63
2026-05-02T20:00,Brussels,22.7,1.0,1.0,4.1,23.4,55
2026-05-02T21:00,Brussels,21.3,0.0,0.0,6.3,14.0,3
2026-05-02T22:00,Brussels,20.2,0.0,0.0,5.9,15.8,3
2026-05-02T23:00,Brussels,19.1,0.0,0.0,6.4,13.3,3
2026-05-03T00:00,Brussels,18.3,0.0,0.0,7.4,15.1,3
2026-05-03T01:00,Brussels,17.4,0.5,0.5,8.8,22.3,53
2026-05-03T02:00,Brussels,14.9,0.3,0.3,8.8,20.9,51
2026-05-03T03:00,Brussels,14.3,2.8,2.8,6.0,23.0,63
2026-05-03T04:00,Brussels,14.0,1.3,1.3,8.2,22.0,61
2026-05-03T05:00,Brussels,13.8,0.0,0.0,7.9,16.2,3
2026-05-03T06:00,Brussels,13.8,0.0,0.0,11.0,20.9,3
2026-05-03T07:00,Brussels,14.1,0.0,0.0,10.2,20.9,3
2026-05-03T08:00,Brussels,14.9,0.2,0.2,10.3,22.3,51
2026-05-03T09:00,Brussels,15.1,0.2,0.2,13.1,27.0,51
2026-05-03T10:00,Brussels,15.5,0.2,0.2,11.2,26.6,51
2026-05-03T11:00,Brussels,15.6,0.0,0.0,11.8,29.5,3
2026-05-03T12:00,Brussels,15.5,0.8,0.8,13.3,30.2,53
2026-05-03T13:00,Brussels,15.5,1.1,1.1,12.3,29.2,55
2026-05-03T14:00,Brussels,14.9,0.4,0.4,12.5,31.3,51
2026-05-03T15:00,Brussels,16.3,0.3,0.3,14.8,34.9,51
2026-05-03T16:00,Brussels,16.8,0.2,0.2,13.6,36.0,51
2026-05-03T17:00,Brussels,17.3,0.0,0.0,12.7,34.6,3
2026-05-03T18:00,Brussels,17.7,0.0,0.0,12.7,33.8,3
2026-05-03T19:00,Brussels,15.7,1.4,1.4,13.2,34.2,61
2026-05-03T20:00,Brussels,14.6,1.1,1.1,5.0,27.4,55
2026-05-03T21:00,Brussels,14.5,0.1,0.1,7.1,13.3,51
2026-05-03T22:00,Brussels,13.8,0.0,0.0,8.6,15.8,3
2026-05-03T23:00,Brussels,13.4,0.0,0.0,9.4,18.0,2
2026-05-04T00:00,Brussels,13.2,0.0,0.0,9.7,18.7,0
2026-05-04T01:00,Brussels,12.9,0.0,0.0,9.7,18.7,0
2026-05-04T02:00,Brussels,13.4,0.0,0.0,11.3,18.7,2
2026-05-04T03:00,Brussels,12.9,0.0,0.0,10.3,22.7,3
2026-05-04T04:00,Brussels,12.7,0.0,0.0,8.6,20.5,3
2026-05-04T05:00,Brussels,12.5,0.0,0.0,6.7,16.6,3
2026-05-04T06:00,Brussels,12.4,0.0,0.0,6.6,13.3,3
2026-05-04T07:00,Brussels,12.4,0.0,0.0,7.0,13.3,3
2026-05-04T08:00,Brussels,13.3,0.0,0.0,6.6,15.8,3
2026-05-04T09:00,Brussels,14.2,0.0,0.0,5.0,16.2,3
2026-05-04T10:00,Brussels,15.1,0.1,0.1,2.9,14.4,51
2026-05-04T11:00,Brussels,16.1,0.1,0.1,1.4,12.6,51
2026-05-04T12:00,Brussels,16.9,0.1,0.1,1.0,10.8,51
2026-05-04T13:00,Brussels,17.5,0.0,0.0,0.6,9.4,3
2026-05-04T14:00,Brussels,17.1,0.0,0.0,2.3,9.0,3
2026-05-04T15:00,Brussels,17.4,0.0,0.0,0.9,10.4,3
2026-05-04T16:00,Brussels,18.0,0.0,0.0,1.8,11.9,3
2026-05-04T17:00,Brussels,17.9,0.0,0.0,3.2,12.6,3
2026-05-04T18:00,Brussels,18.0,0.0,0.0,2.3,12.6,3
2026-05-04T19:00,Brussels,16.3,1.0,1.0,9.5,22.3,55
2026-05-04T20:00,Brussels,15.2,0.4,0.4,6.1,23.8,51
2026-05-04T21:00,Brussels,14.6,0.1,0.1,4.3,14.4,51
2026-05-04T22:00,Brussels,14.1,0.0,0.0,4.8,9.4,3
2026-05-04T23:00,Brussels,13.7,0.0,0.0,7.7,15.1,2
2026-05-05T00:00,Brussels,13.0,0.0,0.0,10.2,20.5,2
2026-05-05T01:00,Brussels,12.4,0.0,0.0,9.6,20.9,2
2026-05-05T02:00,Brussels,12.8,0.0,0.0,9.5,19.8,3
2026-05-05T03:00,Brussels,12.8,0.1,0.1,14.2,28.4,51
2026-05-05T04:00,Brussels,12.1,0.0,0.0,11.9,30.6,3
2026-05-05T05:00,Brussels,11.9,0.0,0.0,8.9,25.2,3
2026-05-05T06:00,Brussels,11.6,0.1,0.1,10.6,24.1,51
2026-05-05T07:00,Brussels,11.3,0.1,0.1,9.4,24.8,51
2026-05-05T08:00,Brussels,10.8,0.0,0.0,9.7,23.4,3
2026-05-05T09:00,Brussels,11.0,0.1,0.1,12.1,28.1,51
2026-05-05T10:00,Brussels,11.2,0.1,0.1,13.0,31.0,51
2026-05-05T11:00,Brussels,11.5,0.1,0.1,13.7,32.4,51
2026-05-05T12:00,Brussels,11.8,0.0,0.0,13.0,32.4,3
2026-05-05T13:00,Brussels,12.4,0.0,0.0,14.3,34.6,3
2026-05-05T14:00,Brussels,11.7,0.0,0.0,13.7,34.6,3
2026-05-05T15:00,Brussels,11.7,0.0,0.0,12.6,32.0,3
2026-05-05T16:00,Brussels,12.4,0.0,0.0,13.8,33.1,3
2026-05-05T17:00,Brussels,12.6,0.0,0.0,13.8,33.8,3
2026-05-05T18:00,Brussels,12.2,0.0,0.0,13.4,32.8,3
2026-05-05T19:00,Brussels,12.2,0.0,0.0,10.7,32.0,3
2026-05-05T20:00,Brussels,11.4,0.0,0.0,9.3,24.8,3
2026-05-05T21:00,Brussels,11.2,0.1,0.1,9.2,20.9,51
2026-05-05T22:00,Brussels,11.0,0.4,0.4,9.0,20.5,51
2026-05-05T23:00,Brussels,10.9,0.7,0.7,8.4,19.1,53
2026-05-06T00:00,Brussels,10.8,0.5,0.5,9.6,19.1,53
2026-05-06T01:00,Brussels,10.2,0.5,0.5,11.6,22.7,53
2026-05-06T02:00,Brussels,9.1,0.5,0.5,13.3,28.4,53
2026-05-06T03:00,Brussels,9.0,0.5,0.5,13.0,27.4,53
2026-05-06T04:00,Brussels,8.8,0.3,0.3,12.4,26.3,51
2026-05-06T05:00,Brussels,8.6,0.2,0.2,11.9,25.6,51
2026-05-06T06:00,Brussels,8.5,0.2,0.2,11.8,24.5,51
2026-05-06T07:00,Brussels,8.5,0.2,0.2,11.5,24.5,51
2026-05-06T08:00,Brussels,8.7,0.2,0.2,11.7,24.1,51
2026-05-06T09:00,Brussels,9.1,0.3,0.3,11.4,25.6,51
2026-05-06T10:00,Brussels,9.6,0.1,0.1,13.9,31.0,51
2026-05-06T11:00,Brussels,10.4,0.1,0.1,13.9,33.5,51
2026-05-06T12:00,Brussels,11.0,0.1,0.1,12.2,31.7,51
2026-05-06T13:00,Brussels,11.8,0.1,0.1,11.6,29.5,51
2026-05-06T14:00,Brussels,12.5,0.0,0.0,11.4,28.8,3
2026-05-06T15:00,Brussels,13.7,0.0,0.0,11.5,29.9,3
2026-05-06T16:00,Brussels,15.0,0.0,0.0,11.8,30.6,3
2026-05-06T17:00,Brussels,14.4,0.0,0.0,14.1,37.4,3
2026-05-06T18:00,Brussels,13.9,0.0,0.0,12.4,37.1,3
2026-05-06T19:00,Brussels,13.7,0.0,0.0,10.4,29.5,3
2026-05-06T20:00,Brussels,12.6,0.0,0.0,10.3,24.8,3
2026-05-06T21:00,Brussels,11.5,0.0,0.0,8.8,22.7,3
2026-05-06T22:00,Brussels,10.6,0.0,0.0,8.9,19.1,2
2026-05-06T23:00,Brussels,10.2,0.0,0.0,7.2,18.7,3
2026-05-07T00:00,Brussels,9.8,0.0,0.0,5.8,15.1,3
2026-05-07T01:00,Brussels,9.6,0.0,0.0,6.2,12.6,3
2026-05-07T02:00,Brussels,9.6,0.0,0.0,5.4,12.6,3
2026-05-07T03:00,Brussels,9.7,0.0,0.0,4.9,11.2,3
2026-05-07T04:00,Brussels,9.6,0.0,0.0,4.9,10.1,3
2026-05-07T05:00,Brussels,9.3,0.0,0.0,5.1,10.4,3
2026-05-07T06:00,Brussels,9.3,0.0,0.0,5.2,10.8,3
2026-05-07T07:00,Brussels,9.1,0.1,0.1,4.9,10.8,51
2026-05-07T08:00,Brussels,9.7,0.0,0.0,4.4,12.6,3
2026-05-07T09:00,Brussels,10.3,0.0,0.0,4.7,14.4,3
2026-05-07T10:00,Brussels,11.3,0.0,0.0,4.7,16.2,2
2026-05-07T11:00,Brussels,12.5,0.1,0.1,4.8,17.6,51
2026-05-07T12:00,Brussels,13.6,0.0,0.0,4.8,18.4,1
2026-05-07T13:00,Brussels,14.5,0.0,0.0,5.1,19.1,1
2026-05-07T14:00,Brussels,14.6,0.0,0.0,4.5,19.1,3
2026-05-07T15:00,Brussels,14.8,0.0,0.0,3.3,15.8,2
2026-05-07T16:00,Brussels,15.1,0.0,0.0,3.1,13.3,3
2026-05-07T17:00,Brussels,15.0,0.0,0.0,2.9,12.6,3
2026-05-07T18:00,Brussels,14.9,0.0,0.0,3.3,11.5,3
2026-05-07T19:00,Brussels,14.6,0.0,0.0,3.6,11.2,2
2026-05-07T20:00,Brussels,13.9,0.0,0.0,6.3,10.1,3
2026-05-07T21:00,Brussels,13.1,0.0,0.0,5.6,13.3,3
2026-05-07T22:00,Brussels,12.4,0.0,0.0,6.6,13.0,1
2026-05-07T23:00,Brussels,11.6,0.0,0.0,7.1,14.4,1
2026-05-08T00:00,Brussels,11.0,0.0,0.0,6.1,14.0,1
2026-05-08T01:00,Brussels,10.5,0.0,0.0,6.2,12.2,2
2026-05-08T02:00,Brussels,11.4,0.0,0.0,6.1,13.0,3
2026-05-08T03:00,Brussels,11.4,0.0,0.0,6.5,12.6,3
2026-05-08T04:00,Brussels,11.1,0.0,0.0,6.9,13.7,3
2026-05-08T05:00,Brussels,10.9,0.0,0.0,6.7,14.0,3
2026-05-08T06:00,Brussels,10.8,0.0,0.0,5.9,13.3,3
2026-05-08T07:00,Brussels,10.7,0.0,0.0,4.8,11.5,3
2026-05-08T08:00,Brussels,11.0,0.0,0.0,5.2,9.7,3
2026-05-08T09:00,Brussels,12.5,0.0,0.0,4.4,12.6,3
2026-05-08T10:00,Brussels,14.0,0.0,0.0,4.5,14.0,3
2026-05-08T11:00,Brussels,14.9,0.1,0.1,5.7,17.6,51
2026-05-08T12:00,Brussels,15.2,0.0,0.0,7.6,21.2,3
2026-05-08T13:00,Brussels,15.7,0.0,0.0,8.5,24.8,2
2026-05-08T14:00,Brussels,17.1,0.0,0.0,8.0,24.5,2
2026-05-08T15:00,Brussels,17.7,0.0,0.0,7.6,23.4,2
2026-05-08T16:00,Brussels,17.6,0.0,0.0,8.0,22.7,3
2026-05-08T17:00,Brussels,17.1,0.0,0.0,8.0,22.7,3
2026-05-08T18:00,Brussels,17.3,0.0,0.0,7.3,22.7,2
2026-05-08T19:00,Brussels,17.1,0.0,0.0,6.6,19.8,1
2026-05-08T20:00,Brussels,17.0,0.0,0.0,3.8,16.2,1
2026-05-08T21:00,Brussels,15.3,0.0,0.0,3.1,7.6,1
2026-05-08T22:00,Brussels,14.4,0.0,0.0,4.5,8.6,0
2026-05-08T23:00,Brussels,13.7,0.0,0.0,8.7,16.2,0
2026-05-09T00:00,Brussels,12.5,0.0,0.0,9.3,18.4,0
2026-05-09T01:00,Brussels,11.7,0.0,0.0,9.7,18.7,0
2026-05-09T02:00,Brussels,11.0,0.0,0.0,10.1,19.1,0
2026-05-09T03:00,Brussels,10.4,0.0,0.0,10.3,20.5,0
2026-05-09T04:00,Brussels,9.8,0.0,0.0,9.4,20.5,1
2026-05-09T05:00,Brussels,9.4,0.0,0.0,8.6,18.7,1
2026-05-09T06:00,Brussels,9.2,0.0,0.0,7.9,17.3,3
2026-05-09T07:00,Brussels,9.4,0.0,0.0,8.3,16.9,3
2026-05-09T08:00,Brussels,10.7,0.0,0.0,8.0,17.3,1
2026-05-09T09:00,Brussels,12.4,0.0,0.0,5.6,16.6,1
2026-05-09T10:00,Brussels,14.6,0.0,0.0,6.3,18.7,0
2026-05-09T11:00,Brussels,16.8,0.0,0.0,8.2,23.0,0
2026-05-09T12:00,Brussels,18.2,0.0,0.0,10.3,28.8,0
2026-05-09T13:00,Brussels,18.8,0.0,0.0,9.5,28.8,0
2026-05-09T14:00,Brussels,19.3,0.0,0.0,7.3,26.6,1
2026-05-09T15:00,Brussels,19.9,0.0,0.0,5.5,21.6,2
2026-05-09T16:00,Brussels,20.3,0.0,0.0,4.9,19.4,2
2026-05-09T17:00,Brussels,20.1,0.0,0.0,5.2,17.6,3
2026-05-09T18:00,Brussels,19.9,0.0,0.0,6.1,18.7,2
2026-05-09T19:00,Brussels,19.6,0.0,0.0,7.0,18.7,1
2026-05-09T20:00,Brussels,19.0,0.0,0.0,6.0,18.0,1
2026-05-09T21:00,Brussels,17.1,0.0,0.0,9.2,18.4,0
2026-05-09T22:00,Brussels,15.7,0.0,0.0,14.3,29.5,1
2026-05-09T23:00,Brussels,14.7,0.0,0.0,11.0,29.2,1
2026-05-10T00:00,Brussels,13.7,0.0,0.0,11.4,23.0,1
2026-05-10T01:00,Brussels,12.7,0.0,0.0,10.5,23.0,3
2026-05-10T02:00,Brussels,12.2,0.0,0.0,9.8,21.2,3
2026-05-10T03:00,Brussels,11.3,0.0,0.0,9.3,19.8,1
2026-05-10T04:00,Brussels,10.7,0.0,0.0,10.0,19.8,3
2026-05-10T05:00,Brussels,10.0,0.0,0.0,11.0,22.0,3
2026-05-10T06:00,Brussels,9.7,0.0,0.0,11.5,24.1,3
2026-05-10T07:00,Brussels,9.7,0.0,0.0,11.4,24.1,3
2026-05-10T08:00,Brussels,10.7,0.0,0.0,10.6,24.1,3
2026-05-10T09:00,Brussels,12.1,0.0,0.0,11.5,28.4,3
2026-05-10T10:00,Brussels,13.9,0.0,0.0,12.8,32.0,3
2026-05-10T11:00,Brussels,15.8,0.0,0.0,15.3,38.9,3
2026-05-10T12:00,Brussels,17.2,0.0,0.0,15.3,39.6,3
2026-05-10T13:00,Brussels,17.9,0.0,0.0,15.1,39.6,3
2026-05-10T14:00,Brussels,18.0,0.0,0.0,14.5,39.6,3
2026-05-10T15:00,Brussels,19.0,0.0,0.0,14.5,38.9,3
2026-05-10T16:00,Brussels,18.7,0.0,0.0,15.4,39.2,3
2026-05-10T17:00,Brussels,18.8,0.0,0.0,15.6,40.0,3
2026-05-10T18:00,Brussels,18.5,0.0,0.0,15.5,40.0,3
2026-05-10T19:00,Brussels,17.7,0.0,0.0,16.9,39.6,3
2026-05-10T20:00,Brussels,14.1,0.0,0.0,15.5,40.7,3
2026-05-10T21:00,Brussels,13.1,1.9,1.9,18.1,36.7,61
2026-05-10T22:00,Brussels,11.8,1.2,1.2,16.9,37.4,55
2026-05-10T23:00,Brussels,10.7,1.4,1.4,15.2,33.8,61
2026-05-11T00:00,Brussels,10.2,0.6,0.6,17.0,34.6,53
2026-05-11T01:00,Brussels,9.8,0.3,0.3,15.3,34.6,51
2026-05-11T02:00,Brussels,9.5,0.8,0.8,14.5,33.1,53
2026-05-11T03:00,Brussels,8.7,1.3,1.3,13.8,31.3,61
2026-05-11T04:00,Brussels,8.2,1.0,1.0,13.7,28.4,55
2026-05-11T05:00,Brussels,7.9,0.4,0.4,13.0,28.4,51
2026-05-11T06:00,Brussels,7.6,0.7,0.7,11.9,27.0,53
2026-05-11T07:00,Brussels,7.5,1.2,1.2,10.3,24.1,55
2026-05-11T08:00,Brussels,7.0,0.6,0.6,10.7,22.3,53
2026-05-11T09:00,Brussels,7.0,0.1,0.1,9.6,25.9,51
2026-05-11T10:00,Brussels,8.2,0.0,0.0,12.1,30.6,3
2026-05-11T11:00,Brussels,10.0,0.0,0.0,14.5,36.0,3
2026-05-11T12:00,Brussels,10.5,0.1,0.1,14.8,36.4,51
2026-05-11T13:00,Brussels,11.2,0.0,0.0,13.5,36.4,3
2026-05-11T14:00,Brussels,11.5,0.1,0.1,16.3,44.3,51
2026-05-11T15:00,Brussels,11.0,0.0,0.0,19.4,44.6,3
2026-05-11T16:00,Brussels,8.7,2.6,2.6,16.3,48.2,63
2026-05-11T17:00,Brussels,10.0,0.2,0.2,21.1,48.2,51
2026-05-11T18:00,Brussels,10.5,0.0,0.0,20.6,49.3,0
2026-05-11T19:00,Brussels,9.8,0.0,0.0,19.4,49.0,0
2026-05-11T20:00,Brussels,8.7,0.0,0.0,18.4,49.7,1
2026-05-11T21:00,Brussels,7.5,0.0,0.0,15.4,42.1,0
2026-05-11T22:00,Brussels,6.7,0.0,0.0,14.5,33.8,0
2026-05-11T23:00,Brussels,6.2,0.0,0.0,12.8,31.7,0
2026-05-12T00:00,Brussels,5.8,0.0,0.0,10.8,27.4,1
2026-05-12T01:00,Brussels,5.7,0.0,0.0,10.9,23.0,1
2026-05-12T02:00,Brussels,5.1,0.0,0.0,10.9,23.8,1
2026-05-12T03:00,Brussels,4.7,0.0,0.0,10.8,22.3,1
2026-05-12T04:00,Brussels,4.6,0.0,0.0,11.2,22.7,1
2026-05-12T05:00,Brussels,4.6,0.0,0.0,11.8,24.1,1
2026-05-12T06:00,Brussels,4.9,0.0,0.0,13.0,26.6,2
2026-05-12T07:00,Brussels,5.5,0.0,0.0,13.3,28.4,3
2026-05-12T08:00,Brussels,6.2,0.0,0.0,11.8,34.6,3
2026-05-12T09:00,Brussels,6.9,0.0,0.0,12.2,28.4,1
2026-05-12T10:00,Brussels,8.6,0.0,0.0,16.9,40.7,3
2026-05-12T11:00,Brussels,9.2,0.0,0.0,16.7,41.0,3
2026-05-12T12:00,Brussels,9.7,0.1,0.1,15.9,41.0,51
2026-05-12T13:00,Brussels,10.8,0.0,0.0,14.6,39.6,3
2026-05-12T14:00,Brussels,11.7,0.0,0.0,15.1,38.5,3
2026-05-12T15:00,Brussels,11.6,0.0,0.0,15.9,39.2,3
2026-05-12T16:00,Brussels,11.4,0.0,0.0,14.9,39.2,3
2026-05-12T17:00,Brussels,12.1,0.0,0.0,16.2,39.6,3
2026-05-12T18:00,Brussels,11.8,0.0,0.0,14.3,38.2,3
2026-05-12T19:00,Brussels,11.3,0.1,0.1,16.4,37.4,51
2026-05-12T20:00,Brussels,11.4,0.1,0.1,12.9,36.7,51
2026-05-12T21:00,Brussels,11.1,0.0,0.0,14.0,29.9,2
2026-05-12T22:00,Brussels,10.7,0.0,0.0,14.3,30.6,3
2026-05-12T23:00,Brussels,10.8,0.0,0.0,14.9,32.0,2
2026-05-13T00:00,Brussels,9.6,0.8,0.8,15.1,32.0,53
2026-05-13T01:00,Brussels,9.0,0.1,0.1,13.1,30.6,51
2026-05-13T02:00,Brussels,9.1,0.0,0.0,10.8,27.0,3
2026-05-13T03:00,Brussels,9.1,0.0,0.0,11.2,24.1,3
2026-05-13T04:00,Brussels,9.1,0.0,0.0,11.5,24.5,2
2026-05-13T05:00,Brussels,8.5,0.0,0.0,11.4,24.5,0
2026-05-13T06:00,Brussels,7.9,0.0,0.0,10.8,23.4,3
2026-05-13T07:00,Brussels,8.2,0.0,0.0,11.1,23.0,3
2026-05-13T08:00,Brussels,9.3,0.0,0.0,10.0,23.4,3
2026-05-13T09:00,Brussels,10.0,0.0,0.0,15.0,34.2,2
2026-05-13T10:00,Brussels,11.0,0.0,0.0,16.0,40.7,3
2026-05-13T11:00,Brussels,10.9,0.2,0.2,19.5,45.4,51
2026-05-13T12:00,Brussels,8.8,3.1,3.1,19.0,46.4,63
2026-05-13T13:00,Brussels,12.2,0.2,0.2,22.2,55.1,51
2026-05-13T14:00,Brussels,11.2,0.7,0.7,14.9,59.8,53
2026-05-13T15:00,Brussels,11.9,0.1,0.1,18.3,43.6,51
2026-05-13T16:00,Brussels,11.8,1.1,1.1,14.2,47.9,55
2026-05-13T17:00,Brussels,10.9,0.9,0.9,16.3,49.0,53
2026-05-13T18:00,Brussels,9.6,0.9,0.9,14.1,45.4,53
2026-05-13T19:00,Brussels,9.4,1.1,1.1,14.8,36.4,55
2026-05-13T20:00,Brussels,9.3,0.1,0.1,12.5,32.0,51
2026-05-13T21:00,Brussels,8.6,0.1,0.1,13.9,32.8,51
2026-05-13T22:00,Brussels,8.2,0.0,0.0,13.1,29.5,3
2026-05-13T23:00,Brussels,7.8,0.0,0.0,14.6,31.3,2
2026-05-14T00:00,Brussels,7.3,0.0,0.0,15.1,32.8,2
2026-05-14T01:00,Brussels,7.1,0.1,0.1,16.3,34.9,51
2026-05-14T02:00,Brussels,6.4,0.0,0.0,14.0,34.9,3
2026-05-14T03:00,Brussels,6.4,0.0,0.0,14.2,29.9,2
2026-05-14T04:00,Brussels,5.9,0.1,0.1,14.2,29.9,51
2026-05-14T05:00,Brussels,5.8,0.1,0.1,13.5,29.5,51
2026-05-14T06:00,Brussels,5.4,0.0,0.0,13.6,28.1,2
2026-05-14T07:00,Brussels,5.7,0.0,0.0,13.4,28.4,2
2026-05-14T08:00,Brussels,7.1,0.0,0.0,14.8,32.4,2
2026-05-14T09:00,Brussels,8.1,0.3,0.3,15.5,36.7,51
2026-05-14T10:00,Brussels,9.1,0.2,0.2,15.5,38.2,51
2026-05-14T11:00,Brussels,9.8,0.3,0.3,14.4,38.2,51
2026-05-14T12:00,Brussels,9.5,1.6,1.6,13.0,38.9,61
2026-05-14T13:00,Brussels,10.9,0.3,0.3,13.9,36.7,51
2026-05-14T14:00,Brussels,9.1,0.1,0.1,15.5,37.1,51
2026-05-14T15:00,Brussels,10.1,0.9,0.9,6.1,37.1,53
2026-05-14T16:00,Brussels,11.4,0.1,0.1,8.3,26.6,51
2026-05-14T17:00,Brussels,8.7,1.7,1.7,14.2,38.2,61
2026-05-14T18:00,Brussels,9.2,0.6,0.6,10.7,34.9,53
2026-05-14T19:00,Brussels,9.1,0.1,0.1,12.5,33.8,51
2026-05-14T20:00,Brussels,8.6,0.0,0.0,5.8,29.9,1
2026-05-14T21:00,Brussels,8.0,0.1,0.1,6.7,13.7,51
2026-05-14T22:00,Brussels,7.3,0.3,0.3,4.4,20.2,51
2026-05-14T23:00,Brussels,6.8,0.0,0.0,3.8,8.6,2
2026-05-15T00:00,Brussels,6.5,0.0,0.0,5.3,11.2,0
2026-05-15T01:00,Brussels,5.9,0.0,0.0,6.1,11.5,0
2026-05-15T02:00,Brussels,5.6,0.0,0.0,8.2,13.0,0
2026-05-15T03:00,Brussels,5.1,0.0,0.0,6.1,14.8,0
2026-05-15T04:00,Brussels,4.8,0.0,0.0,6.9,13.0,0
2026-05-15T05:00,Brussels,4.5,0.0,0.0,6.5,13.0,2
2026-05-15T06:00,Brussels,4.1,0.0,0.0,8.5,15.5,2
2026-05-15T07:00,Brussels,4.7,0.0,0.0,9.5,18.0,3
2026-05-15T08:00,Brussels,6.3,0.0,0.0,8.1,18.4,3
2026-05-15T09:00,Brussels,8.0,0.0,0.0,7.9,20.5,2
2026-05-15T10:00,Brussels,9.2,0.0,0.0,10.5,29.2,2
2026-05-15T11:00,Brussels,10.1,0.1,0.1,10.5,31.3,51
2026-05-15T12:00,Brussels,9.7,0.1,0.1,11.5,29.9,51
2026-05-15T13:00,Brussels,8.3,2.2,2.2,10.1,31.3,61
2026-05-15T14:00,Brussels,10.6,0.1,0.1,12.8,31.7,51
2026-05-15T15:00,Brussels,11.2,0.0,0.0,13.5,35.6,3
2026-05-15T16:00,Brussels,9.8,0.7,0.7,16.8,43.2,53
2026-05-15T17:00,Brussels,10.6,0.1,0.1,16.5,40.3,51
2026-05-15T18:00,Brussels,10.5,0.3,0.3,17.4,41.8,51
2026-05-15T19:00,Brussels,9.5,0.2,0.2,17.1,43.6,51
2026-05-15T20:00,Brussels,8.5,0.0,0.0,13.1,39.2,2
2026-05-15T21:00,Brussels,7.8,0.0,0.0,9.2,30.2,3
2026-05-15T22:00,Brussels,7.5,0.0,0.0,7.0,19.8,1
2026-05-15T23:00,Brussels,6.6,0.0,0.0,6.7,14.8,2
2026-05-16T00:00,Brussels,6.3,0.0,0.0,7.9,15.8,3
2026-05-16T01:00,Brussels,6.0,0.0,0.0,8.9,18.0,3
2026-05-16T02:00,Brussels,6.7,0.0,0.0,9.2,18.0,3
2026-05-16T03:00,Brussels,6.5,0.0,0.0,9.6,20.2,3
2026-05-16T04:00,Brussels,5.5,0.0,0.0,9.6,20.2,2
2026-05-16T05:00,Brussels,5.0,0.0,0.0,9.0,19.1,1
2026-05-16T06:00,Brussels,4.7,0.0,0.0,8.2,17.6,0
2026-05-16T07:00,Brussels,5.2,0.0,0.0,8.2,16.6,0
2026-05-16T08:00,Brussels,6.7,0.0,0.0,7.3,16.6,0
2026-05-16T09:00,Brussels,8.6,0.0,0.0,8.5,22.0,0
2026-05-16T10:00,Brussels,10.2,0.0,0.0,11.3,29.2,0
2026-05-16T11:00,Brussels,11.2,0.1,0.1,13.6,34.9,51
2026-05-16T12:00,Brussels,11.6,0.1,0.1,13.7,35.3,51
2026-05-16T13:00,Brussels,12.2,0.0,0.0,14.3,36.4,1
2026-05-16T14:00,Brussels,11.1,0.0,0.0,15.2,38.5,3
2026-05-16T15:00,Brussels,11.8,0.4,0.4,10.9,38.2,51
2026-05-16T16:00,Brussels,12.7,0.0,0.0,12.8,36.4,3
2026-05-16T17:00,Brussels,12.3,0.0,0.0,12.2,36.7,2
2026-05-16T18:00,Brussels,12.2,0.1,0.1,10.4,32.8,51
2026-05-16T19:00,Brussels,12.7,0.0,0.0,10.6,26.6,2
2026-05-16T20:00,Brussels,12.2,0.0,0.0,8.7,26.6,1
2026-05-16T21:00,Brussels,11.0,0.0,0.0,8.4,18.0,1
2026-05-16T22:00,Brussels,10.0,0.0,0.0,11.3,22.7,0
2026-05-16T23:00,Brussels,9.3,0.0,0.0,9.8,23.4,1
2026-05-17T00:00,Brussels,8.8,0.0,0.0,9.7,19.8,2
2026-05-17T01:00,Brussels,8.7,0.0,0.0,11.6,23.4,3
2026-05-17T02:00,Brussels,9.5,0.0,0.0,12.1,26.6,3
2026-05-17T03:00,Brussels,9.2,0.0,0.0,12.7,27.0,3
2026-05-17T04:00,Brussels,9.2,0.0,0.0,13.1,28.1,3
2026-05-17T05:00,Brussels,9.2,0.0,0.0,13.6,28.8,3
2026-05-17T06:00,Brussels,9.3,0.0,0.0,13.9,29.5,3
2026-05-17T07:00,Brussels,9.6,0.2,0.2,14.1,29.9,51
2026-05-17T08:00,Brussels,10.1,0.4,0.4,12.4,29.9,51
2026-05-17T09:00,Brussels,10.4,0.0,0.0,11.5,26.6,3
2026-05-17T10:00,Brussels,10.7,0.1,0.1,12.5,28.1,51
2026-05-17T11:00,Brussels,11.6,0.1,0.1,15.2,37.8,51
2026-05-17T12:00,Brussels,13.0,0.2,0.2,15.4,37.4,51
2026-05-17T13:00,Brussels,14.2,0.4,0.4,15.3,38.2,51
2026-05-17T14:00,Brussels,14.3,0.1,0.1,13.3,36.7,51
2026-05-17T15:00,Brussels,15.4,0.0,0.0,12.4,34.6,3
2026-05-17T16:00,Brussels,12.2,2.6,2.6,14.1,34.6,63
2026-05-17T17:00,Brussels,13.4,0.6,0.6,6.3,32.4,53
2026-05-17T18:00,Brussels,13.6,0.8,0.8,9.7,25.2,53
2026-05-17T19:00,Brussels,12.4,1.6,1.6,7.3,28.1,61
2026-05-17T20:00,Brussels,12.0,0.0,0.0,6.8,17.3,3
2026-05-17T21:00,Brussels,11.6,0.4,0.4,6.4,14.8,51
2026-05-17T22:00,Brussels,11.3,0.8,0.8,7.0,13.7,53
2026-05-17T23:00,Brussels,11.0,0.6,0.6,6.9,13.3,53
2026-05-18T00:00,Brussels,10.6,0.2,0.2,6.5,13.3,51
2026-05-18T01:00,Brussels,10.3,0.1,0.1,7.6,15.5,51
2026-05-18T02:00,Brussels,10.2,0.0,0.0,10.7,16.9,3
2026-05-18T03:00,Brussels,9.9,0.0,0.0,10.8,21.6,3
2026-05-18T04:00,Brussels,9.6,0.0,0.0,10.3,21.6,3
2026-05-18T05:00,Brussels,9.1,0.0,0.0,10.4,20.9,3
2026-05-18T06:00,Brussels,8.6,0.0,0.0,10.8,21.6,3
2026-05-18T07:00,Brussels,8.7,0.0,0.0,11.2,23.0,3
2026-05-18T08:00,Brussels,9.8,0.0,0.0,9.0,23.4,3
2026-05-18T09:00,Brussels,10.8,0.0,0.0,13.0,30.2,3
2026-05-18T10:00,Brussels,11.8,0.3,0.3,14.7,36.4,51
2026-05-18T11:00,Brussels,12.8,0.2,0.2,13.2,36.0,51
2026-05-18T12:00,Brussels,13.7,0.1,0.1,13.8,35.6,51
2026-05-18T13:00,Brussels,14.4,0.1,0.1,14.0,37.1,51
2026-05-18T14:00,Brussels,14.3,0.2,0.2,15.1,39.2,51
2026-05-18T15:00,Brussels,14.6,0.2,0.2,12.8,37.8,51
2026-05-18T16:00,Brussels,14.9,0.0,0.0,15.0,37.1,3
2026-05-18T17:00,Brussels,13.5,0.4,0.4,14.8,41.4,51
2026-05-18T18:00,Brussels,13.7,0.1,0.1,12.5,35.6,51
2026-05-18T19:00,Brussels,13.0,0.3,0.3,12.7,31.0,51
2026-05-18T20:00,Brussels,12.0,0.2,0.2,5.0,30.6,51
2026-05-18T21:00,Brussels,11.4,0.0,0.0,4.9,11.5,1
2026-05-18T22:00,Brussels,10.5,0.0,0.0,6.1,11.5,0
2026-05-18T23:00,Brussels,9.9,0.0,0.0,7.8,14.8,1
2026-05-19T00:00,Brussels,9.4,0.0,0.0,7.9,15.8,1
2026-05-19T01:00,Brussels,9.0,0.0,0.0,8.8,16.9,2
2026-05-19T02:00,Brussels,9.3,0.0,0.0,9.4,16.9,2
2026-05-19T03:00,Brussels,9.1,0.0,0.0,9.6,19.1,2
2026-05-19T04:00,Brussels,8.9,0.0,0.0,9.4,18.7,3
2026-05-19T05:00,Brussels,8.9,0.0,0.0,10.6,21.2,3
2026-05-19T06:00,Brussels,9.2,0.0,0.0,10.6,20.9,3
2026-05-19T07:00,Brussels,9.7,0.0,0.0,10.8,22.0,3
2026-05-19T08:00,Brussels,10.8,0.0,0.0,11.0,24.1,3
2026-05-19T09:00,Brussels,11.7,0.0,0.0,8.7,20.9,3
2026-05-19T10:00,Brussels,12.9,0.0,0.0,11.8,27.0,3
2026-05-19T11:00,Brussels,13.8,0.0,0.0,13.9,33.1,2
2026-05-19T12:00,Brussels,15.4,0.0,0.0,20.3,47.2,3
2026-05-19T13:00,Brussels,16.4,0.0,0.0,22.5,53.3,3
2026-05-19T14:00,Brussels,16.4,0.0,0.0,21.8,52.9,3
2026-05-19T15:00,Brussels,15.8,0.1,0.1,20.0,49.0,51
2026-05-19T16:00,Brussels,15.3,0.0,0.0,18.4,47.5,3
2026-05-19T17:00,Brussels,15.2,0.0,0.0,16.6,41.4,3
2026-05-19T18:00,Brussels,15.5,0.3,0.3,16.2,38.2,51
2026-05-19T19:00,Brussels,15.2,0.1,0.1,17.6,38.2,51
2026-05-19T20:00,Brussels,14.4,0.0,0.0,17.7,41.0,3
2026-05-19T21:00,Brussels,14.1,0.0,0.0,16.8,38.5,2
2026-05-19T22:00,Brussels,13.6,0.0,0.0,15.8,36.4,3
2026-05-19T23:00,Brussels,13.7,0.1,0.1,16.1,34.6,51
2026-05-20T00:00,Brussels,13.7,0.1,0.1,15.5,34.2,51
2026-05-20T01:00,Brussels,13.3,0.4,0.4,14.8,33.1,51
2026-05-20T02:00,Brussels,12.7,0.0,0.0,13.6,32.0,3
2026-05-20T03:00,Brussels,12.6,0.9,0.9,16.3,32.8,53
2026-05-20T04:00,Brussels,12.2,1.4,1.4,13.9,32.4,61
2026-05-20T05:00,Brussels,12.3,0.0,0.0,15.3,29.9,1
2026-05-20T06:00,Brussels,12.0,0.0,0.0,16.7,33.1,1
2026-05-20T07:00,Brussels,12.2,0.0,0.0,18.0,36.7,2
2026-05-20T08:00,Brussels,12.9,0.1,0.1,16.3,38.9,51
2026-05-20T09:00,Brussels,13.7,0.0,0.0,16.8,41.8,1
2026-05-20T10:00,Brussels,13.9,0.4,0.4,19.3,46.1,51
2026-05-20T11:00,Brussels,14.3,0.2,0.2,19.7,47.9,51
2026-05-20T12:00,Brussels,15.0,0.4,0.4,20.1,49.3,51
2026-05-20T13:00,Brussels,16.4,0.2,0.2,21.9,57.2,51
2026-05-20T14:00,Brussels,17.0,0.2,0.2,21.2,54.7,51
2026-05-20T15:00,Brussels,17.2,0.2,0.2,22.5,52.6,51
2026-05-20T16:00,Brussels,17.9,0.2,0.2,22.0,54.4,51
2026-05-20T17:00,Brussels,18.3,0.0,0.0,23.7,56.2,3
2026-05-20T18:00,Brussels,17.2,0.0,0.0,21.1,55.8,2
2026-05-20T19:00,Brussels,16.6,0.0,0.0,18.5,47.5,2
2026-05-20T20:00,Brussels,16.0,0.2,0.2,17.4,44.3,51
2026-05-20T21:00,Brussels,15.3,0.0,0.0,16.7,38.9,2
2026-05-20T22:00,Brussels,14.5,0.0,0.0,14.0,36.0,1
2026-05-20T23:00,Brussels,14.0,0.0,0.0,13.9,29.9,0
2026-05-21T00:00,Brussels,13.4,0.0,0.0,13.6,29.9,1
2026-05-21T01:00,Brussels,12.7,0.0,0.0,13.3,28.8,1
2026-05-21T02:00,Brussels,13.0,0.0,0.0,13.1,28.1,0
2026-05-21T03:00,Brussels,11.9,0.0,0.0,13.0,28.1,0
2026-05-21T04:00,Brussels,11.2,0.0,0.0,12.4,27.0,2
2026-05-21T05:00,Brussels,10.6,0.0,0.0,11.2,25.6,0
2026-05-21T06:00,Brussels,10.2,0.0,0.0,10.5,22.7,1
2026-05-21T07:00,Brussels,10.6,0.0,0.0,9.8,21.2,1
2026-05-21T08:00,Brussels,12.0,0.0,0.0,8.0,19.1,2
2026-05-21T09:00,Brussels,13.5,0.0,0.0,8.4,22.3,3
2026-05-21T10:00,Brussels,14.9,0.0,0.0,8.6,24.1,3
2026-05-21T11:00,Brussels,16.3,0.0,0.0,8.4,24.5,3
2026-05-21T12:00,Brussels,17.5,0.0,0.0,8.5,25.2,3
2026-05-21T13:00,Brussels,18.8,0.0,0.0,10.6,29.5,3
2026-05-21T14:00,Brussels,19.4,0.0,0.0,9.8,31.3,3
2026-05-21T15:00,Brussels,19.5,0.0,0.0,8.3,26.3,3
2026-05-21T16:00,Brussels,20.0,0.0,0.0,6.9,23.4,3
2026-05-21T17:00,Brussels,20.0,0.0,0.0,5.4,20.9,3
2026-05-21T18:00,Brussels,20.4,0.0,0.0,4.6,17.3,2
2026-05-21T19:00,Brussels,20.1,0.0,0.0,4.5,15.1,1
2026-05-21T20:00,Brussels,19.9,0.0,0.0,3.9,13.3,2
2026-05-21T21:00,Brussels,18.3,0.0,0.0,1.0,7.2,2
2026-05-21T22:00,Brussels,16.8,0.0,0.0,1.8,3.6,0
2026-05-21T23:00,Brussels,15.9,0.0,0.0,4.2,7.2,0
2026-05-22T00:00,Brussels,15.7,0.0,0.0,6.3,11.9,0
2026-05-22T01:00,Brussels,15.2,0.0,0.0,6.9,13.0,0
2026-05-22T02:00,Brussels,14.5,0.0,0.0,7.9,14.8,0
2026-05-22T03:00,Brussels,13.9,0.0,0.0,9.0,17.3,0
2026-05-22T04:00,Brussels,13.3,0.0,0.0,8.4,17.3,0
2026-05-22T05:00,Brussels,12.9,0.0,0.0,8.7,16.2,1
2026-05-22T06:00,Brussels,12.8,0.0,0.0,9.4,18.0,1
2026-05-22T07:00,Brussels,13.6,0.0,0.0,9.5,18.7,3
2026-05-22T08:00,Brussels,15.5,0.0,0.0,9.7,18.7,0
2026-05-22T09:00,Brussels,17.5,0.0,0.0,5.6,18.4,0
2026-05-22T10:00,Brussels,19.8,0.0,0.0,5.6,16.9,0
2026-05-22T11:00,Brussels,21.7,0.0,0.0,5.7,18.4,0
2026-05-22T12:00,Brussels,22.7,0.0,0.0,5.6,19.1,0
2026-05-22T13:00,Brussels,23.4,0.0,0.0,5.4,19.1,0
2026-05-22T14:00,Brussels,24.5,0.0,0.0,3.8,19.1,0
2026-05-22T15:00,Brussels,25.0,0.0,0.0,3.4,16.2,0
2026-05-22T16:00,Brussels,25.3,0.0,0.0,2.7,15.8,0
2026-05-22T17:00,Brussels,25.4,0.0,0.0,3.1,14.0,0
2026-05-22T18:00,Brussels,25.3,0.0,0.0,3.6,14.0,0
2026-05-22T19:00,Brussels,24.9,0.0,0.0,3.7,13.3,0
2026-05-22T20:00,Brussels,24.9,0.0,0.0,1.8,11.5,0
2026-05-22T21:00,Brussels,23.1,0.0,0.0,3.1,6.1,0
2026-05-22T22:00,Brussels,21.7,0.0,0.0,5.1,9.7,0
2026-05-22T23:00,Brussels,21.0,0.0,0.0,7.0,13.3,0
2026-05-23T00:00,Brussels,20.1,0.0,0.0,7.3,14.4,0
2026-05-23T01:00,Brussels,19.2,0.0,0.0,6.9,14.0,0
2026-05-23T02:00,Brussels,17.8,0.0,0.0,6.5,13.7,0
2026-05-23T03:00,Brussels,17.0,0.0,0.0,6.9,13.0,0
2026-05-23T04:00,Brussels,16.7,0.0,0.0,6.5,13.3,0
2026-05-23T05:00,Brussels,16.3,0.0,0.0,7.0,13.3,1
2026-05-23T06:00,Brussels,16.2,0.0,0.0,7.7,14.8,3
2026-05-23T07:00,Brussels,17.1,0.0,0.0,8.9,16.2,2
2026-05-23T08:00,Brussels,19.7,0.0,0.0,7.4,17.3,3
2026-05-23T09:00,Brussels,21.9,0.0,0.0,6.0,14.0,2
2026-05-23T10:00,Brussels,24.1,0.0,0.0,6.5,17.3,3
2026-05-23T11:00,Brussels,25.3,0.0,0.0,8.4,23.4,0
2026-05-23T12:00,Brussels,26.3,0.0,0.0,6.3,23.4,1
2026-05-23T13:00,Brussels,26.9,0.0,0.0,6.4,21.2,0
2026-05-23T14:00,Brussels,28.0,0.0,0.0,6.8,22.7,0
2026-05-23T15:00,Brussels,28.5,0.0,0.0,6.8,22.3,0
2026-05-23T16:00,Brussels,28.7,0.0,0.0,6.9,22.3,0
2026-05-23T17:00,Brussels,28.7,0.0,0.0,7.1,22.3,0
2026-05-23T18:00,Brussels,28.5,0.0,0.0,7.1,22.3,0
2026-05-23T19:00,Brussels,27.8,0.0,0.0,6.7,20.9,0
2026-05-23T20:00,Brussels,27.7,0.0,0.0,6.9,19.1,0
2026-05-23T21:00,Brussels,26.6,0.0,0.0,6.5,17.6,0
2026-05-23T22:00,Brussels,25.2,0.0,0.0,7.1,13.7,0
2026-05-23T23:00,Brussels,22.3,0.0,0.0,10.7,25.2,0
2026-05-24T00:00,Brussels,20.0,0.0,0.0,7.5,24.8,0
2026-05-24T01:00,Brussels,19.3,0.0,0.0,7.9,16.2,1
2026-05-24T02:00,Brussels,18.6,0.0,0.0,6.5,15.8,2
2026-05-24T03:00,Brussels,18.0,0.0,0.0,4.4,12.6,2
2026-05-24T04:00,Brussels,17.7,0.0,0.0,4.3,8.6,0
2026-05-24T05:00,Brussels,17.4,0.0,0.0,6.1,11.9,0
2026-05-24T06:00,Brussels,16.9,0.0,0.0,6.9,13.3,0
2026-05-24T07:00,Brussels,17.3,0.0,0.0,7.5,15.5,0
2026-05-24T08:00,Brussels,18.7,0.0,0.0,6.4,16.6,0
2026-05-24T09:00,Brussels,20.5,0.0,0.0,6.7,20.2,2
2026-05-24T10:00,Brussels,22.5,0.0,0.0,7.0,22.7,1
2026-05-24T11:00,Brussels,24.4,0.0,0.0,7.9,25.2,1
2026-05-24T12:00,Brussels,25.9,0.0,0.0,8.0,26.6,0
2026-05-24T13:00,Brussels,27.0,0.0,0.0,7.1,26.6,0
2026-05-24T14:00,Brussels,28.1,0.0,0.0,6.8,25.2,0
2026-05-24T15:00,Brussels,28.7,0.0,0.0,6.2,24.8,0
2026-05-24T16:00,Brussels,29.1,0.0,0.0,5.2,23.8,2
2026-05-24T17:00,Brussels,29.2,0.0,0.0,5.6,22.0,3
2026-05-24T18:00,Brussels,28.9,0.0,0.0,5.7,22.0,2
2026-05-24T19:00,Brussels,28.6,0.0,0.0,5.1,20.9,2
2026-05-24T20:00,Brussels,28.5,0.0,0.0,5.4,18.0,3
2026-05-24T21:00,Brussels,26.9,0.0,0.0,7.9,18.7,3
2026-05-24T22:00,Brussels,24.9,0.0,0.0,11.1,22.7,2
2026-05-24T23:00,Brussels,23.5,0.0,0.0,11.3,25.2,0
2026-05-25T00:00,Brussels,22.4,0.0,0.0,10.5,23.4,0
2026-05-25T01:00,Brussels,21.5,0.0,0.0,9.9,21.6,0
2026-05-25T02:00,Brussels,20.5,0.0,0.0,9.2,19.8,0
2026-05-25T03:00,Brussels,19.8,0.0,0.0,8.1,18.0,0
2026-05-25T04:00,Brussels,19.0,0.0,0.0,7.7,16.2,0
2026-05-25T05:00,Brussels,18.2,0.0,0.0,7.7,15.5,0
2026-05-25T06:00,Brussels,17.6,0.0,0.0,7.6,15.1,0
2026-05-25T07:00,Brussels,18.0,0.0,0.0,7.2,15.1,0
2026-05-25T08:00,Brussels,19.9,0.0,0.0,4.9,14.8,0
2026-05-25T09:00,Brussels,22.2,0.0,0.0,3.3,14.0,0
2026-05-25T10:00,Brussels,24.9,0.0,0.0,4.0,16.9,0
2026-05-25T11:00,Brussels,26.4,0.0,0.0,6.5,22.7,0
2026-05-25T12:00,Brussels,27.3,0.0,0.0,6.2,23.4,0
2026-05-25T13:00,Brussels,28.4,0.0,0.0,5.5,23.0,0
2026-05-25T14:00,Brussels,29.1,0.0,0.0,5.8,23.0,0
2026-05-25T15:00,Brussels,29.5,0.0,0.0,5.5,23.0,0
2026-05-25T16:00,Brussels,29.7,0.0,0.0,5.2,22.7,1
2026-05-25T17:00,Brussels,30.0,0.0,0.0,5.4,22.0,2
2026-05-25T18:00,Brussels,30.1,0.0,0.0,7.6,24.1,2
2026-05-25T19:00,Brussels,29.9,0.0,0.0,10.0,27.4,3
2026-05-25T20:00,Brussels,28.9,0.0,0.0,11.7,29.5,3
2026-05-25T21:00,Brussels,27.1,0.0,0.0,11.2,28.8,2
2026-05-25T22:00,Brussels,25.6,0.0,0.0,11.8,25.2,0
2026-05-25T23:00,Brussels,24.8,0.0,0.0,10.8,24.8,0
2026-05-26T00:00,Brussels,23.6,0.0,0.0,8.5,22.3,0
2026-05-26T01:00,Brussels,22.5,0.0,0.0,7.8,16.9,0
2026-05-26T02:00,Brussels,20.9,0.0,0.0,8.8,15.5,0
2026-05-26T03:00,Brussels,19.8,0.0,0.0,8.9,17.6,0
2026-05-26T04:00,Brussels,18.9,0.0,0.0,8.1,17.6,0
2026-05-26T05:00,Brussels,18.3,0.0,0.0,7.6,16.2,0
2026-05-26T06:00,Brussels,17.8,0.0,0.0,6.3,14.8,0
2026-05-26T07:00,Brussels,18.3,0.0,0.0,6.4,14.0,0
2026-05-26T08:00,Brussels,20.4,0.0,0.0,5.8,14.8,0
2026-05-26T09:00,Brussels,22.5,0.0,0.0,4.3,15.8,0
2026-05-26T10:00,Brussels,24.8,0.0,0.0,5.1,19.1,0
2026-05-26T11:00,Brussels,26.8,0.0,0.0,4.5,19.4,0
2026-05-26T12:00,Brussels,28.3,0.0,0.0,3.7,19.4,0
2026-05-26T13:00,Brussels,29.5,0.0,0.0,2.9,19.1,0
2026-05-26T14:00,Brussels,30.3,0.0,0.0,3.2,18.4,0
2026-05-26T15:00,Brussels,31.0,0.0,0.0,3.4,19.4,0
2026-05-26T16:00,Brussels,31.1,0.0,0.0,4.2,20.9,0
2026-05-26T17:00,Brussels,31.0,0.0,0.0,6.5,23.8,0
2026-05-26T18:00,Brussels,30.6,0.0,0.0,8.5,26.3,0
2026-05-26T19:00,Brussels,30.0,0.0,0.0,8.5,27.0,0
2026-05-26T20:00,Brussels,30.1,0.0,0.0,6.2,24.1,0
2026-05-26T21:00,Brussels,28.4,0.0,0.0,7.6,16.6,0
2026-05-26T22:00,Brussels,26.3,0.0,0.0,10.5,22.0,0
2026-05-26T23:00,Brussels,24.9,0.0,0.0,8.5,22.3,0
2026-05-27T00:00,Brussels,24.1,0.0,0.0,8.3,17.6,0
2026-05-27T01:00,Brussels,23.1,0.0,0.0,9.5,18.7,0
2026-05-27T02:00,Brussels,21.3,0.0,0.0,10.3,20.9,0
2026-05-27T03:00,Brussels,20.9,0.0,0.0,9.7,20.5,0
2026-05-27T04:00,Brussels,20.4,0.0,0.0,9.6,19.8,0
2026-05-27T05:00,Brussels,19.5,0.0,0.0,9.5,19.8,0
2026-05-27T06:00,Brussels,18.6,0.0,0.0,10.3,21.2,0
2026-05-27T07:00,Brussels,18.5,0.0,0.0,10.0,22.7,0
2026-05-27T08:00,Brussels,19.5,0.0,0.0,10.9,27.4,0
2026-05-27T09:00,Brussels,20.6,0.0,0.0,10.0,28.8,0
2026-05-27T10:00,Brussels,22.4,0.0,0.0,9.5,28.1,0
2026-05-27T11:00,Brussels,24.2,0.0,0.0,9.9,29.5,0
2026-05-27T12:00,Brussels,25.6,0.0,0.0,10.6,31.3,0
2026-05-27T13:00,Brussels,26.8,0.0,0.0,10.7,32.0,0
2026-05-27T14:00,Brussels,27.3,0.0,0.0,11.3,32.8,1
2026-05-27T15:00,Brussels,27.4,0.0,0.0,11.8,34.2,1
2026-05-27T16:00,Brussels,27.8,0.0,0.0,11.6,34.2,0
2026-05-27T17:00,Brussels,27.9,0.0,0.0,12.3,34.2,0
2026-05-27T18:00,Brussels,27.7,0.0,0.0,13.1,34.9,0
2026-05-27T19:00,Brussels,27.0,0.0,0.0,13.3,35.3,0
2026-05-27T20:00,Brussels,26.1,0.0,0.0,13.0,34.2,0
2026-05-27T21:00,Brussels,24.8,0.0,0.0,12.5,31.7,0
2026-05-27T22:00,Brussels,23.5,0.0,0.0,12.3,30.2,0
2026-05-27T23:00,Brussels,22.4,0.0,0.0,12.4,28.4,0
2026-05-28T00:00,Brussels,21.3,0.0,0.0,11.6,27.0,0
2026-05-28T01:00,Brussels,20.4,0.0,0.0,11.8,25.2,0
2026-05-28T02:00,Brussels,19.1,0.0,0.0,11.1,25.2,0
2026-05-28T03:00,Brussels,18.3,0.0,0.0,11.4,24.8,0
2026-05-28T04:00,Brussels,17.4,0.0,0.0,11.4,24.8,0
2026-05-28T05:00,Brussels,16.5,0.0,0.0,11.0,24.8,0
2026-05-28T06:00,Brussels,15.8,0.0,0.0,10.6,23.8,0
2026-05-28T07:00,Brussels,16.0,0.0,0.0,9.5,23.0,0
2026-05-28T08:00,Brussels,17.1,0.0,0.0,9.3,24.1,0
2026-05-28T09:00,Brussels,18.7,0.0,0.0,8.5,24.8,0
2026-05-28T10:00,Brussels,20.8,0.0,0.0,8.7,26.3,0
2026-05-28T11:00,Brussels,22.9,0.0,0.0,9.3,28.1,0
2026-05-28T12:00,Brussels,24.7,0.0,0.0,9.8,29.9,0
2026-05-28T13:00,Brussels,26.1,0.0,0.0,9.0,30.2,0
2026-05-28T14:00,Brussels,27.2,0.0,0.0,9.6,28.8,0
2026-05-28T15:00,Brussels,27.8,0.0,0.0,7.3,29.5,0
2026-05-28T16:00,Brussels,28.2,0.0,0.0,7.3,25.9,0
2026-05-28T17:00,Brussels,28.4,0.0,0.0,7.7,26.3,0
2026-05-28T18:00,Brussels,28.1,0.0,0.0,8.7,26.6,0
2026-05-28T19:00,Brussels,27.6,0.0,0.0,9.6,27.0,0
2026-05-28T20:00,Brussels,26.9,0.0,0.0,10.5,28.8,0
2026-05-28T21:00,Brussels,25.7,0.0,0.0,9.5,26.6,0
2026-05-28T22:00,Brussels,24.6,0.0,0.0,10.1,22.7,0
2026-05-28T23:00,Brussels,23.9,0.0,0.0,10.0,24.1,1
2026-05-29T00:00,Brussels,23.1,0.0,0.0,10.9,22.3,2
2026-05-29T01:00,Brussels,22.4,0.0,0.0,11.1,23.8,1
2026-05-29T02:00,Brussels,21.8,0.0,0.0,11.0,23.4,1
2026-05-29T03:00,Brussels,21.8,0.0,0.0,11.4,24.5,0
2026-05-29T04:00,Brussels,21.5,0.0,0.0,8.0,23.8,2
2026-05-29T05:00,Brussels,20.8,0.0,0.0,9.0,17.6,2
2026-05-29T06:00,Brussels,21.2,0.0,0.0,11.7,23.8,2
2026-05-29T07:00,Brussels,22.3,0.0,0.0,11.5,24.1,2
2026-05-29T08:00,Brussels,23.5,0.0,0.0,10.1,24.5,0
2026-05-29T09:00,Brussels,25.2,0.0,0.0,7.7,24.8,1
2026-05-29T10:00,Brussels,27.2,0.0,0.0,7.2,27.7,3
2026-05-29T11:00,Brussels,28.0,0.0,0.0,8.2,25.6,3
2026-05-29T12:00,Brussels,28.8,0.0,0.0,11.9,31.7,3
2026-05-29T13:00,Brussels,30.0,0.0,0.0,12.7,34.2,3
2026-05-29T14:00,Brussels,31.9,0.0,0.0,19.0,40.3,3
2026-05-29T15:00,Brussels,32.1,0.0,0.0,16.2,47.2,3
2026-05-29T16:00,Brussels,31.1,0.0,0.0,15.1,47.2,3
2026-05-29T17:00,Brussels,26.0,0.0,0.0,17.6,43.9,3
2026-05-29T18:00,Brussels,22.6,2.8,2.8,6.6,46.4,63
2026-05-29T19:00,Brussels,23.6,0.2,0.2,6.2,21.6,51
2026-05-29T20:00,Brussels,23.3,0.0,0.0,4.7,18.7,3
2026-05-29T21:00,Brussels,22.1,0.3,0.3,12.5,29.9,51
2026-05-29T22:00,Brussels,21.4,0.1,0.1,3.0,32.8,51
2026-05-29T23:00,Brussels,21.0,0.0,0.0,6.3,24.8,3
2026-05-30T00:00,Brussels,21.0,0.0,0.0,5.8,13.3,2
2026-05-30T01:00,Brussels,20.1,0.0,0.0,6.9,15.1,3
2026-05-30T02:00,Brussels,19.8,0.0,0.0,11.1,16.2,2
2026-05-30T03:00,Brussels,19.2,0.0,0.0,8.2,23.4,0
2026-05-30T04:00,Brussels,19.0,0.0,0.0,6.1,17.3,0
2026-05-30T05:00,Brussels,18.1,0.4,0.4,4.9,16.6,51
2026-05-30T06:00,Brussels,18.1,0.2,0.2,1.9,9.7,51
2026-05-30T07:00,Brussels,18.0,0.5,0.5,10.0,24.5,53
2026-05-30T08:00,Brussels,17.1,0.1,0.1,10.7,18.4,51
2026-05-30T09:00,Brussels,17.4,5.6,5.6,15.3,35.3,63
2026-05-30T10:00,Brussels,18.3,2.8,2.8,9.2,35.3,63
2026-05-30T11:00,Brussels,19.5,2.1,2.1,4.3,24.1,61
2026-05-30T12:00,Brussels,20.4,0.8,0.8,0.9,16.6,53
2026-05-30T13:00,Brussels,23.3,0.0,0.0,1.9,14.0,3
2026-05-30T14:00,Brussels,22.3,0.0,0.0,10.4,14.0,3
2026-05-30T15:00,Brussels,24.8,0.0,0.0,5.6,27.0,3
2026-05-30T16:00,Brussels,25.9,0.0,0.0,6.4,20.5,2
2026-05-30T17:00,Brussels,23.8,0.5,0.5,15.4,39.2,53
2026-05-30T18:00,Brussels,22.9,0.9,0.9,3.9,42.5,53
2026-05-30T19:00,Brussels,23.6,0.0,0.0,2.4,14.0,3
2026-05-30T20:00,Brussels,20.6,0.0,0.0,2.3,14.4,3
2026-05-30T21:00,Brussels,21.4,0.2,0.2,5.9,11.2,51
2026-05-30T22:00,Brussels,20.2,0.7,0.7,9.1,27.7,53
2026-05-30T23:00,Brussels,20.1,0.3,0.3,13.8,29.9,51
2026-05-31T00:00,Brussels,19.8,0.0,0.0,2.4,25.9,3
2026-05-31T01:00,Brussels,19.3,0.0,0.0,4.5,8.6,2
2026-05-31T02:00,Brussels,18.5,0.0,0.0,15.0,14.0,3
2026-05-31T03:00,Brussels,18.6,0.3,0.3,15.9,31.3,51
2026-05-31T04:00,Brussels,17.8,0.6,0.6,20.6,38.9,53
2026-05-31T05:00,Brussels,17.5,0.4,0.4,17.7,48.2,51
2026-05-31T06:00,Brussels,17.6,0.0,0.0,16.6,38.5,1
2026-05-31T07:00,Brussels,17.5,0.0,0.0,13.5,34.9,3
2026-05-31T08:00,Brussels,17.6,0.0,0.0,9.5,32.8,3
2026-05-31T09:00,Brussels,18.3,0.0,0.0,12.5,32.4,3
2026-05-31T10:00,Brussels,18.7,0.0,0.0,13.4,33.8,3
2026-05-31T11:00,Brussels,20.4,0.0,0.0,15.0,37.8,3
2026-05-31T12:00,Brussels,22.4,0.0,0.0,16.0,42.1,3
2026-05-31T13:00,Brussels,22.8,0.0,0.0,16.4,42.1,3
2026-05-31T14:00,Brussels,22.2,0.0,0.0,17.3,43.2,3
2026-05-31T15:00,Brussels,21.9,0.0,0.0,17.5,43.6,3
2026-05-31T16:00,Brussels,22.4,0.0,0.0,18.6,46.4,3
2026-05-31T17:00,Brussels,21.7,0.0,0.0,18.0,46.1,3
2026-05-31T18:00,Brussels,21.3,0.0,0.0,17.8,43.6,3
2026-05-31T19:00,Brussels,20.5,0.1,0.1,17.8,43.6,51
2026-05-31T20:00,Brussels,20.1,0.0,0.0,16.2,42.5,2
2026-05-31T21:00,Brussels,19.2,0.0,0.0,14.5,38.9,2
2026-05-31T22:00,Brussels,18.2,0.0,0.0,11.2,31.7,1
2026-05-31T23:00,Brussels,17.5,0.0,0.0,12.3,26.6,1
2026-06-01T00:00,Brussels,16.5,0.0,0.0,12.8,28.8,0
2026-06-01T01:00,Brussels,15.4,0.0,0.0,10.4,28.1,0
2026-06-01T02:00,Brussels,14.4,0.0,0.0,9.7,22.0,0
2026-06-01T03:00,Brussels,13.9,0.0,0.0,10.5,22.3,0
2026-06-01T04:00,Brussels,13.5,0.0,0.0,10.3,22.7,0
2026-06-01T05:00,Brussels,13.1,0.0,0.0,10.1,22.0,0
2026-06-01T06:00,Brussels,12.9,0.0,0.0,10.0,20.9,0
2026-06-01T07:00,Brussels,13.5,0.0,0.0,8.3,20.9,0
2026-06-01T08:00,Brussels,15.0,0.0,0.0,8.1,22.3,3
2026-06-01T09:00,Brussels,16.6,0.0,0.0,7.4,21.2,3
2026-06-01T10:00,Brussels,18.3,0.0,0.0,7.5,22.7,3
2026-06-01T11:00,Brussels,19.8,0.0,0.0,8.3,25.2,3
2026-06-01T12:00,Brussels,20.8,0.0,0.0,10.2,28.8,3
2026-06-01T13:00,Brussels,21.9,0.0,0.0,12.8,34.6,3
2026-06-01T14:00,Brussels,21.8,0.0,0.0,11.9,34.6,3
2026-06-01T15:00,Brussels,22.0,0.0,0.0,10.8,31.3,3
2026-06-01T16:00,Brussels,22.5,0.0,0.0,11.2,30.2,3
2026-06-01T17:00,Brussels,22.7,0.0,0.0,12.5,32.4,3
2026-06-01T18:00,Brussels,22.5,0.0,0.0,11.2,32.4,3
2026-06-01T19:00,Brussels,22.6,0.0,0.0,12.3,30.6,3
2026-06-01T20:00,Brussels,22.3,0.0,0.0,10.7,30.6,3
2026-06-01T21:00,Brussels,21.5,0.0,0.0,9.3,27.7,3
2026-06-01T22:00,Brussels,20.9,0.0,0.0,8.4,20.2,3
2026-06-01T23:00,Brussels,20.2,0.0,0.0,6.8,17.6,3
2026-06-02T00:00,Brussels,19.4,0.0,0.0,8.6,16.6,3
2026-06-02T01:00,Brussels,19.0,0.0,0.0,10.4,20.5,3
2026-06-02T02:00,Brussels,18.6,0.0,0.0,10.7,22.0,3
2026-06-02T03:00,Brussels,18.3,0.0,0.0,11.7,23.8,3
2026-06-02T04:00,Brussels,18.1,0.0,0.0,12.8,26.3,3
2026-06-02T05:00,Brussels,18.2,0.0,0.0,14.2,28.4,3
2026-06-02T06:00,Brussels,18.0,0.0,0.0,14.5,32.0,3
2026-06-02T07:00,Brussels,16.4,0.8,0.8,14.2,31.3,53
2026-06-02T08:00,Brussels,16.1,2.3,2.3,19.3,30.2,61
2026-06-02T09:00,Brussels,16.1,1.9,1.9,14.1,39.6,61
2026-06-02T10:00,Brussels,18.6,0.0,0.0,12.2,29.5,2
2026-06-02T11:00,Brussels,20.2,0.3,0.3,14.9,41.4,51
2026-06-02T12:00,Brussels,20.7,0.1,0.1,18.0,43.6,51
2026-06-02T13:00,Brussels,21.6,0.0,0.0,18.6,47.5,3
2026-06-02T14:00,Brussels,20.3,1.1,1.1,20.9,48.6,55
2026-06-02T15:00,Brussels,19.4,0.3,0.3,18.7,50.0,51
2026-06-02T16:00,Brussels,18.1,0.5,0.5,20.1,57.2,53
2026-06-02T17:00,Brussels,18.7,0.0,0.0,17.5,49.7,3
2026-06-02T18:00,Brussels,18.8,0.1,0.1,19.4,47.2,51
2026-06-02T19:00,Brussels,18.7,0.0,0.0,18.7,46.1,1
2026-06-02T20:00,Brussels,17.6,0.0,0.0,17.3,45.4,2
2026-06-02T21:00,Brussels,16.8,0.0,0.0,16.9,41.0,2
2026-06-02T22:00,Brussels,15.6,0.0,0.0,15.7,37.4,1
2026-06-02T23:00,Brussels,14.9,0.0,0.0,15.7,34.6,1
2026-06-03T00:00,Brussels,14.2,0.1,0.1,17.0,36.7,51
2026-06-03T01:00,Brussels,13.5,0.0,0.0,17.2,37.8,1
2026-06-03T02:00,Brussels,11.9,0.2,0.2,16.7,37.8,51
2026-06-03T03:00,Brussels,12.5,0.6,0.6,16.2,35.6,53
2026-06-03T04:00,Brussels,12.5,0.2,0.2,15.0,33.8,51
2026-06-03T05:00,Brussels,12.3,0.1,0.1,14.4,31.7,51
2026-06-03T06:00,Brussels,12.5,0.3,0.3,15.4,31.7,51
2026-06-03T07:00,Brussels,12.6,0.7,0.7,17.7,38.2,53
2026-06-03T08:00,Brussels,13.7,0.7,0.7,16.9,38.9,53
2026-06-03T09:00,Brussels,14.7,0.1,0.1,18.6,42.8,51
2026-06-03T10:00,Brussels,15.8,0.0,0.0,18.3,46.4,1
2026-06-03T11:00,Brussels,16.9,0.2,0.2,20.0,47.9,51
2026-06-03T12:00,Brussels,18.0,0.1,0.1,22.1,53.6,51
2026-06-03T13:00,Brussels,18.0,0.1,0.1,22.9,54.7,51
2026-06-03T14:00,Brussels,18.1,0.0,0.0,21.7,54.7,3
2026-06-03T15:00,Brussels,18.1,0.0,0.0,23.4,54.4,3
2026-06-03T16:00,Brussels,18.4,0.0,0.0,23.1,54.7,3
2026-06-03T17:00,Brussels,17.2,1.1,1.1,19.8,55.1,55
2026-06-03T18:00,Brussels,16.8,0.7,0.7,19.4,45.0,53
2026-06-03T19:00,Brussels,16.4,1.4,1.4,23.6,51.1,61
2026-06-03T20:00,Brussels,15.9,0.4,0.4,23.5,52.9,51
2026-06-03T21:00,Brussels,15.8,0.3,0.3,24.3,52.6,51
2026-06-03T22:00,Brussels,16.2,0.3,0.3,24.3,57.6,51
2026-06-03T23:00,Brussels,15.3,2.7,2.7,19.0,56.5,63
2026-06-04T00:00,Brussels,15.2,1.1,1.1,17.5,40.7,55
2026-06-04T01:00,Brussels,14.9,0.1,0.1,18.8,38.5,51
2026-06-04T02:00,Brussels,13.9,0.0,0.0,16.4,38.9,3
2026-06-04T03:00,Brussels,14.0,0.0,0.0,15.0,34.9,3
2026-06-04T04:00,Brussels,14.0,0.0,0.0,13.9,32.0,3
2026-06-04T05:00,Brussels,14.0,0.3,0.3,16.9,37.4,51
2026-06-04T06:00,Brussels,14.2,0.1,0.1,20.7,44.6,51
2026-06-04T07:00,Brussels,14.2,0.0,0.0,19.2,44.6,3
2026-06-04T08:00,Brussels,14.5,0.0,0.0,19.8,43.2,3
2026-06-04T09:00,Brussels,14.8,0.2,0.2,19.5,47.2,51
2026-06-04T10:00,Brussels,14.7,0.5,0.5,19.4,47.9,53
2026-06-04T11:00,Brussels,15.6,0.5,0.5,19.4,49.0,53
2026-06-04T12:00,Brussels,15.2,0.9,0.9,28.1,65.9,53
2026-06-04T13:00,Brussels,16.7,0.8,0.8,24.7,62.3,53
2026-06-04T14:00,Brussels,17.2,2.6,2.6,24.0,62.6,63
2026-06-04T15:00,Brussels,15.7,2.4,2.4,16.0,59.4,61
2026-06-04T16:00,Brussels,16.7,0.2,0.2,23.5,61.9,51
2026-06-04T17:00,Brussels,17.1,0.2,0.2,24.1,63.0,51
2026-06-04T18:00,Brussels,17.3,0.0,0.0,23.4,58.7,0
2026-06-04T19:00,Brussels,17.1,0.0,0.0,21.9,54.7,0
2026-06-04T20:00,Brussels,16.5,0.0,0.0,19.0,49.0,2
2026-06-04T21:00,Brussels,15.5,0.0,0.0,18.7,43.2,1
2026-06-04T22:00,Brussels,14.6,0.0,0.0,18.3,41.0,1
2026-06-04T23:00,Brussels,13.9,0.0,0.0,18.6,41.4,0
2026-06-05T00:00,Brussels,13.4,0.0,0.0,18.1,40.7,1
2026-06-05T01:00,Brussels,13.0,0.0,0.0,18.2,40.0,1
2026-06-05T02:00,Brussels,13.0,0.0,0.0,18.0,39.6,1
2026-06-05T03:00,Brussels,12.8,0.0,0.0,17.4,38.5,1
2026-06-05T04:00,Brussels,12.7,0.0,0.0,18.0,38.9,3
2026-06-05T05:00,Brussels,12.4,0.0,0.0,17.7,38.9,3
2026-06-05T06:00,Brussels,12.5,0.0,0.0,17.1,38.5,3
2026-06-05T07:00,Brussels,12.9,0.0,0.0,16.3,38.5,3
2026-06-05T08:00,Brussels,12.8,0.0,0.0,15.9,40.7,1
2026-06-05T09:00,Brussels,13.7,0.1,0.1,15.8,37.1,51
2026-06-05T10:00,Brussels,14.8,0.0,0.0,16.1,41.8,1
2026-06-05T11:00,Brussels,15.7,0.2,0.2,14.5,38.9,51
2026-06-05T12:00,Brussels,16.6,0.1,0.1,14.9,38.2,51
2026-06-05T13:00,Brussels,17.4,0.1,0.1,14.8,39.2,51
2026-06-05T14:00,Brussels,17.7,0.1,0.1,14.9,38.9,51
2026-06-05T15:00,Brussels,15.9,1.5,1.5,14.3,38.5,61
2026-06-05T16:00,Brussels,17.8,0.1,0.1,15.0,36.7,51
2026-06-05T17:00,Brussels,17.0,0.5,0.5,15.9,40.7,53
2026-06-05T18:00,Brussels,17.2,0.1,0.1,13.8,38.5,51
2026-06-05T19:00,Brussels,16.8,0.1,0.1,13.1,33.8,51
2026-06-05T20:00,Brussels,16.2,0.1,0.1,8.2,30.2,51
2026-06-05T21:00,Brussels,15.7,0.0,0.0,3.4,18.7,0
2026-06-05T22:00,Brussels,14.6,0.0,0.0,6.8,13.3,1
2026-06-05T23:00,Brussels,13.8,0.0,0.0,7.4,14.8,2
2026-06-06T00:00,Brussels,13.2,0.0,0.0,7.3,15.1,1
2026-06-06T01:00,Brussels,12.6,0.0,0.0,6.3,14.8,1
2026-06-06T02:00,Brussels,12.1,0.0,0.0,7.8,13.3,3
2026-06-06T03:00,Brussels,11.9,0.0,0.0,8.7,16.9,3
2026-06-06T04:00,Brussels,11.9,0.0,0.0,10.5,20.5,3
2026-06-06T05:00,Brussels,11.8,0.0,0.0,11.5,23.0,3
2026-06-06T06:00,Brussels,11.9,0.0,0.0,11.3,23.8,3
2026-06-06T07:00,Brussels,12.6,0.0,0.0,11.8,24.1,3
2026-06-06T08:00,Brussels,13.4,0.0,0.0,11.8,26.3,3
2026-06-06T09:00,Brussels,15.3,0.0,0.0,11.6,27.0,1
2026-06-06T10:00,Brussels,17.1,0.0,0.0,14.3,34.6,2
2026-06-06T11:00,Brussels,17.8,0.0,0.0,16.9,40.3,3
2026-06-06T12:00,Brussels,18.0,0.0,0.0,17.9,41.4,2
2026-06-06T13:00,Brussels,18.6,0.0,0.0,20.3,47.5,2
2026-06-06T14:00,Brussels,19.6,1.3,1.3,20.9,53.6,61
2026-06-06T15:00,Brussels,18.6,0.3,0.3,24.6,55.1,51
2026-06-06T16:00,Brussels,17.2,0.3,0.3,20.1,57.6,51
2026-06-06T17:00,Brussels,17.4,0.0,0.0,19.6,49.0,2
2026-06-06T18:00,Brussels,18.1,0.0,0.0,20.0,49.7,1
2026-06-06T19:00,Brussels,14.5,1.4,1.4,20.6,47.2,61
2026-06-06T20:00,Brussels,14.3,0.7,0.7,13.3,42.8,53
2026-06-06T21:00,Brussels,14.7,0.0,0.0,18.5,37.8,2
2026-06-06T22:00,Brussels,14.2,0.0,0.0,20.1,44.3,3
2026-06-06T23:00,Brussels,14.3,0.0,0.0,19.8,43.6,3
2026-06-07T00:00,Brussels,14.2,0.0,0.0,22.4,49.0,2
2026-06-07T01:00,Brussels,13.5,0.0,0.0,22.9,51.1,1
2026-06-07T02:00,Brussels,13.1,0.0,0.0,22.4,50.4,1
2026-06-07T03:00,Brussels,12.5,0.0,0.0,21.3,49.0,2
2026-06-07T04:00,Brussels,12.3,0.0,0.0,20.0,46.4,2
2026-06-07T05:00,Brussels,12.0,0.0,0.0,19.2,43.6,3
2026-06-07T06:00,Brussels,12.0,0.0,0.0,18.4,42.1,3
2026-06-07T07:00,Brussels,12.1,0.0,0.0,17.9,40.7,1
2026-06-07T08:00,Brussels,12.6,0.0,0.0,18.0,39.6,3
2026-06-07T09:00,Brussels,13.5,0.0,0.0,20.4,47.2,3
2026-06-07T10:00,Brussels,14.2,0.0,0.0,19.3,47.2,3
2026-06-07T11:00,Brussels,14.7,0.0,0.0,18.3,45.0,3
2026-06-07T12:00,Brussels,15.4,0.0,0.0,16.5,42.8,3
2026-06-07T13:00,Brussels,16.2,0.0,0.0,15.3,39.2,3
2026-06-07T14:00,Brussels,16.9,0.0,0.0,15.4,37.8,3
2026-06-07T15:00,Brussels,17.5,0.0,0.0,14.0,37.8,3
2026-06-07T16:00,Brussels,17.7,0.0,0.0,13.7,34.9,3
2026-06-07T17:00,Brussels,17.6,0.0,0.0,13.4,33.8,3
2026-06-07T18:00,Brussels,17.7,0.0,0.0,12.6,32.0,3
2026-06-07T19:00,Brussels,17.6,0.0,0.0,13.3,31.3,3
2026-06-07T20:00,Brussels,16.8,0.0,0.0,9.8,31.0,3
2026-06-07T21:00,Brussels,16.4,0.0,0.0,7.8,21.2,3
2026-06-07T22:00,Brussels,15.5,0.0,0.0,6.2,16.6,2
2026-06-07T23:00,Brussels,14.6,0.0,0.0,6.7,13.0,2
2026-06-08T00:00,Brussels,14.2,0.0,0.0,4.9,13.0,3
2026-06-08T01:00,Brussels,14.1,0.0,0.0,6.8,13.0,3
2026-06-08T02:00,Brussels,13.5,0.0,0.0,8.6,14.0,3
2026-06-08T03:00,Brussels,13.6,0.0,0.0,9.4,18.7,3
2026-06-08T04:00,Brussels,13.3,0.0,0.0,9.8,19.8,3
2026-06-08T05:00,Brussels,12.8,0.0,0.0,9.7,19.8,3
2026-06-08T06:00,Brussels,12.5,0.0,0.0,9.8,19.4,3
2026-06-08T07:00,Brussels,13.3,0.0,0.0,9.6,20.2,3
2026-06-08T08:00,Brussels,14.2,0.0,0.0,9.9,19.8,3
2026-06-08T09:00,Brussels,15.7,0.0,0.0,9.3,20.2,3
2026-06-08T10:00,Brussels,17.2,0.0,0.0,7.7,19.8,3
2026-06-08T11:00,Brussels,18.7,0.0,0.0,8.2,20.9,3
2026-06-08T12:00,Brussels,19.4,0.0,0.0,8.7,22.0,3
2026-06-08T13:00,Brussels,20.3,0.0,0.0,12.1,31.0,3
2026-06-08T14:00,Brussels,21.0,0.2,0.2,12.7,35.6,51
2026-06-08T15:00,Brussels,20.3,0.0,0.0,12.2,33.5,2
2026-06-08T16:00,Brussels,21.3,0.0,0.0,13.6,40.0,1
2026-06-08T17:00,Brussels,21.2,0.0,0.0,17.9,42.8,3
2026-06-08T18:00,Brussels,18.2,0.2,0.2,20.2,47.2,51
2026-06-08T19:00,Brussels,15.8,1.0,1.0,11.6,45.7,55
2026-06-08T20:00,Brussels,15.0,0.1,0.1,14.3,29.5,51
2026-06-08T21:00,Brussels,14.3,1.0,1.0,12.3,30.6,55
2026-06-08T22:00,Brussels,13.0,0.4,0.4,14.8,32.8,51
2026-06-08T23:00,Brussels,13.0,0.0,0.0,15.9,34.2,3
2026-06-09T00:00,Brussels,12.4,0.0,0.0,16.6,35.6,3
2026-06-09T01:00,Brussels,12.0,0.0,0.0,17.1,37.1,1
2026-06-09T02:00,Brussels,11.9,0.0,0.0,15.9,37.1,2
2026-06-09T03:00,Brussels,11.3,0.2,0.2,16.9,36.4,51
2026-06-09T04:00,Brussels,10.9,0.5,0.5,16.4,37.4,53
2026-06-09T05:00,Brussels,10.4,0.2,0.2,13.7,34.9,51
2026-06-09T06:00,Brussels,10.4,0.1,0.1,13.8,29.2,51
2026-06-09T07:00,Brussels,10.7,0.0,0.0,14.9,33.1,0
2026-06-09T08:00,Brussels,11.6,0.0,0.0,12.5,32.0,1
2026-06-09T09:00,Brussels,12.4,0.0,0.0,14.8,35.3,0
2026-06-09T10:00,Brussels,13.8,0.0,0.0,16.5,40.3,0
2026-06-09T11:00,Brussels,14.9,0.0,0.0,17.6,43.6,1
2026-06-09T12:00,Brussels,15.1,0.1,0.1,19.5,47.2,51
2026-06-09T13:00,Brussels,15.4,0.3,0.3,21.3,50.4,51
2026-06-09T14:00,Brussels,14.9,0.1,0.1,23.1,51.8,51
2026-06-09T15:00,Brussels,15.7,0.3,0.3,16.9,53.6,51
2026-06-09T16:00,Brussels,14.8,1.5,1.5,12.0,53.3,61
2026-06-09T17:00,Brussels,16.3,0.1,0.1,18.2,51.8,51
2026-06-09T18:00,Brussels,12.2,3.3,3.3,18.1,49.0,63
2026-06-09T19:00,Brussels,14.3,0.1,0.1,11.8,37.8,51
2026-06-09T20:00,Brussels,14.3,0.1,0.1,14.7,34.2,51
2026-06-09T21:00,Brussels,14.1,0.0,0.0,14.1,31.7,1
2026-06-09T22:00,Brussels,13.2,0.0,0.0,13.8,31.3,0
2026-06-09T23:00,Brussels,12.3,0.0,0.0,13.1,29.5,2
2026-06-10T00:00,Brussels,11.6,0.0,0.0,13.0,27.7,3
2026-06-10T01:00,Brussels,11.2,0.0,0.0,13.5,28.1,1
2026-06-10T02:00,Brussels,10.6,0.0,0.0,13.6,28.8,1
2026-06-10T03:00,Brussels,10.1,0.0,0.0,13.0,28.4,0
2026-06-10T04:00,Brussels,9.7,0.0,0.0,12.6,27.0,0
2026-06-10T05:00,Brussels,9.3,0.0,0.0,12.4,25.9,0
2026-06-10T06:00,Brussels,9.1,0.0,0.0,12.8,26.3,1
2026-06-10T07:00,Brussels,9.8,0.0,0.0,12.5,28.1,2
2026-06-10T08:00,Brussels,11.2,0.0,0.0,11.9,28.4,2
2026-06-10T09:00,Brussels,12.6,0.0,0.0,13.2,32.0,2
2026-06-10T10:00,Brussels,13.8,0.0,0.0,13.1,33.5,2
2026-06-10T11:00,Brussels,14.9,0.0,0.0,13.5,36.7,1
2026-06-10T12:00,Brussels,15.7,0.1,0.1,13.8,37.4,51
2026-06-10T13:00,Brussels,15.7,0.1,0.1,13.7,37.4,51
2026-06-10T14:00,Brussels,16.1,0.2,0.2,13.6,36.4,51
2026-06-10T15:00,Brussels,16.3,0.1,0.1,15.7,40.3,51
2026-06-10T16:00,Brussels,13.6,2.4,2.4,12.1,43.6,61
2026-06-10T17:00,Brussels,14.5,0.1,0.1,7.5,30.6,51
2026-06-10T18:00,Brussels,14.7,1.8,1.8,10.5,30.6,61
2026-06-10T19:00,Brussels,12.9,1.7,1.7,12.4,34.9,61
2026-06-10T20:00,Brussels,12.6,0.6,0.6,2.1,32.8,53
2026-06-10T21:00,Brussels,12.5,0.0,0.0,3.5,16.9,2
2026-06-10T22:00,Brussels,12.2,0.1,0.1,7.0,11.9,51
2026-06-10T23:00,Brussels,11.7,0.0,0.0,10.4,20.2,2
2026-06-11T00:00,Brussels,10.8,0.1,0.1,11.2,21.2,51
2026-06-11T01:00,Brussels,10.6,0.1,0.1,11.8,23.4,51
2026-06-11T02:00,Brussels,10.4,0.0,0.0,11.2,25.6,1
2026-06-11T03:00,Brussels,10.2,0.0,0.0,11.8,24.5,1
2026-06-11T04:00,Brussels,9.6,0.0,0.0,11.7,24.5,0
2026-06-11T05:00,Brussels,9.1,0.0,0.0,10.9,24.1,1
2026-06-11T06:00,Brussels,8.8,0.0,0.0,11.2,22.7,0
2026-06-11T07:00,Brussels,9.7,0.0,0.0,12.0,27.0,1
2026-06-11T08:00,Brussels,11.1,0.0,0.0,8.6,27.7,2
2026-06-11T09:00,Brussels,12.6,0.0,0.0,10.5,26.3,2
2026-06-11T10:00,Brussels,14.0,0.1,0.1,10.7,28.1,51
2026-06-11T11:00,Brussels,15.1,0.1,0.1,12.5,32.8,51
2026-06-11T12:00,Brussels,15.9,0.0,0.0,12.7,33.8,3
2026-06-11T13:00,Brussels,16.4,0.0,0.0,14.1,35.3,3
2026-06-11T14:00,Brussels,16.8,0.0,0.0,15.2,38.9,3
2026-06-11T15:00,Brussels,15.9,0.1,0.1,16.8,40.0,51
2026-06-11T16:00,Brussels,14.7,0.6,0.6,19.4,44.6,53
2026-06-11T17:00,Brussels,13.2,1.1,1.1,17.1,45.0,55
2026-06-11T18:00,Brussels,12.9,0.8,0.8,11.8,36.7,53
2026-06-11T19:00,Brussels,12.5,0.7,0.7,15.0,31.3,53
2026-06-11T20:00,Brussels,12.1,0.9,0.9,16.5,34.9,53
2026-06-11T21:00,Brussels,12.1,1.1,1.1,20.6,41.0,55
2026-06-11T22:00,Brussels,12.2,0.2,0.2,22.1,45.7,51
2026-06-11T23:00,Brussels,12.5,0.3,0.3,21.8,45.7,51
2026-06-12T00:00,Brussels,12.8,0.4,0.4,20.9,45.7,51
2026-06-12T01:00,Brussels,13.1,0.3,0.3,18.5,43.6,51
2026-06-12T02:00,Brussels,13.6,0.5,0.5,17.9,38.5,53
2026-06-12T03:00,Brussels,13.9,0.4,0.4,17.1,36.4,51
2026-06-12T04:00,Brussels,14.1,0.4,0.4,17.2,34.9,51
2026-06-12T05:00,Brussels,14.3,0.2,0.2,18.1,36.7,51
2026-06-12T06:00,Brussels,14.4,0.4,0.4,18.8,38.2,51
2026-06-12T07:00,Brussels,14.5,0.4,0.4,18.6,38.5,51
2026-06-12T08:00,Brussels,14.8,0.2,0.2,18.4,38.9,51
2026-06-12T09:00,Brussels,15.1,0.2,0.2,18.1,38.9,51
2026-06-12T10:00,Brussels,15.3,0.1,0.1,16.9,42.1,51
2026-06-12T11:00,Brussels,15.4,0.1,0.1,16.8,41.4,51
2026-06-12T12:00,Brussels,16.2,0.1,0.1,17.7,40.0,51
2026-06-12T13:00,Brussels,17.3,0.1,0.1,18.8,44.6,51
2026-06-12T14:00,Brussels,17.2,0.2,0.2,19.2,47.5,51
2026-06-12T15:00,Brussels,17.8,0.1,0.1,19.8,45.7,51
2026-06-12T16:00,Brussels,17.8,0.2,0.2,20.8,49.7,51
2026-06-12T17:00,Brussels,18.1,0.1,0.1,19.5,47.5,51
2026-06-12T18:00,Brussels,18.4,0.1,0.1,20.6,49.3,51
2026-06-12T19:00,Brussels,18.0,0.0,0.0,20.1,56.5,3
2026-06-12T20:00,Brussels,17.2,0.0,0.0,18.7,51.1,3
2026-06-12T21:00,Brussels,16.6,0.0,0.0,17.5,41.4,2
2026-06-12T22:00,Brussels,16.1,0.0,0.0,18.6,40.3,2
2026-06-12T23:00,Brussels,15.8,0.0,0.0,18.0,40.3,3
2026-06-13T00:00,Brussels,15.6,0.0,0.0,17.4,39.2,3
2026-06-13T01:00,Brussels,15.3,0.0,0.0,17.1,38.5,3
2026-06-13T02:00,Brussels,15.1,0.0,0.0,15.6,37.4,3
2026-06-13T03:00,Brussels,14.8,0.0,0.0,15.4,34.2,3
2026-06-13T04:00,Brussels,14.7,0.0,0.0,15.0,33.8,3
2026-06-13T05:00,Brussels,14.5,0.0,0.0,14.6,32.8,3
2026-06-13T06:00,Brussels,14.4,0.0,0.0,14.6,32.4,3
2026-06-13T07:00,Brussels,14.3,0.0,0.0,16.3,40.0,3
2026-06-13T08:00,Brussels,14.3,0.0,0.0,16.8,41.4,3
2026-06-13T09:00,Brussels,14.8,0.0,0.0,18.7,43.6,3
2026-06-13T10:00,Brussels,15.5,0.1,0.1,19.7,46.1,51
2026-06-13T11:00,Brussels,16.8,0.1,0.1,20.2,48.6,51
2026-06-13T12:00,Brussels,17.9,0.0,0.0,20.5,49.7,1
2026-06-13T13:00,Brussels,18.7,0.0,0.0,20.9,50.8,0
2026-06-13T14:00,Brussels,19.2,0.0,0.0,19.3,51.8,2
2026-06-13T15:00,Brussels,19.3,0.0,0.0,18.6,46.8,3
2026-06-13T16:00,Brussels,19.3,0.0,0.0,18.7,47.2,2
2026-06-13T17:00,Brussels,18.9,0.0,0.0,17.2,46.1,3
2026-06-13T18:00,Brussels,18.7,0.0,0.0,15.9,42.5,2
2026-06-13T19:00,Brussels,17.1,0.0,0.0,13.8,38.9,1
2026-06-13T20:00,Brussels,16.3,0.0,0.0,10.3,33.1,0
2026-06-13T21:00,Brussels,15.8,0.0,0.0,5.8,23.8,1
2026-06-13T22:00,Brussels,15.0,0.0,0.0,1.1,12.6,1
2026-06-13T23:00,Brussels,14.3,0.0,0.0,6.5,11.5,1
2026-06-14T00:00,Brussels,13.9,0.0,0.0,8.6,17.3,3
2026-06-14T01:00,Brussels,13.9,0.0,0.0,10.2,20.9,2
2026-06-14T02:00,Brussels,13.8,0.0,0.0,10.0,21.2,3
2026-06-14T03:00,Brussels,13.7,0.0,0.0,11.3,23.0,3
2026-06-14T04:00,Brussels,13.3,0.0,0.0,11.8,25.6,2
2026-06-14T05:00,Brussels,12.9,0.0,0.0,11.3,24.8,1
2026-06-14T06:00,Brussels,12.2,0.0,0.0,11.4,23.8,0
2026-06-14T07:00,Brussels,12.4,0.0,0.0,10.8,23.8,0
2026-06-14T08:00,Brussels,13.8,0.0,0.0,10.8,23.8,0
2026-06-14T09:00,Brussels,14.6,0.0,0.0,13.3,33.1,2
2026-06-14T10:00,Brussels,15.1,0.0,0.0,14.4,35.6,2
2026-06-14T11:00,Brussels,15.9,0.0,0.0,14.2,36.4,3
2026-06-14T12:00,Brussels,16.3,0.0,0.0,13.5,36.0,3
2026-06-14T13:00,Brussels,16.7,0.0,0.0,13.0,34.2,3
2026-06-14T14:00,Brussels,16.5,0.0,0.0,11.9,34.2,3
2026-06-14T15:00,Brussels,16.9,0.0,0.0,12.2,32.0,3
2026-06-14T16:00,Brussels,17.0,0.0,0.0,13.5,34.2,3
2026-06-14T17:00,Brussels,17.0,0.0,0.0,13.3,34.9,3
2026-06-14T18:00,Brussels,16.8,0.0,0.0,14.3,35.3,1
2026-06-14T19:00,Brussels,16.3,0.0,0.0,13.8,35.6,1
2026-06-14T20:00,Brussels,15.6,0.0,0.0,12.6,33.8,2
2026-06-14T21:00,Brussels,14.5,0.0,0.0,10.8,29.5,0
2026-06-14T22:00,Brussels,13.3,0.0,0.0,7.7,23.8,0
2026-06-14T23:00,Brussels,12.6,0.0,0.0,5.2,15.8,0
2026-06-15T00:00,Brussels,12.0,0.0,0.0,5.1,10.8,0
2026-06-15T01:00,Brussels,11.5,0.0,0.0,6.3,12.2,2
2026-06-15T02:00,Brussels,10.8,0.0,0.0,6.8,12.2,0
2026-06-15T03:00,Brussels,10.3,0.0,0.0,7.2,13.7,1
2026-06-15T04:00,Brussels,10.1,0.0,0.0,7.6,14.8,3
2026-06-15T05:00,Brussels,10.3,0.0,0.0,7.0,15.1,3
2026-06-15T06:00,Brussels,10.6,0.0,0.0,6.7,13.7,3
2026-06-15T07:00,Brussels,11.3,0.0,0.0,5.6,13.0,3
2026-06-15T08:00,Brussels,12.8,0.0,0.0,6.9,13.3,2
2026-06-15T09:00,Brussels,13.9,0.1,0.1,10.8,27.4,51
2026-06-15T10:00,Brussels,14.6,0.0,0.0,8.7,27.7,3
2026-06-15T11:00,Brussels,15.4,0.0,0.0,8.2,24.1,3
2026-06-15T12:00,Brussels,15.8,0.0,0.0,6.1,23.8,3
2026-06-15T13:00,Brussels,17.0,0.0,0.0,4.6,19.8,3
2026-06-15T14:00,Brussels,17.4,0.0,0.0,2.5,18.0,3
2026-06-15T15:00,Brussels,18.0,0.0,0.0,0.4,12.2,3
2026-06-15T16:00,Brussels,18.7,0.0,0.0,2.0,15.8,3
2026-06-15T17:00,Brussels,18.9,0.0,0.0,2.3,13.3,3
2026-06-15T18:00,Brussels,18.9,0.0,0.0,5.9,16.9,3
2026-06-15T19:00,Brussels,19.1,0.0,0.0,5.6,18.4,3
2026-06-15T20:00,Brussels,18.7,0.0,0.0,4.7,15.5,3
2026-06-15T21:00,Brussels,18.3,0.0,0.0,4.5,11.5,3
2026-06-15T22:00,Brussels,17.1,0.0,0.0,8.4,16.6,3
2026-06-15T23:00,Brussels,16.3,0.0,0.0,10.5,21.2,3
2026-06-16T00:00,Brussels,15.9,0.0,0.0,10.9,22.0,3
2026-06-16T01:00,Brussels,15.9,0.0,0.0,10.2,22.0,3
2026-06-16T02:00,Brussels,16.1,0.0,0.0,10.4,20.5,3
2026-06-16T03:00,Brussels,16.9,0.0,0.0,12.4,24.1,3
2026-06-16T04:00,Brussels,16.9,0.0,0.0,13.4,27.0,3
2026-06-16T05:00,Brussels,16.8,0.0,0.0,14.8,29.5,3
2026-06-16T06:00,Brussels,16.9,0.0,0.0,15.9,34.9,3
2026-06-16T07:00,Brussels,16.9,0.0,0.0,13.2,33.8,3
2026-06-16T08:00,Brussels,16.8,0.0,0.0,11.0,28.4,3
2026-06-16T09:00,Brussels,17.1,0.0,0.0,8.8,23.4,2
2026-06-16T10:00,Brussels,18.9,0.0,0.0,8.0,22.7,1
2026-06-16T11:00,Brussels,21.0,0.0,0.0,9.7,27.0,2
2026-06-16T12:00,Brussels,21.7,0.0,0.0,10.5,28.1,1
2026-06-16T13:00,Brussels,23.6,0.0,0.0,12.8,34.6,1
2026-06-16T14:00,Brussels,24.3,0.0,0.0,13.7,37.4,2
2026-06-16T15:00,Brussels,24.4,0.0,0.0,12.4,36.0,3
2026-06-16T16:00,Brussels,24.0,0.0,0.0,13.2,34.2,3
2026-06-16T17:00,Brussels,23.5,0.0,0.0,13.9,35.6,2
2026-06-16T18:00,Brussels,23.2,0.0,0.0,12.6,36.0,2
2026-06-16T19:00,Brussels,22.8,0.0,0.0,12.7,33.5,2
2026-06-16T20:00,Brussels,22.6,0.0,0.0,11.3,32.8,1
2026-06-16T21:00,Brussels,20.6,0.0,0.0,9.5,27.4,1
2026-06-16T22:00,Brussels,19.2,0.0,0.0,6.2,22.7,1
2026-06-16T23:00,Brussels,18.4,0.0,0.0,5.0,13.0,2
2026-06-17T00:00,Brussels,17.8,0.0,0.0,1.3,11.2,3
2026-06-17T01:00,Brussels,17.5,0.0,0.0,4.2,8.3,3
2026-06-17T02:00,Brussels,16.9,0.0,0.0,8.3,15.8,1
2026-06-17T03:00,Brussels,16.2,0.0,0.0,8.3,17.3,2
2026-06-17T04:00,Brussels,15.5,0.0,0.0,9.1,18.0,2
2026-06-17T05:00,Brussels,15.0,0.0,0.0,8.9,18.7,2
2026-06-17T06:00,Brussels,14.9,0.0,0.0,10.0,20.2,3
2026-06-17T07:00,Brussels,15.5,0.0,0.0,10.6,23.4,1
2026-06-17T08:00,Brussels,16.7,0.0,0.0,10.3,27.0,3
2026-06-17T09:00,Brussels,17.9,0.0,0.0,12.3,29.9,1
2026-06-17T10:00,Brussels,19.9,0.0,0.0,13.3,33.8,3
2026-06-17T11:00,Brussels,21.4,0.0,0.0,15.6,40.3,3
2026-06-17T12:00,Brussels,21.9,0.0,0.0,13.9,40.0,3
2026-06-17T13:00,Brussels,23.0,0.0,0.0,13.7,36.0,3
2026-06-17T14:00,Brussels,24.4,0.0,0.0,12.5,38.2,3
2026-06-17T15:00,Brussels,24.1,0.0,0.0,11.8,33.8,2
2026-06-17T16:00,Brussels,25.4,0.1,0.1,10.2,31.0,51
2026-06-17T17:00,Brussels,26.4,0.0,0.0,12.6,35.3,1
2026-06-17T18:00,Brussels,26.6,0.0,0.0,11.5,33.5,1
2026-06-17T19:00,Brussels,26.4,0.0,0.0,12.0,32.0,1
2026-06-17T20:00,Brussels,26.3,0.0,0.0,11.8,29.9,1
2026-06-17T21:00,Brussels,25.5,0.0,0.0,9.1,28.1,1
2026-06-17T22:00,Brussels,24.5,0.0,0.0,4.2,19.8,0
2026-06-17T23:00,Brussels,23.6,0.0,0.0,3.5,9.0,0
2026-06-18T00:00,Brussels,22.5,0.0,0.0,6.7,13.3,0
2026-06-18T01:00,Brussels,21.4,0.0,0.0,6.3,14.0,0
2026-06-18T02:00,Brussels,20.4,0.0,0.0,9.5,15.1,0
2026-06-18T03:00,Brussels,19.7,0.0,0.0,5.8,19.4,1
2026-06-18T04:00,Brussels,19.0,0.0,0.0,6.3,12.6,0
2026-06-18T05:00,Brussels,18.4,0.0,0.0,6.3,12.6,0
2026-06-18T06:00,Brussels,17.9,0.0,0.0,6.8,13.7,0
2026-06-18T07:00,Brussels,18.4,0.0,0.0,5.5,13.7,0
2026-06-18T08:00,Brussels,20.2,0.0,0.0,3.2,13.3,0
2026-06-18T09:00,Brussels,22.2,0.0,0.0,1.8,13.0,1
2026-06-18T10:00,Brussels,24.1,0.0,0.0,1.6,14.0,2
2026-06-18T11:00,Brussels,25.9,0.0,0.0,1.0,14.4,0
2026-06-18T12:00,Brussels,27.6,0.0,0.0,0.7,15.1,1
2026-06-18T13:00,Brussels,29.2,0.0,0.0,1.1,15.5,1
2026-06-18T14:00,Brussels,30.2,0.0,0.0,2.3,19.4,2
2026-06-18T15:00,Brussels,31.4,0.0,0.0,4.1,20.2,3
2026-06-18T16:00,Brussels,31.9,0.0,0.0,5.2,22.0,1
2026-06-18T17:00,Brussels,32.0,0.0,0.0,6.0,22.7,0
2026-06-18T18:00,Brussels,31.7,0.0,0.0,4.6,23.0,1
2026-06-18T19:00,Brussels,31.6,0.0,0.0,1.8,18.7,2
2026-06-18T20:00,Brussels,29.7,0.0,0.0,10.2,16.2,3
2026-06-18T21:00,Brussels,27.8,0.0,0.0,9.0,28.1,3
2026-06-18T22:00,Brussels,26.6,0.0,0.0,8.6,22.0,3
2026-06-18T23:00,Brussels,25.8,0.0,0.0,6.7,20.2,3
2026-06-19T00:00,Brussels,25.5,0.0,0.0,8.7,21.6,3
2026-06-19T01:00,Brussels,24.3,0.0,0.0,9.4,21.6,3
2026-06-19T02:00,Brussels,20.5,0.0,0.0,12.2,21.2,3
2026-06-19T03:00,Brussels,20.6,0.0,0.0,13.3,26.3,3
2026-06-19T04:00,Brussels,20.7,0.0,0.0,12.7,25.9,2
2026-06-19T05:00,Brussels,20.9,0.0,0.0,13.5,27.7,1
2026-06-19T06:00,Brussels,21.3,0.0,0.0,11.2,27.0,1
2026-06-19T07:00,Brussels,21.9,0.0,0.0,10.2,22.0,0
2026-06-19T08:00,Brussels,23.0,0.0,0.0,11.8,20.5,0
2026-06-19T09:00,Brussels,24.9,0.0,0.0,11.1,25.2,1
2026-06-19T10:00,Brussels,26.6,0.0,0.0,10.6,26.3,0
2026-06-19T11:00,Brussels,28.8,0.0,0.0,13.2,32.0,0
2026-06-19T12:00,Brussels,30.2,0.0,0.0,13.8,34.2,1
2026-06-19T13:00,Brussels,30.8,0.0,0.0,14.0,35.3,3
2026-06-19T14:00,Brussels,31.1,0.0,0.0,10.3,34.9,0
2026-06-19T15:00,Brussels,32.5,0.0,0.0,10.0,27.4,1
2026-06-19T16:00,Brussels,32.9,0.1,0.1,12.3,31.7,51
2026-06-19T17:00,Brussels,29.1,0.0,0.0,22.7,46.4,3
2026-06-19T18:00,Brussels,23.8,3.7,3.7,8.9,65.2,63
2026-06-19T19:00,Brussels,25.7,0.0,0.0,9.4,24.8,2
2026-06-19T20:00,Brussels,27.1,0.0,0.0,4.8,22.3,2
2026-06-19T21:00,Brussels,26.1,0.2,0.2,6.1,15.1,51
2026-06-19T22:00,Brussels,24.0,0.0,0.0,11.3,22.0,3
2026-06-19T23:00,Brussels,23.1,0.0,0.0,3.4,22.7,2
2026-06-20T00:00,Brussels,22.7,0.0,0.0,2.9,9.4,0
2026-06-20T01:00,Brussels,22.6,0.0,0.0,8.0,16.2,0
2026-06-20T02:00,Brussels,20.6,0.0,0.0,10.3,15.5,0
2026-06-20T03:00,Brussels,20.2,0.0,0.0,3.7,22.3,0
2026-06-20T04:00,Brussels,19.4,0.0,0.0,7.6,17.3,0
2026-06-20T05:00,Brussels,19.2,0.0,0.0,0.0,15.1,0
2026-06-20T06:00,Brussels,19.0,0.0,0.0,4.2,19.1,3
2026-06-20T07:00,Brussels,19.6,0.0,0.0,7.7,15.5,3
2026-06-20T08:00,Brussels,21.0,0.0,0.0,6.8,17.6,0
2026-06-20T09:00,Brussels,22.2,0.0,0.0,7.0,20.5,0
2026-06-20T10:00,Brussels,23.5,0.0,0.0,5.2,20.2,0
2026-06-20T11:00,Brussels,24.8,0.0,0.0,5.8,19.4,1
2026-06-20T12:00,Brussels,25.8,0.0,0.0,7.8,24.5,0
2026-06-20T13:00,Brussels,26.7,0.0,0.0,8.8,26.6,1
2026-06-20T14:00,Brussels,27.8,0.0,0.0,10.1,28.1,0
2026-06-20T15:00,Brussels,28.5,0.0,0.0,7.9,27.7,1
2026-06-20T16:00,Brussels,28.4,0.0,0.0,7.3,26.3,1
2026-06-20T17:00,Brussels,28.7,0.0,0.0,5.3,22.7,0
2026-06-20T18:00,Brussels,28.8,0.0,0.0,5.6,19.1,1
2026-06-20T19:00,Brussels,28.2,0.0,0.0,8.1,22.7,3
2026-06-20T20:00,Brussels,27.5,0.0,0.0,6.7,22.0,3
2026-06-20T21:00,Brussels,26.2,0.0,0.0,5.2,24.5,3
2026-06-20T22:00,Brussels,25.0,0.0,0.0,9.3,19.8,3
2026-06-20T23:00,Brussels,23.8,0.0,0.0,5.6,21.2,3
2026-06-21T00:00,Brussels,22.9,0.0,0.0,10.3,24.1,3
2026-06-21T01:00,Brussels,21.9,0.0,0.0,4.5,23.4,3
2026-06-21T02:00,Brussels,20.2,0.0,0.0,12.5,12.2,3
2026-06-21T03:00,Brussels,19.8,0.4,0.4,12.0,27.4,51
2026-06-21T04:00,Brussels,19.4,0.0,0.0,11.4,24.5,3
2026-06-21T05:00,Brussels,19.4,0.0,0.0,9.7,25.6,3
2026-06-21T06:00,Brussels,19.4,0.0,0.0,3.6,19.1,2
2026-06-21T07:00,Brussels,19.9,0.0,0.0,8.3,15.5,0
2026-06-21T08:00,Brussels,20.8,0.0,0.0,7.1,16.2,1
2026-06-21T09:00,Brussels,22.5,0.2,0.2,2.7,18.0,51
2026-06-21T10:00,Brussels,24.1,0.0,0.0,7.0,20.9,1
2026-06-21T11:00,Brussels,25.6,0.0,0.0,6.1,23.4,0
2026-06-21T12:00,Brussels,27.8,0.0,0.0,1.4,20.5,1
2026-06-21T13:00,Brussels,29.1,0.0,0.0,3.1,16.9,1
2026-06-21T14:00,Brussels,28.7,0.0,0.0,6.8,22.0,2
2026-06-21T15:00,Brussels,28.7,0.0,0.0,7.2,24.1,0
2026-06-21T16:00,Brussels,29.1,0.0,0.0,7.2,24.1,0
2026-06-21T17:00,Brussels,29.2,0.0,0.0,7.4,23.8,1
2026-06-21T18:00,Brussels,29.2,0.0,0.0,7.0,23.4,0
2026-06-21T19:00,Brussels,29.0,0.0,0.0,6.3,21.2,0
2026-06-21T20:00,Brussels,28.2,0.0,0.0,8.6,19.8,1
2026-06-21T21:00,Brussels,26.9,0.0,0.0,8.8,22.7,3
2026-06-21T22:00,Brussels,25.2,0.0,0.0,8.4,20.5,3
2026-06-21T23:00,Brussels,24.3,0.0,0.0,8.5,19.4,3
2026-06-22T00:00,Brussels,24.2,0.0,0.0,8.4,18.0,3
2026-06-22T01:00,Brussels,23.8,0.0,0.0,8.4,17.3,1
2026-06-22T02:00,Brussels,23.1,0.0,0.0,8.8,16.9,2
2026-06-22T03:00,Brussels,22.4,0.0,0.0,8.8,18.0,0
2026-06-22T04:00,Brussels,21.8,0.0,0.0,8.7,18.0,0
2026-06-22T05:00,Brussels,21.0,0.0,0.0,9.8,20.2,0
2026-06-22T06:00,Brussels,20.4,0.0,0.0,10.0,20.5,0
2026-06-22T07:00,Brussels,20.6,0.0,0.0,9.8,22.3,0
2026-06-22T08:00,Brussels,21.5,0.0,0.0,9.0,23.8,0
2026-06-22T09:00,Brussels,22.7,0.0,0.0,7.5,22.7,1
2026-06-22T10:00,Brussels,24.1,0.0,0.0,7.1,22.0,3
2026-06-22T11:00,Brussels,25.3,0.0,0.0,8.1,24.5,2
2026-06-22T12:00,Brussels,26.5,0.0,0.0,8.8,26.6,0
2026-06-22T13:00,Brussels,27.7,0.0,0.0,8.8,27.0,0
2026-06-22T14:00,Brussels,28.6,0.0,0.0,9.3,27.4,0
2026-06-22T15:00,Brussels,29.2,0.0,0.0,9.8,28.1,0
2026-06-22T16:00,Brussels,29.6,0.0,0.0,10.1,28.8,1
2026-06-22T17:00,Brussels,29.8,0.0,0.0,9.0,28.4,0
2026-06-22T18:00,Brussels,29.7,0.0,0.0,8.0,25.9,2
2026-06-22T19:00,Brussels,29.5,0.0,0.0,7.8,23.0,0
2026-06-22T20:00,Brussels,29.0,0.0,0.0,7.3,20.9,0
2026-06-22T21:00,Brussels,28.2,0.0,0.0,7.4,18.4,0
2026-06-22T22:00,Brussels,26.5,0.0,0.0,8.1,16.6,2
2026-06-22T23:00,Brussels,25.3,0.0,0.0,9.0,18.7,0
2026-06-23T00:00,Brussels,24.1,0.0,0.0,8.4,18.7,3
2026-06-23T01:00,Brussels,23.0,0.0,0.0,8.8,18.7,3
2026-06-23T02:00,Brussels,22.1,0.0,0.0,9.4,19.1,0
2026-06-23T03:00,Brussels,21.4,0.0,0.0,9.4,20.2,2
2026-06-23T04:00,Brussels,20.6,0.0,0.0,8.0,19.8,2
2026-06-23T05:00,Brussels,19.9,0.0,0.0,8.4,18.0,3
2026-06-23T06:00,Brussels,19.7,0.0,0.0,9.1,20.5,3
2026-06-23T07:00,Brussels,20.0,0.0,0.0,8.7,20.2,3
2026-06-23T08:00,Brussels,20.8,0.4,0.4,5.4,19.8,51
2026-06-23T09:00,Brussels,21.3,0.0,0.0,4.6,16.9,3
2026-06-23T10:00,Brussels,21.5,0.0,0.0,6.9,20.5,3
2026-06-23T11:00,Brussels,22.2,0.1,0.1,2.2,19.4,51
2026-06-23T12:00,Brussels,22.2,1.1,1.1,4.0,12.6,55
2026-06-23T13:00,Brussels,25.7,0.0,0.0,6.3,20.5,3
2026-06-23T14:00,Brussels,27.7,0.0,0.0,7.3,22.0,0
2026-06-23T15:00,Brussels,28.4,0.0,0.0,6.4,23.8,2
2026-06-23T16:00,Brussels,29.1,0.0,0.0,4.6,21.6,1
2026-06-23T17:00,Brussels,29.6,0.0,0.0,6.0,19.8,0
2026-06-23T18:00,Brussels,29.7,0.0,0.0,6.4,20.9,0
2026-06-23T19:00,Brussels,29.4,0.0,0.0,5.9,19.8,0
2026-06-23T20:00,Brussels,29.1,0.0,0.0,6.6,17.3,0
2026-06-23T21:00,Brussels,28.3,0.0,0.0,6.7,16.9,1
2026-06-23T22:00,Brussels,27.0,0.0,0.0,7.0,14.4,0
2026-06-23T23:00,Brussels,26.2,0.0,0.0,7.1,14.4,0
2026-06-24T00:00,Brussels,25.5,0.0,0.0,8.1,15.8,0
2026-06-24T01:00,Brussels,24.8,0.0,0.0,10.3,20.9,0
2026-06-24T02:00,Brussels,23.8,0.0,0.0,10.1,21.2,0
2026-06-24T03:00,Brussels,23.0,0.0,0.0,9.4,20.2,0
2026-06-24T04:00,Brussels,22.4,0.0,0.0,9.2,19.1,0
2026-06-24T05:00,Brussels,21.9,0.0,0.0,8.7,18.7,0
2026-06-24T06:00,Brussels,21.6,0.0,0.0,8.3,17.6,0
2026-06-24T07:00,Brussels,22.3,0.0,0.0,8.2,17.3,0
2026-06-24T08:00,Brussels,24.3,0.0,0.0,6.4,17.3,0
2026-06-24T09:00,Brussels,27.1,0.0,0.0,4.0,14.0,0
2026-06-24T10:00,Brussels,29.5,0.0,0.0,4.7,16.9,0
2026-06-24T11:00,Brussels,31.5,0.0,0.0,5.5,19.8,0
2026-06-24T12:00,Brussels,33.0,0.0,0.0,5.2,20.9,0
2026-06-24T13:00,Brussels,34.1,0.0,0.0,3.9,20.2,0
2026-06-24T14:00,Brussels,34.6,0.0,0.0,2.9,18.7,0
2026-06-24T15:00,Brussels,35.7,0.0,0.0,3.1,17.3,1
2026-06-24T16:00,Brussels,36.2,0.0,0.0,2.9,17.6,0
2026-06-24T17:00,Brussels,36.4,0.0,0.0,0.3,16.6,0
2026-06-24T18:00,Brussels,36.2,0.0,0.0,2.2,14.4,0
2026-06-24T19:00,Brussels,35.4,0.0,0.0,4.9,18.0,0
2026-06-24T20:00,Brussels,34.5,0.0,0.0,8.4,18.4,2
2026-06-24T21:00,Brussels,33.6,0.0,0.0,8.4,22.3,2
2026-06-24T22:00,Brussels,32.5,0.0,0.0,5.6,20.2,1
2026-06-24T23:00,Brussels,30.9,0.0,0.0,7.8,15.5,1
2026-06-25T00:00,Brussels,29.4,0.0,0.0,7.9,20.2,0
2026-06-25T01:00,Brussels,28.3,0.0,0.0,7.6,17.3,1
2026-06-25T02:00,Brussels,27.2,0.0,0.0,7.2,17.3,0
2026-06-25T03:00,Brussels,26.8,0.0,0.0,8.0,17.6,0
2026-06-25T04:00,Brussels,25.9,0.0,0.0,9.0,19.8,0
2026-06-25T05:00,Brussels,25.1,0.0,0.0,8.9,19.8,0
2026-06-25T06:00,Brussels,24.5,0.0,0.0,8.5,18.7,0
2026-06-25T07:00,Brussels,24.8,0.0,0.0,8.6,19.4,0
2026-06-25T08:00,Brussels,26.2,0.0,0.0,7.8,20.9,0
2026-06-25T09:00,Brussels,27.9,0.0,0.0,8.0,22.7,0
2026-06-25T10:00,Brussels,29.9,0.0,0.0,8.2,24.8,0
2026-06-25T11:00,Brussels,31.9,0.0,0.0,8.6,26.3,0
2026-06-25T12:00,Brussels,33.6,0.0,0.0,9.7,29.5,0
2026-06-25T13:00,Brussels,34.9,0.0,0.0,10.9,32.0,0
2026-06-25T14:00,Brussels,35.9,0.0,0.0,11.3,34.6,0
2026-06-25T15:00,Brussels,36.1,0.0,0.0,11.5,33.8,0
2026-06-25T16:00,Brussels,36.2,0.0,0.0,9.7,33.8,3
2026-06-25T17:00,Brussels,35.8,0.0,0.0,10.1,29.5,3
2026-06-25T18:00,Brussels,35.2,0.0,0.0,11.7,31.7,3
2026-06-25T19:00,Brussels,35.1,0.0,0.0,11.7,31.0,3
2026-06-25T20:00,Brussels,34.2,0.0,0.0,13.8,32.8,3
2026-06-25T21:00,Brussels,33.3,0.0,0.0,12.7,33.1,3
2026-06-25T22:00,Brussels,31.6,0.0,0.0,14.2,32.0,2
2026-06-25T23:00,Brussels,30.3,0.0,0.0,13.9,32.8,3
2026-06-26T00:00,Brussels,29.4,0.0,0.0,13.2,31.0,2
2026-06-26T01:00,Brussels,28.5,0.0,0.0,13.0,29.2,0
2026-06-26T02:00,Brussels,27.7,0.0,0.0,12.4,28.4,0
2026-06-26T03:00,Brussels,26.9,0.0,0.0,11.8,27.4,1
2026-06-26T04:00,Brussels,26.3,0.0,0.0,10.9,26.3,2
2026-06-26T05:00,Brussels,25.9,0.0,0.0,10.7,24.1,2
2026-06-26T06:00,Brussels,25.8,0.0,0.0,11.1,23.4,3
2026-06-26T07:00,Brussels,26.9,0.0,0.0,11.2,24.5,3
2026-06-26T08:00,Brussels,28.8,0.0,0.0,9.4,22.3,3
2026-06-26T09:00,Brussels,30.9,0.0,0.0,8.0,22.0,2
2026-06-26T10:00,Brussels,33.0,0.0,0.0,8.4,24.1,2
2026-06-26T11:00,Brussels,34.8,0.0,0.0,7.7,24.5,3
2026-06-26T12:00,Brussels,36.1,0.0,0.0,7.4,24.5,2
2026-06-26T13:00,Brussels,37.0,0.0,0.0,9.9,29.9,1
2026-06-26T14:00,Brussels,36.8,0.7,0.7,12.0,33.1,53
2026-06-26T15:00,Brussels,35.9,0.0,0.0,5.5,30.2,0
2026-06-26T16:00,Brussels,36.8,0.0,0.0,5.1,26.3,1
2026-06-26T17:00,Brussels,36.2,0.0,0.0,4.2,24.1,1
2026-06-26T18:00,Brussels,34.9,0.0,0.0,11.4,31.0,3
2026-06-26T19:00,Brussels,33.7,0.0,0.0,11.7,32.4,3
2026-06-26T20:00,Brussels,32.9,0.0,0.0,9.2,30.2,3
2026-06-26T21:00,Brussels,32.4,0.0,0.0,6.6,24.8,3
2026-06-26T22:00,Brussels,31.8,0.0,0.0,4.8,16.2,2
2026-06-26T23:00,Brussels,30.1,0.0,0.0,9.2,21.2,0
2026-06-27T00:00,Brussels,27.6,0.0,0.0,10.1,24.1,1
2026-06-27T01:00,Brussels,26.2,0.0,0.0,6.7,23.0,1
2026-06-27T02:00,Brussels,23.9,0.0,0.0,7.9,15.8,0
2026-06-27T03:00,Brussels,23.2,0.0,0.0,5.6,15.5,0
2026-06-27T04:00,Brussels,22.8,0.0,0.0,3.5,11.2,0
2026-06-27T05:00,Brussels,22.4,0.0,0.0,2.4,6.8,2
2026-06-27T06:00,Brussels,22.1,0.0,0.0,1.5,7.6,2
2026-06-27T07:00,Brussels,23.2,0.0,0.0,4.7,10.4,2
2026-06-27T08:00,Brussels,24.1,0.0,0.0,5.8,12.6,2
2026-06-27T09:00,Brussels,24.9,0.0,0.0,9.0,24.1,3
2026-06-27T10:00,Brussels,24.5,0.0,0.0,8.3,24.5,3
2026-06-27T11:00,Brussels,24.8,0.0,0.0,9.6,28.4,3
2026-06-27T12:00,Brussels,27.7,0.0,0.0,10.3,29.2,3
2026-06-27T13:00,Brussels,29.0,0.0,0.0,11.7,32.4,2
2026-06-27T14:00,Brussels,30.6,0.0,0.0,12.8,37.1,1
2026-06-27T15:00,Brussels,32.0,0.0,0.0,10.4,34.9,1
2026-06-27T16:00,Brussels,32.3,0.0,0.0,12.0,33.5,0
2026-06-27T17:00,Brussels,32.3,0.0,0.0,13.9,36.7,1
2026-06-27T18:00,Brussels,31.8,0.0,0.0,13.1,37.4,3
2026-06-27T19:00,Brussels,31.9,0.0,0.0,8.8,33.5,3
2026-06-27T20:00,Brussels,29.9,0.3,0.3,9.5,36.0,51
2026-06-27T21:00,Brussels,27.8,0.0,0.0,14.5,34.9,0
2026-06-27T22:00,Brussels,26.4,0.0,0.0,12.2,32.8,1
2026-06-27T23:00,Brussels,25.3,0.0,0.0,11.5,28.4,1
2026-06-28T00:00,Brussels,24.6,0.0,0.0,8.1,25.6,3
2026-06-28T01:00,Brussels,24.3,0.0,0.0,4.9,17.3,3
2026-06-28T02:00,Brussels,22.5,0.1,0.1,8.5,12.2,51
2026-06-28T03:00,Brussels,22.2,0.0,0.0,4.1,17.6,3
2026-06-28T04:00,Brussels,21.3,0.0,0.0,7.5,15.1,0
2026-06-28T05:00,Brussels,20.8,0.0,0.0,8.6,17.6,0
2026-06-28T06:00,Brussels,20.5,0.0,0.0,8.8,18.4,0
2026-06-28T07:00,Brussels,21.1,0.0,0.0,8.0,18.0,0
2026-06-28T08:00,Brussels,22.6,0.0,0.0,7.7,20.2,0
2026-06-28T09:00,Brussels,23.9,0.0,0.0,11.9,31.0,0
2026-06-28T10:00,Brussels,25.2,0.0,0.0,11.4,32.4,0
2026-06-28T11:00,Brussels,26.7,0.0,0.0,10.3,31.7,0
2026-06-28T12:00,Brussels,27.6,0.0,0.0,11.6,33.8,3
2026-06-28T13:00,Brussels,28.5,0.0,0.0,13.2,37.4,3
2026-06-28T14:00,Brussels,27.8,0.2,0.2,14.6,43.2,51
2026-06-28T15:00,Brussels,27.1,0.0,0.0,11.3,43.2,3
2026-06-28T16:00,Brussels,27.1,0.0,0.0,10.9,30.6,3
2026-06-28T17:00,Brussels,27.8,0.0,0.0,11.5,32.0,1
2026-06-28T18:00,Brussels,27.8,0.0,0.0,12.7,35.3,1
2026-06-28T19:00,Brussels,26.6,0.0,0.0,14.3,37.4,0
2026-06-28T20:00,Brussels,25.0,0.0,0.0,12.7,37.4,1
2026-06-28T21:00,Brussels,23.8,0.0,0.0,11.1,31.0,1
2026-06-28T22:00,Brussels,22.8,0.0,0.0,9.1,27.0,1
2026-06-28T23:00,Brussels,22.2,0.0,0.0,6.1,20.9,3
2026-06-29T00:00,Brussels,21.7,0.0,0.0,6.2,14.8,1
2026-06-29T01:00,Brussels,20.8,0.0,0.0,7.4,14.4,0
2026-06-29T02:00,Brussels,19.8,0.0,0.0,12.1,19.8,2
2026-06-29T03:00,Brussels,19.2,0.0,0.0,10.3,25.6,2
2026-06-29T04:00,Brussels,18.5,0.0,0.0,12.0,26.6,2
2026-06-29T05:00,Brussels,17.4,0.0,0.0,9.6,29.5,3
2026-06-29T06:00,Brussels,16.6,0.0,0.0,8.7,21.2,3
2026-06-29T07:00,Brussels,16.8,0.0,0.0,8.9,20.9,2
2026-06-29T08:00,Brussels,17.2,0.0,0.0,8.1,22.3,0
2026-06-29T09:00,Brussels,18.5,0.0,0.0,9.6,25.9,0
2026-06-29T10:00,Brussels,19.8,0.0,0.0,6.9,26.3,2
2026-06-29T11:00,Brussels,21.1,0.0,0.0,6.7,22.7,2
2026-06-29T12:00,Brussels,22.2,0.0,0.0,7.4,24.5,3
2026-06-29T13:00,Brussels,23.0,0.0,0.0,7.8,25.6,3
2026-06-29T14:00,Brussels,23.6,0.0,0.0,7.4,26.6,2
2026-06-29T15:00,Brussels,24.0,0.0,0.0,6.7,24.8,1
2026-06-29T16:00,Brussels,24.3,0.0,0.0,6.9,24.1,1
2026-06-29T17:00,Brussels,24.4,0.0,0.0,8.0,25.9,0
2026-06-29T18:00,Brussels,24.1,0.0,0.0,8.7,26.3,0
2026-06-29T19:00,Brussels,23.9,0.0,0.0,7.7,25.9,0
2026-06-29T20:00,Brussels,23.4,0.0,0.0,8.8,24.1,0
2026-06-29T21:00,Brussels,21.3,0.0,0.0,12.3,29.9,0
2026-06-29T22:00,Brussels,19.2,0.0,0.0,11.2,31.0,0
2026-06-29T23:00,Brussels,18.4,0.0,0.0,7.1,25.2,0
2026-06-30T00:00,Brussels,17.9,0.0,0.0,7.0,15.1,0
2026-06-30T01:00,Brussels,17.5,0.0,0.0,7.1,15.1,0
2026-06-30T02:00,Brussels,16.3,0.0,0.0,6.1,14.8,0
2026-06-30T03:00,Brussels,15.9,0.0,0.0,4.7,11.9,0
2026-06-30T04:00,Brussels,15.6,0.0,0.0,5.2,11.2,1
2026-06-30T05:00,Brussels,15.3,0.0,0.0,3.8,11.5,1
2026-06-30T06:00,Brussels,15.1,0.0,0.0,2.2,7.9,1
2026-06-30T07:00,Brussels,16.0,0.0,0.0,1.3,5.4,2
2026-06-30T08:00,Brussels,17.1,0.0,0.0,0.9,10.4,3
2026-06-30T09:00,Brussels,18.6,0.0,0.0,2.3,11.9,3
2026-06-30T10:00,Brussels,20.2,0.0,0.0,2.3,13.7,3
2026-06-30T11:00,Brussels,20.3,0.0,0.0,2.9,14.0,3
2026-06-30T12:00,Brussels,20.3,0.0,0.0,3.1,13.0,3
2026-06-30T13:00,Brussels,20.2,0.0,0.0,5.5,16.2,3
2026-06-30T14:00,Brussels,20.7,0.9,0.9,7.1,22.7,53
2026-06-30T15:00,Brussels,21.2,0.0,0.0,7.4,22.3,3
2026-06-30T16:00,Brussels,22.1,0.0,0.0,8.0,24.1,3
2026-06-30T17:00,Brussels,21.6,0.0,0.0,8.6,24.5,3
2026-06-30T18:00,Brussels,21.6,0.0,0.0,6.7,23.8,2
2026-06-30T19:00,Brussels,21.7,0.0,0.0,5.3,20.2,2
2026-06-30T20:00,Brussels,20.5,0.0,0.0,6.8,16.9,1
2026-06-30T21:00,Brussels,19.6,0.1,0.1,4.9,19.8,51
2026-06-30T22:00,Brussels,18.8,0.0,0.0,2.0,12.6,1
2026-06-30T23:00,Brussels,18.5,0.0,0.0,0.4,5.4,1
2026-07-01T00:00,Brussels,18.0,0.0,0.0,2.3,5.0,1
2026-07-01T01:00,Brussels,17.3,0.0,0.0,3.6,7.2,0
2026-07-01T02:00,Brussels,15.6,0.0,0.0,3.6,8.3,0
2026-07-01T03:00,Brussels,15.2,0.0,0.0,6.2,11.5,0
2026-07-01T04:00,Brussels,14.7,0.0,0.0,8.7,17.3,0
2026-07-01T05:00,Brussels,13.9,0.0,0.0,8.9,18.0,0
2026-07-01T06:00,Brussels,13.2,0.0,0.0,9.3,19.1,0
2026-07-01T07:00,Brussels,13.6,0.0,0.0,7.3,19.1,0
2026-07-01T08:00,Brussels,14.8,0.0,0.0,6.5,20.2,0
2026-07-01T09:00,Brussels,16.5,0.0,0.0,6.5,19.8,0
2026-07-01T10:00,Brussels,18.8,0.0,0.0,7.6,23.4,1
2026-07-01T11:00,Brussels,19.9,0.0,0.0,7.1,23.4,1
2026-07-01T12:00,Brussels,21.3,0.2,0.2,7.8,24.8,51
2026-07-01T13:00,Brussels,22.2,0.5,0.5,9.6,27.7,53
2026-07-01T14:00,Brussels,22.3,0.8,0.8,12.1,30.6,53
2026-07-01T15:00,Brussels,22.9,0.2,0.2,11.1,32.0,51
2026-07-01T16:00,Brussels,23.5,0.2,0.2,10.4,31.3,51
2026-07-01T17:00,Brussels,23.8,0.0,0.0,11.2,30.6,1
2026-07-01T18:00,Brussels,23.4,0.1,0.1,11.3,31.7,51
2026-07-01T19:00,Brussels,23.0,0.1,0.1,10.9,30.6,51
2026-07-01T20:00,Brussels,22.0,0.1,0.1,11.8,28.4,51
2026-07-01T21:00,Brussels,20.8,0.0,0.0,10.2,28.4,2
2026-07-01T22:00,Brussels,19.7,0.0,0.0,6.1,24.1,1
2026-07-01T23:00,Brussels,19.0,0.0,0.0,2.5,13.0,0
2026-07-02T00:00,Brussels,18.6,0.0,0.0,3.9,7.9,0
2026-07-02T01:00,Brussels,18.1,0.0,0.0,7.9,15.5,0
2026-07-02T02:00,Brussels,16.7,0.0,0.0,9.8,20.2,0
2026-07-02T03:00,Brussels,16.0,0.0,0.0,11.2,23.4,0
2026-07-02T04:00,Brussels,15.5,0.0,0.0,12.2,25.6,0
2026-07-02T05:00,Brussels,15.2,0.0,0.0,13.2,27.7,0
2026-07-02T06:00,Brussels,15.1,0.0,0.0,14.3,30.2,0
2026-07-02T07:00,Brussels,15.7,0.0,0.0,13.2,31.7,0
2026-07-02T08:00,Brussels,16.8,0.0,0.0,15.9,35.6,0
2026-07-02T09:00,Brussels,17.9,0.0,0.0,17.3,41.4,1
2026-07-02T10:00,Brussels,19.6,0.0,0.0,19.7,46.4,3
2026-07-02T11:00,Brussels,19.7,0.0,0.0,21.7,52.6,3
2026-07-02T12:00,Brussels,19.1,0.1,0.1,20.5,51.8,51
2026-07-02T13:00,Brussels,18.9,0.1,0.1,21.7,50.4,51
2026-07-02T14:00,Brussels,18.4,0.4,0.4,14.1,51.5,51
2026-07-02T15:00,Brussels,19.3,0.3,0.3,15.0,37.1,51
2026-07-02T16:00,Brussels,21.0,0.7,0.7,15.8,39.6,53
2026-07-02T17:00,Brussels,22.5,0.8,0.8,14.4,40.0,53
2026-07-02T18:00,Brussels,23.5,0.1,0.1,14.3,36.0,51
2026-07-02T19:00,Brussels,22.8,0.0,0.0,15.4,37.1,0
2026-07-02T20:00,Brussels,21.0,0.0,0.0,15.5,38.2,1
2026-07-02T21:00,Brussels,19.5,0.0,0.0,11.1,36.0,0
2026-07-02T22:00,Brussels,18.1,0.0,0.0,6.9,24.1,0
2026-07-02T23:00,Brussels,17.1,0.0,0.0,6.3,14.4,0
2026-07-03T00:00,Brussels,16.3,0.0,0.0,4.4,12.2,0
2026-07-03T01:00,Brussels,15.6,0.0,0.0,3.1,9.0,0
2026-07-03T02:00,Brussels,14.4,0.0,0.0,3.3,6.5,0
2026-07-03T03:00,Brussels,13.9,0.0,0.0,1.5,6.8,0
2026-07-03T04:00,Brussels,13.2,0.0,0.0,2.3,5.0,0
2026-07-03T05:00,Brussels,12.7,0.0,0.0,2.8,5.8,2
2026-07-03T06:00,Brussels,12.4,0.0,0.0,3.9,7.9,2
2026-07-03T07:00,Brussels,13.2,0.0,0.0,5.4,11.2,3
2026-07-03T08:00,Brussels,14.9,0.0,0.0,4.6,12.6,2
2026-07-03T09:00,Brussels,17.3,0.0,0.0,3.8,13.7,2
2026-07-03T10:00,Brussels,18.9,0.0,0.0,5.2,18.0,3
2026-07-03T11:00,Brussels,19.8,0.0,0.0,6.9,22.0,2
2026-07-03T12:00,Brussels,20.9,0.0,0.0,10.0,28.8,2
2026-07-03T13:00,Brussels,21.8,0.0,0.0,10.4,30.2,2
2026-07-03T14:00,Brussels,22.5,0.0,0.0,10.1,30.6,0
2026-07-03T15:00,Brussels,23.1,0.0,0.0,10.4,30.6,2
2026-07-03T16:00,Brussels,23.3,0.0,0.0,11.7,33.1,2
2026-07-03T17:00,Brussels,22.5,0.0,0.0,14.3,37.8,2
2026-07-03T18:00,Brussels,21.2,0.0,0.0,14.9,40.3,1
2026-07-03T19:00,Brussels,20.2,0.0,0.0,13.4,38.5,0
2026-07-03T20:00,Brussels,19.8,0.0,0.0,11.2,34.2,2
2026-07-03T21:00,Brussels,18.9,0.0,0.0,9.4,27.7,1
2026-07-03T22:00,Brussels,17.9,0.0,0.0,5.9,22.7,1
2026-07-03T23:00,Brussels,17.1,0.0,0.0,3.0,12.6,0
2026-07-04T00:00,Brussels,16.8,0.0,0.0,0.2,7.2,0
2026-07-04T01:00,Brussels,16.2,0.0,0.0,2.2,5.4,0
2026-07-04T02:00,Brussels,14.9,0.0,0.0,4.0,9.4,0
2026-07-04T03:00,Brussels,14.4,0.0,0.0,6.8,13.0,0
2026-07-04T04:00,Brussels,14.1,0.0,0.0,8.0,15.1,0
2026-07-04T05:00,Brussels,13.8,0.0,0.0,9.7,18.7,0
2026-07-04T06:00,Brussels,13.8,0.0,0.0,11.0,22.0,0
2026-07-04T07:00,Brussels,14.6,0.0,0.0,12.1,25.6,0
2026-07-04T08:00,Brussels,16.1,0.0,0.0,10.3,24.5,0
2026-07-04T09:00,Brussels,18.1,0.0,0.0,11.1,28.1,0
2026-07-04T10:00,Brussels,19.8,0.0,0.0,12.5,32.4,0
2026-07-04T11:00,Brussels,21.3,0.0,0.0,13.5,35.3,0
2026-07-04T12:00,Brussels,22.5,0.0,0.0,14.7,38.9,0
2026-07-04T13:00,Brussels,23.5,0.0,0.0,16.3,42.5,0
2026-07-04T14:00,Brussels,24.7,0.0,0.0,16.0,46.1,1
2026-07-04T15:00,Brussels,25.6,0.0,0.0,17.0,43.6,3
2026-07-04T16:00,Brussels,25.6,0.0,0.0,17.1,43.9,3
2026-07-04T17:00,Brussels,25.8,0.0,0.0,16.8,43.6,3
2026-07-04T18:00,Brussels,25.5,0.0,0.0,16.8,41.4,2
2026-07-04T19:00,Brussels,24.8,0.0,0.0,17.1,41.8,1
2026-07-04T20:00,Brussels,23.9,0.0,0.0,14.3,41.4,1
2026-07-04T21:00,Brussels,23.0,0.0,0.0,9.5,33.1,0
2026-07-04T22:00,Brussels,21.8,0.0,0.0,8.6,23.8,1
2026-07-04T23:00,Brussels,21.1,0.0,0.0,11.5,25.2,0
2026-07-05T00:00,Brussels,19.8,0.0,0.0,11.2,26.6,1
2026-07-05T01:00,Brussels,18.8,0.0,0.0,10.8,25.2,1
2026-07-05T02:00,Brussels,18.0,0.0,0.0,11.2,23.8,1
2026-07-05T03:00,Brussels,17.6,0.0,0.0,10.8,24.1,3
2026-07-05T04:00,Brussels,17.1,0.0,0.0,10.1,24.1,1
2026-07-05T05:00,Brussels,16.8,0.0,0.0,9.0,21.6,0
2026-07-05T06:00,Brussels,16.4,0.0,0.0,8.6,18.7,1
2026-07-05T07:00,Brussels,17.1,0.0,0.0,7.6,17.6,2
2026-07-05T08:00,Brussels,18.7,0.0,0.0,7.2,18.4,1
2026-07-05T09:00,Brussels,19.8,0.1,0.1,10.4,27.4,51
2026-07-05T10:00,Brussels,20.5,0.1,0.1,12.4,32.4,51
2026-07-05T11:00,Brussels,21.0,0.1,0.1,14.9,37.8,51
2026-07-05T12:00,Brussels,22.4,0.1,0.1,15.8,40.3,51
2026-07-05T13:00,Brussels,23.4,0.0,0.0,17.0,43.9,3
2026-07-05T14:00,Brussels,22.4,0.0,0.0,14.8,43.9,3
2026-07-05T15:00,Brussels,22.7,0.0,0.0,16.8,41.8,2
2026-07-05T16:00,Brussels,23.9,0.0,0.0,18.1,45.4,3
2026-07-05T17:00,Brussels,23.4,0.0,0.0,17.3,45.4,3
2026-07-05T18:00,Brussels,23.2,0.0,0.0,16.1,42.8,2
2026-07-05T19:00,Brussels,22.9,0.0,0.0,14.7,40.3,3
2026-07-05T20:00,Brussels,22.1,0.0,0.0,11.4,36.4,3
2026-07-05T21:00,Brussels,21.3,0.0,0.0,9.7,28.8,3
2026-07-05T22:00,Brussels,20.2,0.0,0.0,5.7,23.4,3
2026-07-05T23:00,Brussels,19.6,0.0,0.0,2.2,11.9,2
2026-07-06T00:00,Brussels,19.1,0.0,0.0,4.2,9.0,3
2026-07-06T01:00,Brussels,18.9,0.0,0.0,6.0,11.9,3
2026-07-06T02:00,Brussels,17.7,0.0,0.0,8.6,18.0,2
2026-07-06T03:00,Brussels,17.3,0.0,0.0,11.0,22.7,1
2026-07-06T04:00,Brussels,16.8,0.0,0.0,12.1,24.8,1
2026-07-06T05:00,Brussels,16.6,0.0,0.0,13.3,27.4,2
2026-07-06T06:00,Brussels,16.5,0.0,0.0,14.6,31.0,3
2026-07-06T07:00,Brussels,16.8,0.0,0.0,12.3,31.3,3
2026-07-06T08:00,Brussels,17.7,0.0,0.0,11.9,29.9,2
2026-07-06T09:00,Brussels,19.3,0.0,0.0,11.6,29.2,0
2026-07-06T10:00,Brussels,21.1,0.0,0.0,12.3,32.0,1
2026-07-06T11:00,Brussels,22.7,0.0,0.0,13.2,34.6,0
2026-07-06T12:00,Brussels,24.3,0.0,0.0,13.8,36.4,1
2026-07-06T13:00,Brussels,25.7,0.0,0.0,15.5,40.0,1
2026-07-06T14:00,Brussels,27.4,0.0,0.0,15.7,43.9,2
2026-07-06T15:00,Brussels,28.1,0.0,0.0,16.4,43.2,1
2026-07-06T16:00,Brussels,28.8,0.0,0.0,16.5,43.6,2
2026-07-06T17:00,Brussels,29.1,0.0,0.0,16.5,42.8,2
2026-07-06T18:00,Brussels,28.9,0.0,0.0,17.6,43.9,2
2026-07-06T19:00,Brussels,28.3,0.0,0.0,18.3,44.6,1
2026-07-06T20:00,Brussels,27.9,0.0,0.0,17.3,44.3,0
2026-07-06T21:00,Brussels,26.2,0.0,0.0,14.7,40.3,0
2026-07-06T22:00,Brussels,24.4,0.0,0.0,14.0,32.4,1
2026-07-06T23:00,Brussels,23.2,0.0,0.0,14.9,31.7,2
2026-07-07T00:00,Brussels,22.4,0.0,0.0,14.7,32.0,3
2026-07-07T01:00,Brussels,21.6,0.0,0.0,14.5,32.0,3
2026-07-07T02:00,Brussels,20.4,0.0,0.0,13.9,30.6,3
2026-07-07T03:00,Brussels,19.8,0.0,0.0,13.1,28.8,3
2026-07-07T04:00,Brussels,19.3,0.0,0.0,12.3,27.0,3
2026-07-07T05:00,Brussels,18.9,0.0,0.0,12.8,26.3,3
2026-07-07T06:00,Brussels,18.9,0.0,0.0,12.7,26.6,3
2026-07-07T07:00,Brussels,19.0,0.0,0.0,12.0,26.6,3
2026-07-07T08:00,Brussels,19.3,0.0,0.0,10.5,24.8,3
2026-07-07T09:00,Brussels,20.9,0.0,0.0,12.9,31.3,3
2026-07-07T10:00,Brussels,22.4,0.0,0.0,13.8,35.3,3
2026-07-07T11:00,Brussels,24.1,0.0,0.0,14.1,37.4,3
2026-07-07T12:00,Brussels,25.4,0.0,0.0,14.6,38.9,3
2026-07-07T13:00,Brussels,25.1,0.0,0.0,15.2,39.2,3
2026-07-07T14:00,Brussels,27.5,0.0,0.0,16.1,41.0,3
2026-07-07T15:00,Brussels,28.2,0.0,0.0,17.5,45.4,3
2026-07-07T16:00,Brussels,28.0,0.0,0.0,17.6,45.7,3
2026-07-07T17:00,Brussels,28.2,0.0,0.0,17.6,45.0,2
2026-07-07T18:00,Brussels,28.0,0.0,0.0,17.2,44.3,2
2026-07-07T19:00,Brussels,27.1,0.0,0.0,15.9,43.6,2
2026-07-07T20:00,Brussels,26.1,0.0,0.0,13.1,39.6,1
2026-07-07T21:00,Brussels,24.9,0.0,0.0,9.9,31.3,1
2026-07-07T22:00,Brussels,23.8,0.0,0.0,8.0,23.4,0
2026-07-07T23:00,Brussels,22.0,0.0,0.0,9.4,24.5,1
2026-07-08T00:00,Brussels,21.2,0.0,0.0,5.2,21.2,1
2026-07-08T01:00,Brussels,20.8,0.0,0.0,3.3,11.9,2
2026-07-08T02:00,Brussels,19.9,0.0,0.0,0.8,8.3,2
2026-07-08T03:00,Brussels,19.6,0.0,0.0,0.5,3.2,1
2026-07-08T04:00,Brussels,19.3,0.0,0.0,1.7,4.3,1
2026-07-08T05:00,Brussels,19.0,0.0,0.0,3.9,8.3,1
2026-07-08T06:00,Brussels,18.7,0.0,0.0,4.1,9.4,0
2026-07-08T07:00,Brussels,19.0,0.0,0.0,4.9,12.2,1
2026-07-08T08:00,Brussels,20.1,0.0,0.0,5.0,15.5,1
2026-07-08T09:00,Brussels,21.2,0.0,0.0,7.8,22.7,2
2026-07-08T10:00,Brussels,21.8,0.0,0.0,6.9,22.7,1
2026-07-08T11:00,Brussels,23.4,0.0,0.0,8.5,26.3,2
2026-07-08T12:00,Brussels,24.3,0.0,0.0,10.1,30.6,3
2026-07-08T13:00,Brussels,24.2,0.0,0.0,10.4,30.6,2
2026-07-08T14:00,Brussels,25.2,0.0,0.0,9.9,30.2,3
2026-07-08T15:00,Brussels,25.8,0.0,0.0,10.8,31.0,3
2026-07-08T16:00,Brussels,26.7,0.0,0.0,11.0,33.1,2
2026-07-08T17:00,Brussels,26.9,0.0,0.0,11.3,32.0,2
2026-07-08T18:00,Brussels,26.5,0.0,0.0,11.7,33.5,2
2026-07-08T19:00,Brussels,26.3,0.0,0.0,11.7,32.4,0
2026-07-08T20:00,Brussels,24.8,0.0,0.0,11.7,32.8,0
2026-07-08T21:00,Brussels,23.3,0.0,0.0,10.9,29.9,0
2026-07-08T22:00,Brussels,22.1,0.0,0.0,9.4,27.0,0
2026-07-08T23:00,Brussels,21.3,0.0,0.0,8.0,22.7,0
2026-07-09T00:00,Brussels,20.7,0.0,0.0,6.4,17.6,0
2026-07-09T01:00,Brussels,20.2,0.0,0.0,5.6,13.7,0
2026-07-09T02:00,Brussels,18.5,0.0,0.0,6.0,11.9,0
2026-07-09T03:00,Brussels,18.2,0.0,0.0,5.8,13.0,0
2026-07-09T04:00,Brussels,17.7,0.0,0.0,5.4,13.0,0
2026-07-09T05:00,Brussels,17.2,0.0,0.0,5.0,12.2,0
2026-07-09T06:00,Brussels,16.7,0.0,0.0,6.0,13.0,0
2026-07-09T07:00,Brussels,17.0,0.0,0.0,4.7,13.3,0
2026-07-09T08:00,Brussels,18.4,0.0,0.0,3.7,13.0,0
2026-07-09T09:00,Brussels,20.1,0.0,0.0,4.4,16.9,0
2026-07-09T10:00,Brussels,21.6,0.0,0.0,4.5,18.7,0
2026-07-09T11:00,Brussels,23.0,0.0,0.0,5.0,20.5,0
2026-07-09T12:00,Brussels,24.3,0.0,0.0,5.9,23.4,0
2026-07-09T13:00,Brussels,25.4,0.0,0.0,6.5,24.8,0
2026-07-09T14:00,Brussels,26.2,0.0,0.0,6.9,25.9,0
2026-07-09T15:00,Brussels,27.0,0.0,0.0,7.3,26.3,0
2026-07-09T16:00,Brussels,27.7,0.0,0.0,7.8,27.0,1
2026-07-09T17:00,Brussels,28.2,0.0,0.0,8.3,27.4,2
2026-07-09T18:00,Brussels,28.3,0.0,0.0,8.9,27.4,2
2026-07-09T19:00,Brussels,28.1,0.0,0.0,9.9,28.1,1
2026-07-09T20:00,Brussels,27.6,0.0,0.0,10.4,29.5,2
2026-07-09T21:00,Brussels,26.6,0.0,0.0,11.4,28.1,2
2026-07-09T22:00,Brussels,25.3,0.0,0.0,12.2,28.4,1
2026-07-09T23:00,Brussels,24.0,0.0,0.0,12.6,29.9,1
2026-07-10T00:00,Brussels,23.0,0.0,0.0,11.5,29.5,1
2026-07-10T01:00,Brussels,22.2,0.0,0.0,10.9,25.9,0
2026-07-10T02:00,Brussels,20.5,0.0,0.0,10.3,23.8,0
2026-07-10T03:00,Brussels,20.0,0.0,0.0,10.6,23.4,0
2026-07-10T04:00,Brussels,19.3,0.0,0.0,10.3,23.0,1
2026-07-10T05:00,Brussels,18.7,0.0,0.0,10.0,21.6,2
2026-07-10T06:00,Brussels,18.1,0.0,0.0,10.2,21.2,2
2026-07-10T07:00,Brussels,18.2,0.0,0.0,9.0,22.3,3
2026-07-10T08:00,Brussels,19.3,0.0,0.0,8.4,22.3,3
2026-07-10T09:00,Brussels,21.0,0.0,0.0,9.1,24.8,3
2026-07-10T10:00,Brussels,22.8,0.0,0.0,10.0,28.1,3
2026-07-10T11:00,Brussels,24.3,0.0,0.0,10.8,30.6,3
2026-07-10T12:00,Brussels,25.9,0.0,0.0,11.7,33.1,3
2026-07-10T13:00,Brussels,27.4,0.0,0.0,12.6,35.3,3
2026-07-10T14:00,Brussels,28.5,0.0,0.0,12.3,36.4,2
2026-07-10T15:00,Brussels,29.5,0.0,0.0,12.5,35.6,1
2026-07-10T16:00,Brussels,30.2,0.0,0.0,13.1,36.4,0
2026-07-10T17:00,Brussels,30.4,0.0,0.0,14.3,38.2,0
2026-07-10T18:00,Brussels,30.2,0.0,0.0,15.7,40.3,0
2026-07-10T19:00,Brussels,29.5,0.0,0.0,16.1,40.7,0
2026-07-10T20:00,Brussels,28.5,0.0,0.0,16.0,40.0,0
2026-07-10T21:00,Brussels,27.2,0.0,0.0,16.0,38.2,1
2026-07-10T22:00,Brussels,25.9,0.0,0.0,14.0,37.4,0
2026-07-10T23:00,Brussels,25.0,0.0,0.0,13.4,31.0,0
2026-07-11T00:00,Brussels,24.1,0.0,0.0,12.9,29.5,0
2026-07-11T01:00,Brussels,23.1,0.0,0.0,12.5,28.4,0
2026-07-11T02:00,Brussels,21.6,0.0,0.0,12.3,27.0,0
2026-07-11T03:00,Brussels,21.0,0.0,0.0,11.4,25.9,0
2026-07-11T04:00,Brussels,20.2,0.0,0.0,11.1,24.1,0
2026-07-11T05:00,Brussels,19.5,0.0,0.0,11.1,23.4,0
2026-07-11T06:00,Brussels,18.8,0.0,0.0,10.9,23.0,1
2026-07-11T07:00,Brussels,19.0,0.0,0.0,10.0,23.0,0
2026-07-11T08:00,Brussels,20.1,0.0,0.0,10.2,25.9,0
2026-07-11T09:00,Brussels,21.9,0.0,0.0,9.8,27.0,0
2026-07-11T10:00,Brussels,23.9,0.0,0.0,9.8,28.1,0
2026-07-11T11:00,Brussels,25.9,0.0,0.0,12.1,33.1,0
2026-07-11T12:00,Brussels,27.4,0.0,0.0,13.8,37.8,0
2026-07-11T13:00,Brussels,28.5,0.0,0.0,14.1,38.9,0
2026-07-11T14:00,Brussels,29.5,0.0,0.0,12.6,38.9,1
2026-07-11T15:00,Brussels,30.2,0.0,0.0,12.2,36.0,1
2026-07-11T16:00,Brussels,30.7,0.0,0.0,12.2,35.3,0
2026-07-11T17:00,Brussels,30.9,0.0,0.0,12.6,35.3,0
2026-07-11T18:00,Brussels,30.8,0.0,0.0,13.4,35.6,0
2026-07-11T19:00,Brussels,30.3,0.0,0.0,15.2,38.5,0
2026-07-11T20:00,Brussels,29.4,0.0,0.0,15.9,38.9,0
2026-07-11T21:00,Brussels,28.3,0.0,0.0,15.1,38.2,0
2026-07-11T22:00,Brussels,27.2,0.0,0.0,13.1,35.6,0
2026-07-11T23:00,Brussels,26.3,0.0,0.0,12.6,28.8,0
2026-07-12T00:00,Brussels,25.4,0.0,0.0,11.9,27.0,0
2026-07-12T01:00,Brussels,24.3,0.0,0.0,13.3,28.4,0
2026-07-12T02:00,Brussels,22.3,0.0,0.0,13.1,29.2,0
2026-07-12T03:00,Brussels,21.6,0.0,0.0,12.6,27.7,0
2026-07-12T04:00,Brussels,21.0,0.0,0.0,12.5,26.6,0
2026-07-12T05:00,Brussels,20.5,0.0,0.0,11.9,26.3,0
2026-07-12T06:00,Brussels,20.1,0.0,0.0,11.7,24.8,0
2026-07-12T07:00,Brussels,20.4,0.0,0.0,11.0,25.9,0
2026-07-12T08:00,Brussels,21.4,0.0,0.0,10.6,27.7,0
2026-07-12T09:00,Brussels,23.0,0.0,0.0,10.4,27.7,0
2026-07-12T10:00,Brussels,25.0,0.0,0.0,9.7,27.7,0
2026-07-12T11:00,Brussels,27.0,0.0,0.0,10.5,30.2,0
2026-07-12T12:00,Brussels,28.6,0.0,0.0,12.3,34.6,1
2026-07-12T13:00,Brussels,29.7,0.0,0.0,13.9,37.8,1
2026-07-12T14:00,Brussels,30.9,0.0,0.0,14.1,38.9,1
2026-07-12T15:00,Brussels,31.3,0.0,0.0,14.7,40.0,0
2026-07-12T16:00,Brussels,31.5,0.0,0.0,14.5,40.0,0
2026-07-12T17:00,Brussels,31.6,0.0,0.0,14.6,39.2,0
2026-07-12T18:00,Brussels,31.3,0.0,0.0,16.0,41.0,0
2026-07-12T19:00,Brussels,30.4,0.0,0.0,17.1,42.5,0
2026-07-12T20:00,Brussels,29.6,0.0,0.0,16.9,42.5,0
2026-07-12T21:00,Brussels,28.4,0.0,0.0,17.4,41.0,0
2026-07-12T22:00,Brussels,26.4,0.0,0.0,17.9,41.4,0
2026-07-12T23:00,Brussels,24.2,0.0,0.0,18.2,42.5,0
2026-07-13T00:00,Brussels,22.9,0.0,0.0,17.1,41.0,0
2026-07-13T01:00,Brussels,21.8,0.0,0.0,16.5,38.9,0
2026-07-13T02:00,Brussels,20.0,0.0,0.0,16.1,37.4,0
2026-07-13T03:00,Brussels,19.0,0.0,0.0,15.4,36.7,0
2026-07-13T04:00,Brussels,18.0,0.0,0.0,14.9,35.3,0
2026-07-13T05:00,Brussels,17.3,0.0,0.0,14.9,33.8,0
2026-07-13T06:00,Brussels,16.7,0.0,0.0,14.3,33.8,0
2026-07-13T07:00,Brussels,16.8,0.0,0.0,12.9,31.7,0
2026-07-13T08:00,Brussels,17.4,0.0,0.0,12.2,31.3,0
2026-07-13T09:00,Brussels,19.1,0.0,0.0,12.2,31.7,1
2026-07-13T10:00,Brussels,21.0,0.0,0.0,12.5,33.5,3
2026-07-13T11:00,Brussels,23.1,0.0,0.0,12.6,34.6,3
2026-07-13T12:00,Brussels,25.2,0.0,0.0,11.8,34.6,3
2026-07-13T13:00,Brussels,27.1,0.0,0.0,11.6,33.5,3
2026-07-13T14:00,Brussels,28.3,0.0,0.0,11.9,35.6,3
2026-07-13T15:00,Brussels,29.4,0.0,0.0,13.1,36.4,3
2026-07-13T16:00,Brussels,30.1,0.0,0.0,13.5,37.8,3
2026-07-13T17:00,Brussels,30.2,0.0,0.0,14.2,37.4,3
2026-07-13T18:00,Brussels,29.8,0.0,0.0,16.0,40.7,3
2026-07-13T19:00,Brussels,29.4,0.0,0.0,16.0,41.0,3
2026-07-13T20:00,Brussels,28.2,0.0,0.0,14.6,39.6,3
2026-07-13T21:00,Brussels,26.9,0.0,0.0,14.5,36.0,3
2026-07-13T22:00,Brussels,25.6,0.0,0.0,13.0,33.5,3
2026-07-13T23:00,Brussels,24.3,0.0,0.0,12.8,29.2,1
2026-07-14T00:00,Brussels,23.2,0.0,0.0,12.4,29.2,3
2026-07-14T01:00,Brussels,22.4,0.0,0.0,10.9,27.4,0
2026-07-14T02:00,Brussels,20.9,0.0,0.0,10.7,25.6,0
2026-07-14T03:00,Brussels,20.3,0.0,0.0,10.3,23.0,2
2026-07-14T04:00,Brussels,19.8,0.0,0.0,9.4,23.0,3
2026-07-14T05:00,Brussels,19.4,0.0,0.0,8.4,20.2,2
2026-07-14T06:00,Brussels,19.2,0.0,0.0,9.3,20.2,2
2026-07-14T07:00,Brussels,19.5,0.0,0.0,7.5,20.5,0
2026-07-14T08:00,Brussels,20.4,0.0,0.0,7.7,20.5,0
2026-07-14T09:00,Brussels,22.2,0.0,0.0,7.7,22.7,0
2026-07-14T10:00,Brussels,24.0,0.0,0.0,8.4,25.6,0
2026-07-14T11:00,Brussels,25.9,0.0,0.0,8.3,26.6,0
2026-07-14T12:00,Brussels,27.9,0.0,0.0,10.0,30.2,0
2026-07-14T13:00,Brussels,29.6,0.0,0.0,11.4,33.8,1
2026-07-14T14:00,Brussels,30.7,0.0,0.0,12.2,33.5,0
2026-07-14T15:00,Brussels,31.3,0.0,0.0,10.7,33.5,1
2026-07-14T16:00,Brussels,31.6,0.0,0.0,10.9,32.0,0
2026-07-14T17:00,Brussels,31.7,0.0,0.0,13.0,35.3,0
2026-07-14T18:00,Brussels,31.3,0.0,0.0,15.1,39.2,0
2026-07-14T19:00,Brussels,30.6,0.0,0.0,15.8,39.2,0
2026-07-14T20:00,Brussels,29.8,0.0,0.0,15.3,39.2,0
2026-07-14T21:00,Brussels,28.8,0.0,0.0,15.0,36.0,0
2026-07-14T22:00,Brussels,27.4,0.0,0.0,14.9,35.6,0
2026-07-14T23:00,Brussels,26.4,0.0,0.0,14.4,33.5,0
2026-07-15T00:00,Brussels,25.4,0.0,0.0,13.0,31.7,0
2026-07-15T01:00,Brussels,24.4,0.0,0.0,13.9,30.2,0
2026-07-15T02:00,Brussels,22.7,0.0,0.0,11.4,30.2,0
2026-07-15T03:00,Brussels,22.0,0.0,0.0,11.5,24.5,0
2026-07-15T04:00,Brussels,21.3,0.0,0.0,10.8,24.5,0
2026-07-15T05:00,Brussels,20.5,0.0,0.0,10.2,23.0,0
2026-07-15T06:00,Brussels,19.9,0.0,0.0,10.3,21.6,0
2026-07-15T07:00,Brussels,20.0,0.0,0.0,10.7,24.5,0
2026-07-15T08:00,Brussels,20.6,0.0,0.0,11.5,28.8,1
2026-07-15T09:00,Brussels,21.9,0.0,0.0,11.2,28.4,1
2026-07-15T10:00,Brussels,23.3,0.0,0.0,11.7,31.0,0
2026-07-15T11:00,Brussels,25.3,0.0,0.0,13.9,35.6,0
2026-07-15T12:00,Brussels,26.7,0.0,0.0,16.1,41.8,0
2026-07-15T13:00,Brussels,27.9,0.0,0.0,15.4,42.1,0
2026-07-15T14:00,Brussels,28.8,0.0,0.0,16.1,41.8,0
2026-07-15T15:00,Brussels,29.0,0.0,0.0,16.2,43.2,0
2026-07-15T16:00,Brussels,29.4,0.0,0.0,15.4,42.5,0
2026-07-15T17:00,Brussels,29.5,0.0,0.0,15.4,40.7,0
2026-07-15T18:00,Brussels,29.5,0.0,0.0,15.3,40.3,0
2026-07-15T19:00,Brussels,29.0,0.0,0.0,15.3,39.6,0
2026-07-15T20:00,Brussels,28.4,0.0,0.0,14.9,38.5,0
2026-07-15T21:00,Brussels,27.4,0.0,0.0,13.6,35.3,0
2026-07-15T22:00,Brussels,26.2,0.0,0.0,11.6,31.7,0
2026-07-15T23:00,Brussels,25.3,0.0,0.0,10.4,25.2,0
2026-07-16T00:00,Brussels,24.6,0.0,0.0,11.1,23.0,0
2026-07-16T01:00,Brussels,23.7,0.0,0.0,12.4,26.3,0
2026-07-16T02:00,Brussels,22.2,0.0,0.0,13.4,27.4,0
2026-07-16T03:00,Brussels,21.3,0.0,0.0,11.8,28.1,0
2026-07-16T04:00,Brussels,20.4,0.0,0.0,11.1,24.8,0
2026-07-16T05:00,Brussels,19.8,0.0,0.0,10.7,23.0,0
2026-07-16T06:00,Brussels,19.2,0.0,0.0,10.4,22.0,0
2026-07-16T07:00,Brussels,19.4,0.0,0.0,8.8,22.0,0
2026-07-16T08:00,Brussels,20.2,0.0,0.0,8.9,23.0,0
2026-07-16T09:00,Brussels,21.8,0.0,0.0,9.4,25.6,0
2026-07-16T10:00,Brussels,23.7,0.0,0.0,8.9,25.9,0
2026-07-16T11:00,Brussels,25.7,0.0,0.0,8.9,27.0,0
2026-07-16T12:00,Brussels,27.2,0.0,0.0,8.7,28.8,1
2026-07-16T13:00,Brussels,28.1,0.0,0.0,8.8,28.4,0
2026-07-16T14:00,Brussels,28.7,0.0,0.0,9.2,28.4,2
2026-07-16T15:00,Brussels,29.1,0.0,0.0,9.4,30.6,2
2026-07-16T16:00,Brussels,29.4,0.0,0.0,9.4,30.2,1
2026-07-16T17:00,Brussels,29.3,0.0,0.0,10.6,31.7,0
2026-07-16T18:00,Brussels,28.8,0.0,0.0,10.8,32.4,0
2026-07-16T19:00,Brussels,28.2,0.0,0.0,11.6,31.7,0
2026-07-16T20:00,Brussels,26.3,0.0,0.0,14.1,31.7,0
2026-07-16T21:00,Brussels,24.7,0.0,0.0,12.7,34.2,0
2026-07-16T22:00,Brussels,23.9,0.0,0.0,11.1,29.9,0
2026-07-16T23:00,Brussels,23.7,0.0,0.0,12.1,24.5,0
2026-07-17T00:00,Brussels,23.0,0.0,0.0,11.9,27.0,0
2026-07-17T01:00,Brussels,22.1,0.0,0.0,10.2,25.9,0
2026-07-17T02:00,Brussels,20.7,0.0,0.0,7.7,21.6,1
2026-07-17T03:00,Brussels,20.0,0.0,0.0,9.1,20.5,1
2026-07-17T04:00,Brussels,19.2,0.0,0.0,8.7,20.9,0
2026-07-17T05:00,Brussels,18.6,0.0,0.0,7.4,18.7,1
2026-07-17T06:00,Brussels,18.0,0.0,0.0,7.2,15.8,1
2026-07-17T07:00,Brussels,18.1,0.0,0.0,6.3,16.6,1
2026-07-17T08:00,Brussels,18.4,0.0,0.0,7.8,17.6,3
2026-07-17T09:00,Brussels,19.8,0.0,0.0,7.2,22.0,3
2026-07-17T10:00,Brussels,21.1,0.0,0.0,6.6,22.7,3
2026-07-17T11:00,Brussels,22.4,0.0,0.0,7.2,24.5,1
2026-07-17T12:00,Brussels,23.8,0.0,0.0,7.8,27.7,0
2026-07-17T13:00,Brussels,24.9,0.0,0.0,9.9,30.6,0
2026-07-17T14:00,Brussels,25.0,0.0,0.0,12.0,33.1,1
2026-07-17T15:00,Brussels,25.3,0.0,0.0,13.6,37.8,1
2026-07-17T16:00,Brussels,25.0,0.0,0.0,15.6,42.1,0
2026-07-17T17:00,Brussels,24.9,0.0,0.0,13.8,41.4,1
2026-07-17T18:00,Brussels,24.3,0.0,0.0,13.6,38.2,0
2026-07-17T19:00,Brussels,23.5,0.0,0.0,13.1,36.7,0
2026-07-17T20:00,Brussels,22.4,0.0,0.0,13.2,34.9,0
2026-07-17T21:00,Brussels,20.9,0.0,0.0,11.4,32.8,0
2026-07-17T22:00,Brussels,19.6,0.0,0.0,10.9,28.4,0
2026-07-17T23:00,Brussels,18.8,0.0,0.0,9.6,25.9,0
2026-07-18T00:00,Brussels,18.3,0.0,0.0,9.5,23.4,0
2026-07-18T01:00,Brussels,17.7,0.0,0.0,9.2,22.7,0
2026-07-18T02:00,Brussels,16.7,0.0,0.0,8.2,21.6,0
2026-07-18T03:00,Brussels,16.4,0.0,0.0,8.0,17.3,0
2026-07-18T04:00,Brussels,16.2,0.0,0.0,8.1,17.3,0
2026-07-18T05:00,Brussels,16.2,0.0,0.0,7.2,16.9,0
2026-07-18T06:00,Brussels,16.1,0.0,0.0,5.2,14.8,2
2026-07-18T07:00,Brussels,16.5,0.0,0.0,4.0,11.5,1
2026-07-18T08:00,Brussels,17.3,0.0,0.0,5.6,16.2,3
2026-07-18T09:00,Brussels,18.1,0.0,0.0,8.0,22.7,3
2026-07-18T10:00,Brussels,19.1,0.0,0.0,9.9,27.7,3
2026-07-18T11:00,Brussels,19.5,0.0,0.0,10.6,28.8,3
2026-07-18T12:00,Brussels,20.0,0.0,0.0,11.5,31.0,3
2026-07-18T13:00,Brussels,20.1,0.0,0.0,11.8,31.3,3
2026-07-18T14:00,Brussels,20.6,0.0,0.0,12.1,34.2,3
2026-07-18T15:00,Brussels,20.1,0.0,0.0,13.7,35.3,3
2026-07-18T16:00,Brussels,20.0,0.0,0.0,14.5,38.2,3
2026-07-18T17:00,Brussels,19.9,0.0,0.0,14.3,37.4,3
2026-07-18T18:00,Brussels,19.3,0.0,0.0,14.7,37.4,3
2026-07-18T19:00,Brussels,18.8,0.0,0.0,13.8,37.8,3
2026-07-18T20:00,Brussels,18.8,0.0,0.0,14.9,36.7,3
2026-07-18T21:00,Brussels,17.3,0.0,0.0,17.4,43.2,3
2026-07-18T22:00,Brussels,17.1,0.0,0.0,14.6,40.7,3
2026-07-18T23:00,Brussels,16.9,0.0,0.0,13.3,34.9,1
2026-07-19T00:00,Brussels,15.8,0.0,0.0,11.7,33.5,0
2026-07-19T01:00,Brussels,15.2,0.0,0.0,9.8,26.6,1
2026-07-19T02:00,Brussels,14.7,0.0,0.0,9.0,21.6,0
2026-07-19T03:00,Brussels,14.4,0.0,0.0,7.7,18.7,0
2026-07-19T04:00,Brussels,13.9,0.0,0.0,6.5,16.2,0
2026-07-19T05:00,Brussels,13.5,0.0,0.0,6.5,13.3,0
2026-07-19T06:00,Brussels,13.2,0.0,0.0,7.0,14.0,0
2026-07-19T07:00,Brussels,13.7,0.0,0.0,8.2,15.8,1
2026-07-19T08:00,Brussels,15.0,0.0,0.0,7.0,19.4,1
2026-07-19T09:00,Brussels,15.9,0.2,0.2,11.5,29.2,51
2026-07-19T10:00,Brussels,17.0,0.1,0.1,12.1,31.7,51
2026-07-19T11:00,Brussels,18.2,0.2,0.2,12.3,33.1,51
2026-07-19T12:00,Brussels,19.6,0.1,0.1,12.6,34.6,51
2026-07-19T13:00,Brussels,20.3,0.0,0.0,12.5,34.6,2
2026-07-19T14:00,Brussels,20.4,0.0,0.0,12.9,35.3,2
2026-07-19T15:00,Brussels,20.8,0.0,0.0,12.2,35.3,3
2026-07-19T16:00,Brussels,20.9,0.0,0.0,13.9,37.4,3
2026-07-19T17:00,Brussels,20.4,0.0,0.0,14.9,39.2,1
2026-07-19T18:00,Brussels,20.2,0.0,0.0,15.9,40.7,1
2026-07-19T19:00,Brussels,19.3,0.0,0.0,16.6,41.4,3
2026-07-19T20:00,Brussels,18.5,0.0,0.0,16.2,41.0,0
2026-07-19T21:00,Brussels,17.6,0.0,0.0,14.1,38.2,0
2026-07-19T22:00,Brussels,16.7,0.0,0.0,12.7,33.1,0
2026-07-19T23:00,Brussels,15.8,0.0,0.0,11.6,28.8,0
2026-07-20T00:00,Brussels,15.1,0.0,0.0,10.3,25.6,0
2026-07-20T01:00,Brussels,14.6,0.0,0.0,8.6,22.3,1
2026-07-20T02:00,Brussels,13.4,0.0,0.0,7.1,18.0,1
2026-07-20T03:00,Brussels,13.3,0.0,0.0,5.9,14.4,2
2026-07-20T04:00,Brussels,13.4,0.0,0.0,5.8,12.6,3
2026-07-20T05:00,Brussels,13.7,0.0,0.0,6.7,13.3,3
2026-07-20T06:00,Brussels,13.7,0.0,0.0,7.8,15.5,2
2026-07-20T07:00,Brussels,14.1,0.0,0.0,7.5,16.6,0
2026-07-20T08:00,Brussels,15.3,0.0,0.0,7.1,19.1,0
2026-07-20T09:00,Brussels,16.5,0.1,0.1,10.9,28.8,51
2026-07-20T10:00,Brussels,17.5,0.1,0.1,10.7,29.5,51
2026-07-20T11:00,Brussels,18.4,0.0,0.0,10.8,30.2,3
2026-07-20T12:00,Brussels,19.6,0.0,0.0,11.2,32.0,3
2026-07-20T13:00,Brussels,20.4,0.0,0.0,11.8,33.5,3
2026-07-20T14:00,Brussels,20.9,0.0,0.0,12.5,34.2,3
2026-07-20T15:00,Brussels,20.6,0.0,0.0,12.7,34.6,0
2026-07-20T16:00,Brussels,21.1,0.0,0.0,12.1,34.6,1
2026-07-20T17:00,Brussels,21.3,0.0,0.0,14.4,37.1,3
2026-07-20T18:00,Brussels,20.5,0.0,0.0,16.1,40.7,1
2026-07-20T19:00,Brussels,19.9,0.0,0.0,15.6,40.3,3
2026-07-20T20:00,Brussels,19.2,0.0,0.0,15.0,38.5,3
2026-07-20T21:00,Brussels,18.0,0.0,0.0,16.0,36.7,3
2026-07-20T22:00,Brussels,16.9,0.0,0.0,14.4,36.7,2
2026-07-20T23:00,Brussels,16.1,0.0,0.0,13.2,31.7,0
2026-07-21T00:00,Brussels,15.5,0.0,0.0,11.2,28.4,0
2026-07-21T01:00,Brussels,15.0,0.0,0.0,9.7,23.8,0
2026-07-21T02:00,Brussels,14.0,0.0,0.0,8.7,20.2,0
2026-07-21T03:00,Brussels,13.7,0.0,0.0,7.7,17.6,0
2026-07-21T04:00,Brussels,13.3,0.0,0.0,6.8,16.2,0
2026-07-21T05:00,Brussels,12.9,0.0,0.0,5.7,14.0,0
2026-07-21T06:00,Brussels,12.4,0.0,0.0,5.4,11.9,0
2026-07-21T07:00,Brussels,12.8,0.0,0.0,6.4,13.7,0
2026-07-21T08:00,Brussels,13.8,0.0,0.0,5.0,15.8,0
2026-07-21T09:00,Brussels,15.5,0.0,0.0,5.2,18.0,0
2026-07-21T10:00,Brussels,17.1,0.0,0.0,8.6,25.9,1
2026-07-21T11:00,Brussels,18.3,0.0,0.0,8.6,26.6,2
2026-07-21T12:00,Brussels,19.4,0.0,0.0,8.7,27.4,2
2026-07-21T13:00,Brussels,20.7,0.0,0.0,8.2,27.7,1
2026-07-21T14:00,Brussels,21.2,0.0,0.0,8.0,27.4,2
2026-07-21T15:00,Brussels,22.7,0.0,0.0,8.9,28.8,3
2026-07-21T16:00,Brussels,23.3,0.0,0.0,10.8,32.0,3
2026-07-21T17:00,Brussels,23.6,0.0,0.0,10.8,32.4,2
2026-07-21T18:00,Brussels,23.0,0.0,0.0,12.3,33.5,3
2026-07-21T19:00,Brussels,21.7,0.0,0.0,13.6,35.6,2
2026-07-21T20:00,Brussels,20.8,0.0,0.0,13.8,35.3,0
2026-07-21T21:00,Brussels,19.1,0.0,0.0,15.6,37.1,0
2026-07-21T22:00,Brussels,17.6,0.0,0.0,12.6,36.7,0
2026-07-21T23:00,Brussels,17.1,0.0,0.0,11.0,29.2,0
2026-07-22T00:00,Brussels,16.5,0.0,0.0,9.7,25.2,0
2026-07-22T01:00,Brussels,15.9,0.0,0.0,7.5,21.2,0
2026-07-22T02:00,Brussels,14.8,0.0,0.0,6.5,15.8,0
2026-07-22T03:00,Brussels,14.4,0.0,0.0,6.3,13.0,0
2026-07-22T04:00,Brussels,13.9,0.0,0.0,6.7,13.7,0
2026-07-22T05:00,Brussels,13.9,0.0,0.0,6.4,13.3,0
2026-07-22T06:00,Brussels,14.1,0.0,0.0,6.0,12.6,3
2026-07-22T07:00,Brussels,14.8,0.0,0.0,6.0,13.0,3
2026-07-22T08:00,Brussels,15.7,0.0,0.0,7.2,17.3,3
2026-07-22T09:00,Brussels,16.3,0.1,0.1,9.3,23.0,51
2026-07-22T10:00,Brussels,17.0,0.1,0.1,10.9,27.4,51
2026-07-22T11:00,Brussels,18.1,0.1,0.1,11.6,31.3,51
2026-07-22T12:00,Brussels,19.6,0.1,0.1,11.9,32.0,51
2026-07-22T13:00,Brussels,20.9,0.0,0.0,12.2,33.8,2
2026-07-22T14:00,Brussels,19.7,0.0,0.0,14.1,37.4,3
2026-07-22T15:00,Brussels,20.5,0.0,0.0,14.3,37.4,3
2026-07-22T16:00,Brussels,20.1,0.0,0.0,15.2,38.9,2
2026-07-22T17:00,Brussels,21.1,0.0,0.0,17.2,43.2,3
2026-07-22T18:00,Brussels,20.4,0.0,0.0,17.1,43.9,1
2026-07-22T19:00,Brussels,19.7,0.0,0.0,17.5,42.5,2
2026-07-22T20:00,Brussels,18.9,0.0,0.0,14.3,42.1,0
2026-07-22T21:00,Brussels,18.0,0.0,0.0,12.7,33.1,0
2026-07-22T22:00,Brussels,17.2,0.0,0.0,10.8,31.0,0
2026-07-22T23:00,Brussels,16.3,0.0,0.0,9.7,23.8,0
2026-07-23T00:00,Brussels,15.5,0.0,0.0,9.1,21.2,2
2026-07-23T01:00,Brussels,14.8,0.0,0.0,8.6,19.4,0
2026-07-23T02:00,Brussels,14.7,0.0,0.0,7.7,18.0,1
2026-07-23T03:00,Brussels,14.5,0.0,0.0,7.2,15.5,3
2026-07-23T04:00,Brussels,14.9,0.0,0.0,6.3,14.8,3
2026-07-23T05:00,Brussels,15.2,0.0,0.0,5.8,13.7,3
2026-07-23T06:00,Brussels,15.2,0.0,0.0,7.0,14.8,3
2026-07-23T07:00,Brussels,15.1,0.0,0.0,7.4,16.9,3
2026-07-23T08:00,Brussels,15.8,0.1,0.1,6.7,18.4,51
2026-07-23T09:00,Brussels,16.6,0.1,0.1,8.6,22.3,51
2026-07-23T10:00,Brussels,17.4,0.1,0.1,10.4,28.1,51
2026-07-23T11:00,Brussels,18.7,0.1,0.1,10.9,28.8,51
2026-07-23T12:00,Brussels,19.6,0.1,0.1,11.1,31.3,51
2026-07-23T13:00,Brussels,20.7,0.1,0.1,11.5,31.7,51
2026-07-23T14:00,Brussels,21.0,0.2,0.2,13.1,35.3,51
2026-07-23T15:00,Brussels,21.3,0.2,0.2,14.0,37.1,51
2026-07-23T16:00,Brussels,21.8,0.0,0.0,13.8,37.4,3
2026-07-23T17:00,Brussels,21.4,0.0,0.0,14.7,37.8,3
2026-07-23T18:00,Brussels,21.0,0.0,0.0,14.1,37.8,1
2026-07-23T19:00,Brussels,20.8,0.0,0.0,13.8,36.7,1
2026-07-23T20:00,Brussels,19.9,0.0,0.0,13.2,34.6,0
2026-07-23T21:00,Brussels,18.9,0.0,0.0,11.2,31.3,0
2026-07-23T22:00,Brussels,17.8,0.0,0.0,8.4,25.9,0
2026-07-23T23:00,Brussels,17.0,0.0,0.0,7.4,17.6,0
2026-07-24T00:00,Brussels,16.4,0.0,0.0,6.9,15.1,0
2026-07-24T01:00,Brussels,15.8,0.0,0.0,5.8,14.4,0
2026-07-24T02:00,Brussels,14.6,0.0,0.0,5.3,11.9,0
2026-07-24T03:00,Brussels,14.2,0.0,0.0,3.2,10.4,0
2026-07-24T04:00,Brussels,13.9,0.0,0.0,1.8,6.8,0
2026-07-24T05:00,Brussels,13.6,0.0,0.0,2.9,5.8,1
2026-07-24T06:00,Brussels,13.5,0.0,0.0,3.2,6.8,1
2026-07-24T07:00,Brussels,14.0,0.0,0.0,5.5,10.4,3
2026-07-24T08:00,Brussels,15.3,0.0,0.0,5.2,12.2,2
2026-07-24T09:00,Brussels,17.4,0.0,0.0,5.7,17.3,3
2026-07-24T10:00,Brussels,18.6,0.0,0.0,4.4,18.0,3
2026-07-24T11:00,Brussels,20.0,0.0,0.0,3.0,17.3,3
2026-07-24T12:00,Brussels,21.2,0.0,0.0,1.1,16.2,3
2026-07-24T13:00,Brussels,22.8,0.0,0.0,3.1,17.3,3
2026-07-24T14:00,Brussels,22.6,0.0,0.0,4.1,19.8,3
2026-07-24T15:00,Brussels,24.1,0.0,0.0,3.8,19.4,3
2026-07-24T16:00,Brussels,24.3,0.0,0.0,4.2,19.1,3
2026-07-24T17:00,Brussels,24.6,0.0,0.0,4.5,18.7,3
2026-07-24T18:00,Brussels,24.6,0.0,0.0,4.4,18.7,3
2026-07-24T19:00,Brussels,24.4,0.0,0.0,4.2,18.0,3
2026-07-24T20:00,Brussels,23.8,0.0,0.0,6.4,15.8,3
2026-07-24T21:00,Brussels,23.1,0.0,0.0,6.3,17.6,3
2026-07-24T22:00,Brussels,22.1,0.0,0.0,5.5,15.1,3
2026-07-24T23:00,Brussels,21.5,0.0,0.0,5.9,12.6,3
2026-07-25T00:00,Brussels,20.4,0.0,0.0,6.6,14.8,3
2026-07-25T01:00,Brussels,19.6,0.0,0.0,7.0,15.1,3
2026-07-25T02:00,Brussels,18.2,0.0,0.0,7.4,15.8,3
2026-07-25T03:00,Brussels,17.6,0.0,0.0,6.4,15.1,2
2026-07-25T04:00,Brussels,17.0,0.0,0.0,6.4,13.3,1
2026-07-25T05:00,Brussels,16.4,0.0,0.0,6.9,14.0,1
2026-07-25T06:00,Brussels,16.1,0.0,0.0,7.1,14.8,0
2026-07-25T07:00,Brussels,16.4,0.0,0.0,6.7,14.8,0
2026-07-25T08:00,Brussels,17.8,0.0,0.0,5.5,14.4,0
2026-07-25T09:00,Brussels,20.7,0.0,0.0,4.4,15.1,0
2026-07-25T10:00,Brussels,23.0,0.0,0.0,5.9,19.8,0
2026-07-25T11:00,Brussels,24.4,0.0,0.0,7.2,24.1,0
2026-07-25T12:00,Brussels,25.6,0.0,0.0,8.3,27.0,0
2026-07-25T13:00,Brussels,26.6,0.0,0.0,9.6,29.9,0
2026-07-25T14:00,Brussels,27.7,0.0,0.0,11.2,33.8,2
2026-07-25T15:00,Brussels,27.7,0.0,0.0,12.1,34.2,2
2026-07-25T16:00,Brussels,27.7,0.0,0.0,12.3,34.2,3
2026-07-25T17:00,Brussels,27.4,0.0,0.0,12.4,33.8,1
2026-07-25T18:00,Brussels,27.1,0.0,0.0,12.3,33.1,0
2026-07-25T19:00,Brussels,26.9,0.0,0.0,12.2,33.1,1
2026-07-25T20:00,Brussels,27.0,0.0,0.0,11.8,31.7,2
2026-07-25T21:00,Brussels,25.6,0.0,0.0,10.4,28.8,3
2026-07-25T22:00,Brussels,23.8,0.0,0.0,4.4,25.2,2
2026-07-25T23:00,Brussels,23.0,0.0,0.0,11.0,23.0,0
2026-07-26T00:00,Brussels,21.6,0.0,0.0,12.6,27.7,0
2026-07-26T01:00,Brussels,19.9,0.0,0.0,13.7,30.2,1
2026-07-26T02:00,Brussels,18.3,0.0,0.0,14.3,30.6,3
2026-07-26T03:00,Brussels,17.7,0.0,0.0,14.1,31.7,0
2026-07-26T04:00,Brussels,17.2,0.0,0.0,14.4,31.3,0
2026-07-26T05:00,Brussels,17.0,0.0,0.0,15.4,32.8,0
2026-07-26T06:00,Brussels,16.8,0.0,0.0,16.4,35.3,0
2026-07-26T07:00,Brussels,16.9,0.0,0.0,15.1,35.6,0
2026-07-26T08:00,Brussels,17.5,0.0,0.0,17.0,36.7,1
2026-07-26T09:00,Brussels,18.9,0.0,0.0,21.8,50.8,3
2026-07-26T10:00,Brussels,18.9,0.1,0.1,20.7,51.5,51
2026-07-26T11:00,Brussels,19.2,0.1,0.1,21.3,49.3,51
2026-07-26T12:00,Brussels,20.1,0.2,0.2,20.1,50.8,51
2026-07-26T13:00,Brussels,21.4,0.0,0.0,21.9,51.8,3
2026-07-26T14:00,Brussels,21.5,0.1,0.1,23.7,53.6,51
2026-07-26T15:00,Brussels,21.6,0.2,0.2,24.0,57.6,51
2026-07-26T16:00,Brussels,22.9,0.2,0.2,24.6,63.0,51
2026-07-26T17:00,Brussels,22.0,0.4,0.4,22.6,63.7,51
2026-07-26T18:00,Brussels,22.4,0.3,0.3,21.2,54.4,51
2026-07-26T19:00,Brussels,21.9,0.5,0.5,18.2,54.7,53
2026-07-26T20:00,Brussels,20.2,0.8,0.8,14.0,47.2,53
2026-07-26T21:00,Brussels,19.4,0.3,0.3,16.8,34.6,51
2026-07-26T22:00,Brussels,19.4,0.0,0.0,18.1,38.5,1
2026-07-26T23:00,Brussels,18.9,0.0,0.0,17.0,39.6,2
2026-07-27T00:00,Brussels,18.4,0.0,0.0,14.3,36.7,1
2026-07-27T01:00,Brussels,17.9,0.1,0.1,11.6,30.6,51
2026-07-27T02:00,Brussels,18.4,0.0,0.0,11.0,24.1,1
2026-07-27T03:00,Brussels,18.3,0.0,0.0,10.5,23.0,3
2026-07-27T04:00,Brussels,18.4,0.0,0.0,11.5,24.5,3
2026-07-27T05:00,Brussels,18.2,0.0,0.0,11.3,27.4,3
2026-07-27T06:00,Brussels,17.9,0.0,0.0,10.9,24.5,3
2026-07-27T07:00,Brussels,17.8,0.0,0.0,11.2,24.5,0
2026-07-27T08:00,Brussels,17.9,0.0,0.0,13.4,26.6,1
2026-07-27T09:00,Brussels,18.6,0.0,0.0,13.1,33.1,1
2026-07-27T10:00,Brussels,19.4,0.0,0.0,13.8,34.9,1
2026-07-27T11:00,Brussels,20.0,0.0,0.0,15.7,39.6,2
2026-07-27T12:00,Brussels,20.4,0.0,0.0,16.2,40.7,3
2026-07-27T13:00,Brussels,21.2,0.0,0.0,17.0,42.8,3
2026-07-27T14:00,Brussels,21.1,0.0,0.0,15.4,42.8,3
2026-07-27T15:00,Brussels,21.2,0.0,0.0,15.4,38.2,3
2026-07-27T16:00,Brussels,21.9,0.0,0.0,15.3,39.2,3
2026-07-27T17:00,Brussels,22.0,0.0,0.0,14.1,38.9,1
2026-07-27T18:00,Brussels,22.4,0.0,0.0,13.1,35.6,2
2026-07-27T19:00,Brussels,21.8,0.0,0.0,12.1,33.5,1
2026-07-27T20:00,Brussels,21.4,0.0,0.0,10.6,30.2,0
2026-07-27T21:00,Brussels,20.4,0.0,0.0,6.9,24.8,0
2026-07-27T22:00,Brussels,19.2,0.0,0.0,5.7,14.8,0
2026-07-27T23:00,Brussels,18.5,0.0,0.0,4.3,12.2,0
2026-07-28T00:00,Brussels,18.0,0.0,0.0,4.3,9.0,0
2026-07-28T01:00,Brussels,17.4,0.0,0.0,5.2,10.4,1
2026-07-28T02:00,Brussels,15.9,0.0,0.0,7.0,14.0,1
2026-07-28T03:00,Brussels,15.3,0.0,0.0,7.5,14.8,0
2026-07-28T04:00,Brussels,14.9,0.0,0.0,8.6,16.6,0
2026-07-28T05:00,Brussels,14.9,0.0,0.0,9.1,18.0,0
2026-07-28T06:00,Brussels,14.8,0.0,0.0,8.8,18.0,0
2026-07-28T07:00,Brussels,15.0,0.0,0.0,8.9,18.0,0
2026-07-28T08:00,Brussels,16.5,0.0,0.0,7.2,17.6,0
2026-07-28T09:00,Brussels,19.4,0.0,0.0,5.8,15.8,0
2026-07-28T10:00,Brussels,21.9,0.0,0.0,8.3,22.7,0
2026-07-28T11:00,Brussels,23.5,0.0,0.0,8.6,25.2,0
2026-07-28T12:00,Brussels,24.8,0.0,0.0,7.5,25.2,0
2026-07-28T13:00,Brussels,25.9,0.0,0.0,6.6,24.1,1
2026-07-28T14:00,Brussels,27.4,0.0,0.0,4.7,22.7,2
2026-07-28T15:00,Brussels,28.5,0.0,0.0,3.8,19.8,1
2026-07-28T16:00,Brussels,29.1,0.0,0.0,3.8,19.1,0
2026-07-28T17:00,Brussels,29.5,0.0,0.0,3.8,18.7,0
2026-07-28T18:00,Brussels,29.7,0.0,0.0,3.4,18.0,1
2026-07-28T19:00,Brussels,29.4,0.0,0.0,2.8,16.2,0
2026-07-28T20:00,Brussels,29.3,0.0,0.0,0.9,13.7,0
2026-07-28T21:00,Brussels,28.4,0.0,0.0,1.2,6.1,0
2026-07-28T22:00,Brussels,26.7,0.0,0.0,3.5,7.6,1
2026-07-28T23:00,Brussels,26.2,0.0,0.0,6.0,12.2,2
2026-07-29T00:00,Brussels,25.5,0.0,0.0,5.4,12.6,0
2026-07-29T01:00,Brussels,24.7,0.0,0.0,6.4,12.6,0
2026-07-29T02:00,Brussels,21.8,0.0,0.0,3.3,12.6,0
2026-07-29T03:00,Brussels,21.4,0.0,0.0,3.1,7.6,0
2026-07-29T04:00,Brussels,20.7,0.0,0.0,3.0,7.2,0
2026-07-29T05:00,Brussels,20.0,0.0,0.0,3.1,6.1,0
2026-07-29T06:00,Brussels,19.5,0.0,0.0,2.3,6.1,0
2026-07-29T07:00,Brussels,19.9,0.0,0.0,6.4,11.5,0
2026-07-29T08:00,Brussels,22.2,0.0,0.0,7.0,15.8,0
2026-07-29T09:00,Brussels,25.7,0.0,0.0,4.8,15.1,0
2026-07-29T10:00,Brussels,28.7,0.0,0.0,4.7,16.6,0
2026-07-29T11:00,Brussels,30.2,0.0,0.0,4.0,17.6,0
2026-07-29T12:00,Brussels,31.4,0.0,0.0,3.2,17.3,0
2026-07-29T13:00,Brussels,32.4,0.0,0.0,4.0,19.4,0
2026-07-29T14:00,Brussels,33.7,0.0,0.0,6.6,23.8,0
2026-07-29T15:00,Brussels,34.2,0.0,0.0,8.7,28.1,0
2026-07-29T16:00,Brussels,34.6,0.0,0.0,9.6,29.2,0
2026-07-29T17:00,Brussels,34.7,0.0,0.0,11.7,32.8,0
2026-07-29T18:00,Brussels,34.4,0.0,0.0,13.1,34.6,0
2026-07-29T19:00,Brussels,33.7,0.0,0.0,14.3,36.0,0
2026-07-29T20:00,Brussels,33.4,0.0,0.0,11.0,36.0,0
2026-07-29T21:00,Brussels,32.5,0.0,0.0,4.0,25.2,0
2026-07-29T22:00,Brussels,31.5,0.0,0.0,7.7,15.5,0
2026-07-29T23:00,Brussels,30.3,0.0,0.0,10.8,22.3,0
2026-07-30T00:00,Brussels,29.2,0.0,0.0,11.0,22.3,0
2026-07-30T01:00,Brussels,27.0,0.0,0.0,9.2,26.6,0
2026-07-30T02:00,Brussels,24.5,0.0,0.0,8.2,19.8,0
2026-07-30T03:00,Brussels,23.6,0.0,0.0,7.9,17.3,0
2026-07-30T04:00,Brussels,22.9,0.0,0.0,8.4,17.3,0
2026-07-30T05:00,Brussels,22.3,0.0,0.0,9.0,18.7,0
2026-07-30T06:00,Brussels,21.7,0.0,0.0,9.4,22.0,2
2026-07-30T07:00,Brussels,21.6,0.0,0.0,8.0,19.8,2
2026-07-30T08:00,Brussels,21.6,0.0,0.0,6.6,18.7,0
2026-07-30T09:00,Brussels,23.0,0.0,0.0,5.9,19.4,0
2026-07-30T10:00,Brussels,24.7,0.0,0.0,6.3,21.6,2
2026-07-30T11:00,Brussels,26.2,0.0,0.0,8.0,25.2,3
2026-07-30T12:00,Brussels,27.2,0.0,0.0,11.1,32.0,3
2026-07-30T13:00,Brussels,27.3,0.0,0.0,13.5,35.6,3
2026-07-30T14:00,Brussels,26.0,0.1,0.1,19.1,38.5,51
2026-07-30T15:00,Brussels,22.8,1.6,1.6,10.2,44.3,61
2026-07-30T16:00,Brussels,22.3,0.6,0.6,7.3,22.0,53
2026-07-30T17:00,Brussels,23.8,0.0,0.0,10.0,25.2,3
2026-07-30T18:00,Brussels,24.1,0.0,0.0,12.6,31.3,0
2026-07-30T19:00,Brussels,24.6,0.0,0.0,11.7,33.5,0
2026-07-30T20:00,Brussels,24.2,0.0,0.0,7.7,29.2,0
2026-07-30T21:00,Brussels,23.6,0.0,0.0,2.5,18.0,0
2026-07-30T22:00,Brussels,22.7,0.0,0.0,1.7,5.0,1
2026-07-30T23:00,Brussels,22.2,0.0,0.0,5.5,10.8,2
2026-07-31T00:00,Brussels,21.6,0.0,0.0,6.7,13.7,3
2026-07-31T01:00,Brussels,20.9,0.0,0.0,7.3,15.5,2
2026-07-31T02:00,Brussels,19.7,0.0,0.0,8.2,18.0,3
2026-07-31T03:00,Brussels,19.2,0.0,0.0,8.1,16.9,3
2026-07-31T04:00,Brussels,18.8,0.0,0.0,6.4,16.6,3
2026-07-31T05:00,Brussels,18.4,0.0,0.0,6.8,14.0,3
2026-07-31T06:00,Brussels,18.0,0.0,0.0,7.1,14.8,3
2026-07-31T07:00,Brussels,17.8,0.0,0.0,7.4,16.2,3
2026-07-31T08:00,Brussels,18.0,0.0,0.0,7.3,18.7,3
2026-07-31T09:00,Brussels,19.1,0.0,0.0,6.9,19.4,3
2026-07-31T10:00,Brussels,20.3,0.0,0.0,7.0,20.2,3
2026-07-31T11:00,Brussels,22.1,0.0,0.0,8.7,25.2,3
2026-07-31T12:00,Brussels,23.4,0.0,0.0,9.9,28.4,3
2026-07-31T13:00,Brussels,24.8,0.0,0.0,9.4,28.4,2
2026-07-31T14:00,Brussels,25.8,0.0,0.0,10.3,29.9,1
2026-07-31T15:00,Brussels,26.3,0.0,0.0,12.5,35.3,1
2026-07-31T16:00,Brussels,25.9,0.0,0.0,13.2,36.4,1
2026-07-31T17:00,Brussels,25.1,0.2,0.2,12.7,36.0,51
2026-07-31T18:00,Brussels,24.3,0.3,0.3,13.0,34.9,51
2026-07-31T19:00,Brussels,23.5,0.0,0.0,12.9,34.2,3
2026-07-31T20:00,Brussels,22.7,0.0,0.0,14.3,33.5,3
2026-07-31T21:00,Brussels,21.5,0.0,0.0,13.1,34.6,1
2026-07-31T22:00,Brussels,20.3,0.0,0.0,10.7,31.0,2
2026-07-31T23:00,Brussels,19.5,0.0,0.0,10.4,24.5,2
2026-01-01T00:00,Leuven,0.7,0.0,0.0,16.1,29.9,0
2026-01-01T01:00,Leuven,0.4,0.0,0.0,16.2,29.9,0
2026-01-01T02:00,Leuven,0.4,0.0,0.0,15.2,30.6,1
2026-01-01T03:00,Leuven,0.6,0.0,0.0,16.5,31.3,1
2026-01-01T04:00,Leuven,0.3,0.0,0.0,17.5,32.8,0
2026-01-01T05:00,Leuven,0.1,0.0,0.0,17.6,33.1,0
2026-01-01T06:00,Leuven,0.5,0.0,0.0,18.9,36.0,2
2026-01-01T07:00,Leuven,1.3,0.0,0.0,20.3,39.2,0
2026-01-01T08:00,Leuven,1.4,0.0,0.0,20.0,40.7,3
2026-01-01T09:00,Leuven,1.6,0.0,0.0,21.3,41.8,3
2026-01-01T10:00,Leuven,2.0,0.0,0.0,22.4,44.6,3
2026-01-01T11:00,Leuven,2.9,0.0,0.0,23.1,46.8,3
2026-01-01T12:00,Leuven,3.6,0.0,0.0,20.2,46.4,3
2026-01-01T13:00,Leuven,4.0,0.0,0.0,21.2,47.2,3
2026-01-01T14:00,Leuven,4.5,0.0,0.0,24.8,44.3,3
2026-01-01T15:00,Leuven,4.3,0.0,0.0,20.7,51.1,3
2026-01-01T16:00,Leuven,4.3,0.0,0.0,19.5,41.8,3
2026-01-01T17:00,Leuven,4.3,0.0,0.0,19.9,40.0,3
2026-01-01T18:00,Leuven,4.1,0.0,0.0,20.8,42.8,3
2026-01-01T19:00,Leuven,4.0,0.0,0.0,21.2,42.5,3
2026-01-01T20:00,Leuven,3.7,0.0,0.0,21.1,43.6,3
2026-01-01T21:00,Leuven,3.6,0.3,0.3,21.4,45.0,51
2026-01-01T22:00,Leuven,3.4,0.1,0.1,21.6,42.8,51
2026-01-01T23:00,Leuven,2.5,0.1,0.1,21.2,42.8,51
2026-01-02T00:00,Leuven,2.7,0.1,0.1,22.4,44.3,51
2026-01-02T01:00,Leuven,2.7,0.1,0.1,22.4,45.4,51
2026-01-02T02:00,Leuven,2.6,0.1,0.1,21.9,45.4,51
2026-01-02T03:00,Leuven,2.4,0.2,0.2,20.6,46.8,51
2026-01-02T04:00,Leuven,2.0,0.0,0.0,20.6,39.2,1
2026-01-02T05:00,Leuven,1.9,0.0,0.0,20.5,46.4,0
2026-01-02T06:00,Leuven,1.5,0.0,0.0,19.0,39.6,1
2026-01-02T07:00,Leuven,1.3,0.0,0.0,19.0,37.1,1
2026-01-02T08:00,Leuven,0.8,0.4,0.0,17.0,37.1,73
2026-01-02T09:00,Leuven,0.8,0.1,0.0,17.4,34.6,71
2026-01-02T10:00,Leuven,1.0,0.5,0.1,17.0,35.6,73
2026-01-02T11:00,Leuven,1.3,0.0,0.0,16.9,34.2,2
2026-01-02T12:00,Leuven,2.3,0.1,0.1,17.8,36.4,51
2026-01-02T13:00,Leuven,2.6,0.1,0.1,16.9,37.1,51
2026-01-02T14:00,Leuven,2.8,0.0,0.0,16.9,36.7,0
2026-01-02T15:00,Leuven,3.0,0.0,0.0,18.4,40.3,0
2026-01-02T16:00,Leuven,3.0,0.0,0.0,19.8,41.8,2
2026-01-02T17:00,Leuven,2.2,0.6,0.0,17.6,40.3,73
2026-01-02T18:00,Leuven,1.8,0.7,0.0,18.4,38.2,73
2026-01-02T19:00,Leuven,1.5,0.4,0.0,17.6,36.4,73
2026-01-02T20:00,Leuven,1.2,0.0,0.0,15.1,35.3,3
2026-01-02T21:00,Leuven,0.7,0.0,0.0,15.0,30.6,3
2026-01-02T22:00,Leuven,0.0,0.0,0.0,15.0,29.2,1
2026-01-02T23:00,Leuven,-0.2,0.0,0.0,14.3,29.5,0
2026-01-03T00:00,Leuven,-0.6,0.0,0.0,13.5,27.7,0
2026-01-03T01:00,Leuven,-0.9,0.0,0.0,14.4,27.4,0
2026-01-03T02:00,Leuven,-0.2,0.0,0.0,13.8,29.5,0
2026-01-03T03:00,Leuven,-0.4,0.0,0.0,14.9,28.1,3
2026-01-03T04:00,Leuven,-0.1,0.0,0.0,17.5,33.8,3
2026-01-03T05:00,Leuven,0.5,0.0,0.0,19.0,37.4,3
2026-01-03T06:00,Leuven,0.6,0.0,0.0,18.9,38.2,2
2026-01-03T07:00,Leuven,-0.3,0.0,0.0,17.7,37.4,0
2026-01-03T08:00,Leuven,-0.8,0.0,0.0,17.2,34.9,3
2026-01-03T09:00,Leuven,-0.3,0.1,0.0,17.8,34.9,71
2026-01-03T10:00,Leuven,-0.2,0.0,0.0,16.8,35.3,2
2026-01-03T11:00,Leuven,-0.2,0.4,0.0,17.2,34.6,73
2026-01-03T12:00,Leuven,0.6,0.0,0.0,16.6,35.3,0
2026-01-03T13:00,Leuven,1.1,0.0,0.0,18.9,40.3,0
2026-01-03T14:00,Leuven,1.6,0.0,0.0,22.1,43.2,0
2026-01-03T15:00,Leuven,1.8,0.0,0.0,20.7,49.0,1
2026-01-03T16:00,Leuven,1.6,0.0,0.0,19.2,49.0,3
2026-01-03T17:00,Leuven,1.1,0.0,0.0,16.9,38.2,3
2026-01-03T18:00,Leuven,0.3,0.0,0.0,16.3,33.1,3
2026-01-03T19:00,Leuven,-0.5,0.0,0.0,13.1,31.7,3
2026-01-03T20:00,Leuven,0.6,0.0,0.0,13.3,24.8,3
2026-01-03T21:00,Leuven,0.4,0.1,0.0,13.8,26.6,71
2026-01-03T22:00,Leuven,0.6,0.1,0.0,14.2,27.7,71
2026-01-03T23:00,Leuven,-0.1,1.6,0.0,12.7,27.4,75
2026-01-04T00:00,Leuven,-0.9,0.5,0.0,12.6,24.8,73
2026-01-04T01:00,Leuven,-0.8,0.0,0.0,15.9,29.9,2
2026-01-04T02:00,Leuven,-0.1,0.0,0.0,16.8,32.8,1
2026-01-04T03:00,Leuven,-0.4,0.0,0.0,17.3,33.5,0
2026-01-04T04:00,Leuven,-0.7,0.0,0.0,17.5,33.8,1
2026-01-04T05:00,Leuven,-1.1,0.0,0.0,16.8,33.5,1
2026-01-04T06:00,Leuven,-1.3,0.0,0.0,17.4,33.5,1
2026-01-04T07:00,Leuven,-1.5,0.0,0.0,17.4,34.2,0
2026-01-04T08:00,Leuven,-1.2,0.0,0.0,17.1,33.8,1
2026-01-04T09:00,Leuven,-1.6,0.0,0.0,16.6,33.5,0
2026-01-04T10:00,Leuven,-2.0,0.0,0.0,16.5,32.8,0
2026-01-04T11:00,Leuven,-1.7,0.0,0.0,17.2,33.8,0
2026-01-04T12:00,Leuven,-0.5,0.0,0.0,16.7,41.0,1
2026-01-04T13:00,Leuven,0.0,0.0,0.0,16.0,34.6,1
2026-01-04T14:00,Leuven,0.4,0.0,0.0,14.8,33.8,3
2026-01-04T15:00,Leuven,0.9,0.0,0.0,14.8,31.0,1
2026-01-04T16:00,Leuven,1.0,0.1,0.0,14.9,32.8,71
2026-01-04T17:00,Leuven,0.5,0.0,0.0,12.3,29.5,1
2026-01-04T18:00,Leuven,-0.9,0.0,0.0,11.2,23.8,0
2026-01-04T19:00,Leuven,-1.4,0.0,0.0,12.4,23.4,0
2026-01-04T20:00,Leuven,-1.5,0.0,0.0,13.3,24.8,1
2026-01-04T21:00,Leuven,-1.8,0.0,0.0,13.2,24.8,1
2026-01-04T22:00,Leuven,-1.8,0.0,0.0,13.1,25.2,0
2026-01-04T23:00,Leuven,-2.3,0.0,0.0,12.2,24.8,0
2026-01-05T00:00,Leuven,-2.6,0.0,0.0,12.6,23.8,0
2026-01-05T01:00,Leuven,-2.6,0.0,0.0,12.7,24.5,0
2026-01-05T02:00,Leuven,-2.6,0.0,0.0,12.3,24.1,0
2026-01-05T03:00,Leuven,-3.2,0.0,0.0,11.6,23.0,0
2026-01-05T04:00,Leuven,-3.3,0.0,0.0,12.6,23.8,0
2026-01-05T05:00,Leuven,-3.3,0.0,0.0,12.5,23.8,0
2026-01-05T06:00,Leuven,-3.3,0.0,0.0,12.6,23.4,0
2026-01-05T07:00,Leuven,-3.3,0.0,0.0,13.0,24.1,1
2026-01-05T08:00,Leuven,-2.9,0.0,0.0,13.8,25.6,3
2026-01-05T09:00,Leuven,-2.8,0.0,0.0,13.8,25.9,3
2026-01-05T10:00,Leuven,-2.5,0.0,0.0,15.4,29.2,3
2026-01-05T11:00,Leuven,-2.0,0.0,0.0,15.8,31.0,0
2026-01-05T12:00,Leuven,-0.9,0.0,0.0,16.8,36.0,1
2026-01-05T13:00,Leuven,-0.4,0.0,0.0,13.9,35.3,3
2026-01-05T14:00,Leuven,-0.4,0.1,0.0,16.4,34.9,71
2026-01-05T15:00,Leuven,-0.8,0.2,0.0,14.4,32.8,71
2026-01-05T16:00,Leuven,-0.9,0.1,0.0,13.9,29.9,71
2026-01-05T17:00,Leuven,-0.9,0.0,0.0,12.2,28.1,3
2026-01-05T18:00,Leuven,-1.7,0.0,0.0,11.6,24.5,3
2026-01-05T19:00,Leuven,-1.8,0.0,0.0,13.0,24.5,0
2026-01-05T20:00,Leuven,-1.5,0.0,0.0,14.1,27.0,3
2026-01-05T21:00,Leuven,-1.2,0.0,0.0,14.6,28.4,3
2026-01-05T22:00,Leuven,-0.8,0.0,0.0,14.8,29.2,3
2026-01-05T23:00,Leuven,-0.7,0.0,0.0,14.9,29.2,3
2026-01-06T00:00,Leuven,-0.7,0.0,0.0,14.1,29.2,3
2026-01-06T01:00,Leuven,-1.4,0.0,0.0,13.0,27.4,3
2026-01-06T02:00,Leuven,-2.0,0.1,0.0,12.6,26.6,71
2026-01-06T03:00,Leuven,-1.4,0.4,0.0,12.6,27.7,73
2026-01-06T04:00,Leuven,-0.7,0.1,0.0,13.4,27.7,71
2026-01-06T05:00,Leuven,-1.5,0.0,0.0,9.8,25.2,0
2026-01-06T06:00,Leuven,-2.1,0.0,0.0,9.0,18.0,1
2026-01-06T07:00,Leuven,-2.4,0.0,0.0,7.9,16.6,1
2026-01-06T08:00,Leuven,-1.8,0.0,0.0,7.2,14.8,3
2026-01-06T09:00,Leuven,-2.3,0.0,0.0,7.9,14.8,2
2026-01-06T10:00,Leuven,-2.6,0.0,0.0,8.5,15.5,0
2026-01-06T11:00,Leuven,-1.9,0.0,0.0,9.2,18.4,2
2026-01-06T12:00,Leuven,-0.3,0.0,0.0,10.9,23.0,1
2026-01-06T13:00,Leuven,0.4,0.0,0.0,8.4,22.7,0
2026-01-06T14:00,Leuven,1.2,0.0,0.0,10.5,19.8,0
2026-01-06T15:00,Leuven,0.8,0.0,0.0,9.8,23.0,1
2026-01-06T16:00,Leuven,0.4,0.0,0.0,9.7,22.0,1
2026-01-06T17:00,Leuven,-0.9,0.0,0.0,8.7,21.2,0
2026-01-06T18:00,Leuven,-2.3,0.0,0.0,9.7,18.0,0
2026-01-06T19:00,Leuven,-2.6,0.0,0.0,10.7,19.8,0
2026-01-06T20:00,Leuven,-2.4,0.0,0.0,12.6,21.6,0
2026-01-06T21:00,Leuven,-2.3,0.0,0.0,12.9,24.1,0
2026-01-06T22:00,Leuven,-2.5,0.0,0.0,14.2,26.6,0
2026-01-06T23:00,Leuven,-2.4,0.0,0.0,15.4,28.8,2
2026-01-07T00:00,Leuven,-2.1,0.0,0.0,17.2,32.4,1
2026-01-07T01:00,Leuven,-1.7,0.0,0.0,18.8,36.0,0
2026-01-07T02:00,Leuven,-0.9,0.0,0.0,20.0,37.4,3
2026-01-07T03:00,Leuven,-0.5,0.0,0.0,21.0,41.8,3
2026-01-07T04:00,Leuven,-0.4,0.0,0.0,20.4,41.8,3
2026-01-07T05:00,Leuven,-0.7,0.0,0.0,21.9,42.8,3
2026-01-07T06:00,Leuven,-0.8,0.1,0.0,21.1,42.8,71
2026-01-07T07:00,Leuven,-0.8,0.1,0.0,24.5,48.6,71
2026-01-07T08:00,Leuven,-0.9,0.0,0.0,25.2,48.6,3
2026-01-07T09:00,Leuven,-0.9,0.0,0.0,25.9,51.1,3
2026-01-07T10:00,Leuven,-1.1,0.0,0.0,27.7,55.1,3
2026-01-07T11:00,Leuven,-0.9,1.0,0.0,28.7,59.8,73
2026-01-07T12:00,Leuven,-0.7,1.4,0.0,28.2,60.8,75
2026-01-07T13:00,Leuven,-0.8,0.4,0.0,29.2,57.6,73
2026-01-07T14:00,Leuven,-0.8,0.0,0.0,26.8,57.6,3
2026-01-07T15:00,Leuven,-0.6,0.0,0.0,23.0,49.3,3
2026-01-07T16:00,Leuven,-0.7,0.0,0.0,21.5,46.8,3
2026-01-07T17:00,Leuven,-0.5,0.0,0.0,19.9,42.5,3
2026-01-07T18:00,Leuven,-0.2,0.0,0.0,19.6,38.5,3
2026-01-07T19:00,Leuven,0.3,0.0,0.0,20.1,38.9,3
2026-01-07T20:00,Leuven,0.4,0.0,0.0,19.3,39.2,2
2026-01-07T21:00,Leuven,0.2,0.0,0.0,18.1,37.1,1
2026-01-07T22:00,Leuven,0.1,0.0,0.0,17.2,34.2,1
2026-01-07T23:00,Leuven,0.3,0.0,0.0,17.2,32.8,3
2026-01-08T00:00,Leuven,0.2,0.0,0.0,17.2,32.8,2
2026-01-08T01:00,Leuven,0.2,0.0,0.0,16.3,32.4,2
2026-01-08T02:00,Leuven,0.5,0.0,0.0,15.2,30.6,0
2026-01-08T03:00,Leuven,0.0,0.0,0.0,14.3,27.7,1
2026-01-08T04:00,Leuven,-0.3,0.0,0.0,14.0,26.3,3
2026-01-08T05:00,Leuven,-0.2,0.0,0.0,13.8,25.9,3
2026-01-08T06:00,Leuven,0.1,0.0,0.0,12.9,25.2,2
2026-01-08T07:00,Leuven,-0.2,0.0,0.0,11.4,23.4,3
2026-01-08T08:00,Leuven,0.4,0.0,0.0,11.0,20.9,2
2026-01-08T09:00,Leuven,-0.3,0.0,0.0,9.7,20.2,3
2026-01-08T10:00,Leuven,0.0,0.0,0.0,8.7,17.3,3
2026-01-08T11:00,Leuven,0.5,0.0,0.0,7.1,15.1,3
2026-01-08T12:00,Leuven,1.6,0.0,0.0,7.2,14.0,3
2026-01-08T13:00,Leuven,1.9,0.0,0.0,7.4,14.4,3
2026-01-08T14:00,Leuven,2.4,0.0,0.0,7.1,15.1,3
2026-01-08T15:00,Leuven,1.8,0.0,0.0,4.9,12.6,3
2026-01-08T16:00,Leuven,2.0,0.0,0.0,5.8,11.2,3
2026-01-08T17:00,Leuven,2.3,0.1,0.1,10.0,16.9,51
2026-01-08T18:00,Leuven,1.8,0.4,0.4,10.4,18.7,51
2026-01-08T19:00,Leuven,2.1,0.4,0.4,13.1,23.0,51
2026-01-08T20:00,Leuven,2.6,1.1,1.1,15.1,26.3,55
2026-01-08T21:00,Leuven,2.6,1.3,1.3,14.6,27.0,61
2026-01-08T22:00,Leuven,2.7,1.4,1.4,17.1,30.2,61
2026-01-08T23:00,Leuven,3.2,1.7,1.7,17.5,34.6,61
2026-01-09T00:00,Leuven,4.2,1.6,1.6,20.1,36.0,61
2026-01-09T01:00,Leuven,5.8,0.2,0.2,23.2,42.5,51
2026-01-09T02:00,Leuven,6.4,0.1,0.1,21.2,54.4,51
2026-01-09T03:00,Leuven,6.9,0.2,0.2,25.1,45.7,51
2026-01-09T04:00,Leuven,6.2,0.0,0.0,25.2,46.8,1
2026-01-09T05:00,Leuven,5.1,0.1,0.1,26.3,49.7,51
2026-01-09T06:00,Leuven,4.8,0.7,0.7,32.7,62.6,53
2026-01-09T07:00,Leuven,4.9,0.3,0.3,32.4,62.6,51
2026-01-09T08:00,Leuven,5.0,0.1,0.1,28.6,63.0,51
2026-01-09T09:00,Leuven,4.4,0.6,0.6,38.5,73.4,53
2026-01-09T10:00,Leuven,3.2,2.2,2.2,39.9,78.5,61
2026-01-09T11:00,Leuven,2.9,2.5,2.5,34.6,77.0,63
2026-01-09T12:00,Leuven,4.0,0.9,0.9,30.9,66.2,53
2026-01-09T13:00,Leuven,4.2,1.0,1.0,27.7,58.7,55
2026-01-09T14:00,Leuven,1.8,1.6,1.6,30.5,52.6,61
2026-01-09T15:00,Leuven,2.3,1.1,1.0,27.7,54.4,71
2026-01-09T16:00,Leuven,3.0,1.0,1.0,22.2,50.0,55
2026-01-09T17:00,Leuven,3.6,1.1,1.1,18.2,42.1,55
2026-01-09T18:00,Leuven,3.7,1.4,1.4,18.7,35.6,61
2026-01-09T19:00,Leuven,3.5,1.5,1.5,18.8,36.0,61
2026-01-09T20:00,Leuven,2.9,1.5,1.5,19.1,37.1,61
2026-01-09T21:00,Leuven,2.6,0.8,0.8,18.6,36.7,53
2026-01-09T22:00,Leuven,2.5,1.1,1.1,17.0,35.3,55
2026-01-09T23:00,Leuven,2.1,1.0,1.0,16.4,32.4,55
2026-01-10T00:00,Leuven,1.6,0.4,0.4,17.5,33.8,51
2026-01-10T01:00,Leuven,1.1,0.4,0.3,16.6,33.1,71
2026-01-10T02:00,Leuven,0.4,0.6,0.1,14.9,31.3,73
2026-01-10T03:00,Leuven,0.0,0.6,0.0,13.9,28.4,73
2026-01-10T04:00,Leuven,-0.4,0.4,0.0,14.1,27.7,73
2026-01-10T05:00,Leuven,-0.7,0.2,0.0,14.3,27.7,71
2026-01-10T06:00,Leuven,-1.0,0.1,0.0,13.9,27.7,71
2026-01-10T07:00,Leuven,-1.2,0.1,0.0,14.0,27.4,71
2026-01-10T08:00,Leuven,-1.1,0.1,0.0,12.9,29.2,71
2026-01-10T09:00,Leuven,-1.6,0.2,0.0,11.2,25.6,71
2026-01-10T10:00,Leuven,-1.9,0.3,0.0,10.8,24.5,73
2026-01-10T11:00,Leuven,-1.8,0.1,0.0,11.2,24.1,71
2026-01-10T12:00,Leuven,-1.9,0.1,0.0,12.5,25.6,71
2026-01-10T13:00,Leuven,-1.9,0.0,0.0,13.5,27.4,3
2026-01-10T14:00,Leuven,-1.6,0.0,0.0,13.4,28.1,3
2026-01-10T15:00,Leuven,-1.8,0.0,0.0,12.0,27.0,3
2026-01-10T16:00,Leuven,-1.8,0.0,0.0,11.6,25.2,3
2026-01-10T17:00,Leuven,-1.9,0.0,0.0,10.2,24.5,3
2026-01-10T18:00,Leuven,-2.0,0.0,0.0,8.7,22.7,3
2026-01-10T19:00,Leuven,-2.2,0.0,0.0,9.0,19.1,3
2026-01-10T20:00,Leuven,-2.4,0.0,0.0,7.9,18.4,3
2026-01-10T21:00,Leuven,-2.4,0.0,0.0,7.4,16.2,3
2026-01-10T22:00,Leuven,-2.4,0.0,0.0,6.7,15.5,3
2026-01-10T23:00,Leuven,-2.4,0.0,0.0,6.1,14.0,2
2026-01-11T00:00,Leuven,-4.2,0.0,0.0,1.6,12.6,2
2026-01-11T01:00,Leuven,-5.1,0.0,0.0,1.5,3.6,3
2026-01-11T02:00,Leuven,-2.9,0.0,0.0,0.6,2.9,3
2026-01-11T03:00,Leuven,-3.1,0.0,0.0,1.7,5.0,3
2026-01-11T04:00,Leuven,-2.8,0.0,0.0,2.4,5.0,3
2026-01-11T05:00,Leuven,-3.1,0.0,0.0,3.4,6.5,3
2026-01-11T06:00,Leuven,-2.9,0.0,0.0,4.4,9.0,3
2026-01-11T07:00,Leuven,-2.6,0.0,0.0,5.9,13.0,3
2026-01-11T08:00,Leuven,-2.1,0.0,0.0,6.1,12.6,3
2026-01-11T09:00,Leuven,-2.0,0.0,0.0,8.6,17.3,3
2026-01-11T10:00,Leuven,-1.9,0.0,0.0,8.9,17.6,3
2026-01-11T11:00,Leuven,-1.4,0.0,0.0,13.1,26.3,3
2026-01-11T12:00,Leuven,-1.0,0.0,0.0,14.4,29.9,3
2026-01-11T13:00,Leuven,-0.6,0.0,0.0,15.2,31.0,3
2026-01-11T14:00,Leuven,-0.4,0.0,0.0,17.8,33.5,3
2026-01-11T15:00,Leuven,-0.2,0.0,0.0,17.4,36.4,3
2026-01-11T16:00,Leuven,0.1,0.0,0.0,16.2,39.2,3
2026-01-11T17:00,Leuven,0.0,0.0,0.0,14.1,32.4,3
2026-01-11T18:00,Leuven,-0.2,0.0,0.0,14.8,29.2,3
2026-01-11T19:00,Leuven,-0.7,0.0,0.0,16.5,32.0,3
2026-01-11T20:00,Leuven,-0.2,0.0,0.0,18.5,35.6,3
2026-01-11T21:00,Leuven,0.4,0.0,0.0,19.7,38.5,3
2026-01-11T22:00,Leuven,0.9,0.0,0.0,20.9,40.7,3
2026-01-11T23:00,Leuven,1.5,0.0,0.0,22.3,43.9,3
2026-01-12T00:00,Leuven,1.9,0.0,0.0,23.1,45.4,3
2026-01-12T01:00,Leuven,2.3,0.1,0.1,25.0,49.0,51
2026-01-12T02:00,Leuven,1.7,0.3,0.3,25.8,50.0,51
2026-01-12T03:00,Leuven,2.0,0.3,0.3,26.3,49.0,51
2026-01-12T04:00,Leuven,2.3,0.0,0.0,24.6,49.3,3
2026-01-12T05:00,Leuven,2.8,0.0,0.0,23.6,47.9,3
2026-01-12T06:00,Leuven,3.2,0.3,0.3,24.5,46.1,51
2026-01-12T07:00,Leuven,3.2,0.5,0.5,24.2,46.4,53
2026-01-12T08:00,Leuven,3.2,0.0,0.0,23.0,45.4,3
2026-01-12T09:00,Leuven,3.8,0.0,0.0,21.3,43.6,3
2026-01-12T10:00,Leuven,4.1,0.0,0.0,19.6,39.6,3
2026-01-12T11:00,Leuven,4.7,0.0,0.0,19.9,37.1,3
2026-01-12T12:00,Leuven,5.5,0.0,0.0,19.6,37.1,3
2026-01-12T13:00,Leuven,6.1,0.0,0.0,18.8,36.4,3
2026-01-12T14:00,Leuven,6.6,0.0,0.0,16.9,36.4,3
2026-01-12T15:00,Leuven,6.4,0.3,0.3,16.1,31.7,51
2026-01-12T16:00,Leuven,6.5,0.6,0.6,16.0,30.2,53
2026-01-12T17:00,Leuven,7.1,1.0,1.0,17.8,32.8,55
2026-01-12T18:00,Leuven,8.7,1.0,1.0,25.6,46.8,55
2026-01-12T19:00,Leuven,9.4,0.6,0.6,27.2,54.0,53
2026-01-12T20:00,Leuven,9.5,1.1,1.1,20.8,51.5,55
2026-01-12T21:00,Leuven,9.1,0.3,0.3,17.8,38.5,51
2026-01-12T22:00,Leuven,8.9,0.1,0.1,18.3,33.8,51
2026-01-12T23:00,Leuven,8.3,0.0,0.0,15.3,33.5,3
2026-01-13T00:00,Leuven,7.4,0.0,0.0,15.0,28.1,1
2026-01-13T01:00,Leuven,7.1,0.0,0.0,15.9,29.2,0
2026-01-13T02:00,Leuven,7.9,0.0,0.0,13.2,29.2,0
2026-01-13T03:00,Leuven,7.4,0.0,0.0,13.8,24.8,2
2026-01-13T04:00,Leuven,7.5,0.0,0.0,13.9,25.2,3
2026-01-13T05:00,Leuven,7.7,0.0,0.0,12.5,25.6,3
2026-01-13T06:00,Leuven,7.4,0.0,0.0,13.7,24.5,3
2026-01-13T07:00,Leuven,7.7,0.0,0.0,13.8,24.8,3
2026-01-13T08:00,Leuven,9.1,0.0,0.0,14.1,29.5,3
2026-01-13T09:00,Leuven,8.7,0.0,0.0,14.8,27.0,3
2026-01-13T10:00,Leuven,8.4,0.0,0.0,15.2,27.7,2
2026-01-13T11:00,Leuven,8.3,0.0,0.0,17.0,30.6,3
2026-01-13T12:00,Leuven,9.2,0.0,0.0,17.2,32.4,3
2026-01-13T13:00,Leuven,9.9,0.0,0.0,13.4,33.5,3
2026-01-13T14:00,Leuven,10.7,0.0,0.0,12.9,26.3,3
2026-01-13T15:00,Leuven,10.8,0.0,0.0,12.4,25.9,3
2026-01-13T16:00,Leuven,10.8,0.0,0.0,9.8,25.6,3
2026-01-13T17:00,Leuven,10.8,0.0,0.0,15.4,30.6,3
2026-01-13T18:00,Leuven,10.4,0.0,0.0,16.1,31.3,3
2026-01-13T19:00,Leuven,10.2,0.0,0.0,15.6,31.0,3
2026-01-13T20:00,Leuven,10.1,0.0,0.0,15.7,32.0,3
2026-01-13T21:00,Leuven,10.0,0.0,0.0,16.0,32.0,3
2026-01-13T22:00,Leuven,9.9,0.0,0.0,16.2,31.3,3
2026-01-13T23:00,Leuven,10.0,0.0,0.0,17.0,32.8,3
2026-01-14T00:00,Leuven,10.1,0.0,0.0,16.8,33.1,3
2026-01-14T01:00,Leuven,9.9,0.0,0.0,16.6,32.8,3
2026-01-14T02:00,Leuven,9.9,0.0,0.0,14.4,33.1,3
2026-01-14T03:00,Leuven,9.6,0.1,0.1,14.1,28.4,51
2026-01-14T04:00,Leuven,9.2,0.2,0.2,14.3,27.0,51
2026-01-14T05:00,Leuven,9.0,0.3,0.3,15.2,28.1,51
2026-01-14T06:00,Leuven,8.7,0.3,0.3,16.8,30.6,51
2026-01-14T07:00,Leuven,8.4,0.3,0.3,15.6,30.6,51
2026-01-14T08:00,Leuven,8.4,0.1,0.1,13.2,28.4,51
2026-01-14T09:00,Leuven,8.2,0.2,0.2,9.1,23.8,51
2026-01-14T10:00,Leuven,7.7,0.1,0.1,7.6,16.9,51
2026-01-14T11:00,Leuven,7.2,0.0,0.0,6.6,14.4,3
2026-01-14T12:00,Leuven,7.2,0.0,0.0,3.7,12.6,3
2026-01-14T13:00,Leuven,7.3,0.0,0.0,3.5,9.4,3
2026-01-14T14:00,Leuven,7.3,0.0,0.0,2.7,10.8,3
2026-01-14T15:00,Leuven,7.7,0.0,0.0,2.1,7.9,3
2026-01-14T16:00,Leuven,7.6,0.1,0.1,3.3,7.6,51
2026-01-14T17:00,Leuven,7.4,0.1,0.1,5.6,10.1,51
2026-01-14T18:00,Leuven,7.5,0.0,0.0,6.7,11.9,3
2026-01-14T19:00,Leuven,8.1,0.0,0.0,8.7,14.8,3
2026-01-14T20:00,Leuven,8.2,0.0,0.0,9.5,20.9,3
2026-01-14T21:00,Leuven,8.5,0.0,0.0,12.2,21.2,3
2026-01-14T22:00,Leuven,8.3,0.0,0.0,13.4,23.8,3
2026-01-14T23:00,Leuven,8.0,0.0,0.0,15.0,27.0,3
2026-01-15T00:00,Leuven,8.1,0.0,0.0,15.7,28.8,3
2026-01-15T01:00,Leuven,8.5,0.0,0.0,19.9,35.3,3
2026-01-15T02:00,Leuven,9.0,0.2,0.2,18.3,40.0,51
2026-01-15T03:00,Leuven,8.7,0.0,0.0,17.6,34.9,1
2026-01-15T04:00,Leuven,8.3,0.0,0.0,15.5,32.4,1
2026-01-15T05:00,Leuven,8.5,0.0,0.0,17.7,32.4,3
2026-01-15T06:00,Leuven,8.5,0.0,0.0,18.8,34.6,1
2026-01-15T07:00,Leuven,8.7,0.0,0.0,19.6,37.1,3
2026-01-15T08:00,Leuven,9.4,0.0,0.0,18.1,37.8,3
2026-01-15T09:00,Leuven,9.7,0.0,0.0,17.5,36.0,3
2026-01-15T10:00,Leuven,9.7,0.0,0.0,17.5,34.2,3
2026-01-15T11:00,Leuven,9.8,0.0,0.0,17.8,34.9,3
2026-01-15T12:00,Leuven,9.9,0.0,0.0,18.4,36.7,3
2026-01-15T13:00,Leuven,9.9,0.0,0.0,21.6,47.2,3
2026-01-15T14:00,Leuven,9.9,0.0,0.0,16.3,48.2,3
2026-01-15T15:00,Leuven,10.5,0.0,0.0,21.4,45.4,3
2026-01-15T16:00,Leuven,10.3,0.0,0.0,16.3,42.5,3
2026-01-15T17:00,Leuven,10.3,0.0,0.0,14.7,33.5,3
2026-01-15T18:00,Leuven,9.6,0.0,0.0,14.5,29.5,3
2026-01-15T19:00,Leuven,9.7,0.0,0.0,16.3,32.0,3
2026-01-15T20:00,Leuven,9.8,0.0,0.0,19.1,35.6,3
2026-01-15T21:00,Leuven,10.2,0.0,0.0,20.7,41.4,3
2026-01-15T22:00,Leuven,10.5,0.0,0.0,21.4,42.8,3
2026-01-15T23:00,Leuven,10.8,0.0,0.0,22.2,44.6,3
2026-01-16T00:00,Leuven,10.8,0.1,0.1,23.4,46.8,51
2026-01-16T01:00,Leuven,10.9,0.3,0.3,25.6,50.4,51
2026-01-16T02:00,Leuven,10.4,0.2,0.2,23.1,50.8,51
2026-01-16T03:00,Leuven,10.8,0.1,0.1,25.8,52.2,51
2026-01-16T04:00,Leuven,11.0,0.0,0.0,26.0,52.9,3
2026-01-16T05:00,Leuven,10.9,0.0,0.0,25.4,53.3,3
2026-01-16T06:00,Leuven,10.4,0.0,0.0,21.0,51.5,3
2026-01-16T07:00,Leuven,9.5,0.0,0.0,15.3,41.8,3
2026-01-16T08:00,Leuven,8.6,0.0,0.0,9.4,30.2,3
2026-01-16T09:00,Leuven,7.9,0.0,0.0,8.1,18.0,3
2026-01-16T10:00,Leuven,7.3,0.0,0.0,8.3,15.5,2
2026-01-16T11:00,Leuven,7.9,0.0,0.0,9.9,18.0,3
2026-01-16T12:00,Leuven,9.5,0.0,0.0,11.5,24.8,3
2026-01-16T13:00,Leuven,10.5,0.0,0.0,15.2,31.7,3
2026-01-16T14:00,Leuven,10.6,0.0,0.0,11.9,31.7,3
2026-01-16T15:00,Leuven,11.0,0.0,0.0,10.4,25.2,2
2026-01-16T16:00,Leuven,10.9,0.0,0.0,10.7,22.7,3
2026-01-16T17:00,Leuven,10.1,0.0,0.0,8.5,22.3,3
2026-01-16T18:00,Leuven,8.2,0.0,0.0,5.8,16.6,3
2026-01-16T19:00,Leuven,7.1,0.0,0.0,6.4,11.5,3
2026-01-16T20:00,Leuven,7.1,0.0,0.0,7.5,16.2,3
2026-01-16T21:00,Leuven,7.1,0.0,0.0,8.4,15.5,3
2026-01-16T22:00,Leuven,7.0,0.0,0.0,7.7,15.8,3
2026-01-16T23:00,Leuven,6.8,0.0,0.0,6.4,14.4,3
2026-01-17T00:00,Leuven,6.9,0.0,0.0,7.1,13.3,3
2026-01-17T01:00,Leuven,7.0,0.5,0.5,10.6,19.8,53
2026-01-17T02:00,Leuven,7.7,1.2,1.2,11.1,20.2,55
2026-01-17T03:00,Leuven,7.6,0.3,0.3,8.0,18.7,51
2026-01-17T04:00,Leuven,7.5,1.6,1.6,13.8,24.1,61
2026-01-17T05:00,Leuven,7.2,5.5,5.5,11.2,27.0,63
2026-01-17T06:00,Leuven,6.9,0.1,0.1,9.0,20.2,51
2026-01-17T07:00,Leuven,6.2,0.0,0.0,9.4,16.6,3
2026-01-17T08:00,Leuven,7.1,0.0,0.0,10.7,18.0,3
2026-01-17T09:00,Leuven,6.7,0.0,0.0,10.1,18.4,2
2026-01-17T10:00,Leuven,6.5,0.0,0.0,9.6,18.0,3
2026-01-17T11:00,Leuven,7.4,0.0,0.0,10.2,17.3,0
2026-01-17T12:00,Leuven,8.9,0.0,0.0,9.1,17.6,1
2026-01-17T13:00,Leuven,10.3,0.0,0.0,7.6,20.2,1
2026-01-17T14:00,Leuven,11.5,0.0,0.0,5.4,18.0,0
2026-01-17T15:00,Leuven,12.2,0.0,0.0,5.9,15.5,1
2026-01-17T16:00,Leuven,12.3,0.0,0.0,5.8,15.1,2
2026-01-17T17:00,Leuven,11.4,0.0,0.0,5.6,13.0,2
2026-01-17T18:00,Leuven,9.2,0.0,0.0,6.6,12.2,3
2026-01-17T19:00,Leuven,8.7,0.0,0.0,8.6,15.5,3
2026-01-17T20:00,Leuven,8.5,0.0,0.0,8.3,16.6,3
2026-01-17T21:00,Leuven,7.2,0.0,0.0,6.0,15.1,3
2026-01-17T22:00,Leuven,7.0,0.0,0.0,7.1,12.6,1
2026-01-17T23:00,Leuven,6.5,0.0,0.0,6.8,13.3,0
2026-01-18T00:00,Leuven,5.3,0.0,0.0,6.0,11.9,0
2026-01-18T01:00,Leuven,4.7,0.0,0.0,6.0,10.4,0
2026-01-18T02:00,Leuven,4.8,0.0,0.0,6.2,10.4,0
2026-01-18T03:00,Leuven,4.5,0.0,0.0,7.8,13.3,1
2026-01-18T04:00,Leuven,4.5,0.0,0.0,9.1,16.2,2
2026-01-18T05:00,Leuven,4.5,0.0,0.0,9.0,16.2,1
2026-01-18T06:00,Leuven,4.1,0.0,0.0,8.3,16.2,3
2026-01-18T07:00,Leuven,3.4,0.0,0.0,7.0,15.1,3
2026-01-18T08:00,Leuven,3.6,0.0,0.0,9.2,12.6,2
2026-01-18T09:00,Leuven,3.1,0.0,0.0,7.9,16.2,1
2026-01-18T10:00,Leuven,2.9,0.0,0.0,9.1,16.2,2
2026-01-18T11:00,Leuven,4.1,0.0,0.0,10.2,18.7,2
2026-01-18T12:00,Leuven,5.6,0.0,0.0,8.1,18.4,0
2026-01-18T13:00,Leuven,7.4,0.0,0.0,5.5,16.9,0
2026-01-18T14:00,Leuven,8.7,0.0,0.0,6.4,15.1,0
2026-01-18T15:00,Leuven,9.5,0.0,0.0,5.8,16.9,0
2026-01-18T16:00,Leuven,9.5,0.0,0.0,7.3,16.6,0
2026-01-18T17:00,Leuven,8.6,0.0,0.0,7.8,16.9,0
2026-01-18T18:00,Leuven,6.6,0.0,0.0,8.3,15.5,0
2026-01-18T19:00,Leuven,5.4,0.0,0.0,9.0,17.3,0
2026-01-18T20:00,Leuven,4.6,0.0,0.0,9.6,16.9,0
2026-01-18T21:00,Leuven,3.3,0.0,0.0,6.4,18.0,0
2026-01-18T22:00,Leuven,2.2,0.0,0.0,5.2,11.9,0
2026-01-18T23:00,Leuven,2.3,0.0,0.0,6.4,10.4,0
2026-01-19T00:00,Leuven,3.0,0.0,0.0,7.9,14.4,0
2026-01-19T01:00,Leuven,2.4,0.0,0.0,7.9,15.1,0
2026-01-19T02:00,Leuven,1.5,0.0,0.0,6.4,14.8,0
2026-01-19T03:00,Leuven,0.8,0.0,0.0,5.7,11.5,0
2026-01-19T04:00,Leuven,0.1,0.0,0.0,5.2,10.4,1
2026-01-19T05:00,Leuven,-0.1,0.0,0.0,5.7,10.1,1
2026-01-19T06:00,Leuven,-0.1,0.0,0.0,5.7,11.2,3
2026-01-19T07:00,Leuven,1.0,0.0,0.0,6.1,11.2,3
2026-01-19T08:00,Leuven,1.2,0.0,0.0,6.1,11.5,3
2026-01-19T09:00,Leuven,1.2,0.0,0.0,7.7,13.7,3
2026-01-19T10:00,Leuven,1.4,0.0,0.0,5.8,14.4,1
2026-01-19T11:00,Leuven,2.4,0.0,0.0,6.7,11.2,3
2026-01-19T12:00,Leuven,4.1,0.0,0.0,6.1,15.1,3
2026-01-19T13:00,Leuven,6.0,0.1,0.1,4.5,14.4,51
2026-01-19T14:00,Leuven,6.7,0.0,0.0,5.1,13.0,3
2026-01-19T15:00,Leuven,7.9,0.0,0.0,3.1,13.7,3
2026-01-19T16:00,Leuven,8.2,0.0,0.0,4.7,11.9,3
2026-01-19T17:00,Leuven,7.7,0.0,0.0,4.1,11.2,3
2026-01-19T18:00,Leuven,5.3,0.0,0.0,5.4,8.3,3
2026-01-19T19:00,Leuven,4.6,0.0,0.0,6.3,11.5,3
2026-01-19T20:00,Leuven,4.8,0.0,0.0,6.9,11.9,2
2026-01-19T21:00,Leuven,4.8,0.0,0.0,6.5,13.3,1
2026-01-19T22:00,Leuven,3.9,0.0,0.0,6.2,11.5,0
2026-01-19T23:00,Leuven,3.5,0.0,0.0,6.2,11.5,1
2026-01-20T00:00,Leuven,3.1,0.0,0.0,6.0,11.2,1
2026-01-20T01:00,Leuven,2.8,0.0,0.0,6.2,11.2,1
2026-01-20T02:00,Leuven,2.2,0.0,0.0,6.1,11.5,0
2026-01-20T03:00,Leuven,1.1,0.0,0.0,4.9,10.4,0
2026-01-20T04:00,Leuven,1.0,0.0,0.0,4.1,7.2,0
2026-01-20T05:00,Leuven,0.8,0.0,0.0,5.8,9.4,2
2026-01-20T06:00,Leuven,0.5,0.0,0.0,5.7,9.4,2
2026-01-20T07:00,Leuven,1.0,0.0,0.0,6.2,10.8,0
2026-01-20T08:00,Leuven,1.0,0.0,0.0,7.7,13.3,1
2026-01-20T09:00,Leuven,0.6,0.0,0.0,6.7,13.3,0
2026-01-20T10:00,Leuven,0.3,0.0,0.0,6.1,11.9,0
2026-01-20T11:00,Leuven,1.7,0.0,0.0,8.3,15.5,0
2026-01-20T12:00,Leuven,3.3,0.0,0.0,6.5,16.6,1
2026-01-20T13:00,Leuven,5.0,0.0,0.0,5.8,16.2,0
2026-01-20T14:00,Leuven,6.1,0.0,0.0,6.0,16.2,1
2026-01-20T15:00,Leuven,7.0,0.0,0.0,7.5,18.4,0
2026-01-20T16:00,Leuven,7.3,0.0,0.0,7.3,18.4,1
2026-01-20T17:00,Leuven,6.7,0.0,0.0,7.0,16.6,1
2026-01-20T18:00,Leuven,5.0,0.0,0.0,8.6,16.2,2
2026-01-20T19:00,Leuven,4.4,0.0,0.0,10.7,19.8,3
2026-01-20T20:00,Leuven,3.8,0.0,0.0,11.3,22.7,3
2026-01-20T21:00,Leuven,3.7,0.0,0.0,13.0,23.8,3
2026-01-20T22:00,Leuven,4.0,0.0,0.0,15.9,29.9,3
2026-01-20T23:00,Leuven,4.3,0.0,0.0,15.9,30.6,3
2026-01-21T00:00,Leuven,4.5,0.0,0.0,14.5,30.2,3
2026-01-21T01:00,Leuven,4.9,0.0,0.0,15.6,29.5,3
2026-01-21T02:00,Leuven,5.3,0.0,0.0,16.3,33.5,3
2026-01-21T03:00,Leuven,5.7,0.0,0.0,18.3,35.3,3
2026-01-21T04:00,Leuven,6.0,0.0,0.0,19.0,37.1,3
2026-01-21T05:00,Leuven,6.3,0.0,0.0,19.3,37.8,3
2026-01-21T06:00,Leuven,6.2,0.0,0.0,18.7,37.8,3
2026-01-21T07:00,Leuven,5.8,0.0,0.0,18.7,36.7,3
2026-01-21T08:00,Leuven,5.3,0.0,0.0,16.5,36.7,3
2026-01-21T09:00,Leuven,5.1,0.0,0.0,17.6,34.2,3
2026-01-21T10:00,Leuven,4.9,0.0,0.0,17.8,34.2,3
2026-01-21T11:00,Leuven,5.8,0.0,0.0,18.0,35.3,3
2026-01-21T12:00,Leuven,7.0,0.0,0.0,18.7,35.3,3
2026-01-21T13:00,Leuven,8.4,0.0,0.0,14.9,36.4,3
2026-01-21T14:00,Leuven,9.2,0.0,0.0,11.9,28.8,3
2026-01-21T15:00,Leuven,10.0,0.0,0.0,11.5,24.5,3
2026-01-21T16:00,Leuven,10.2,0.0,0.0,12.4,25.2,2
2026-01-21T17:00,Leuven,9.8,0.0,0.0,15.2,31.0,3
2026-01-21T18:00,Leuven,8.2,0.0,0.0,15.2,29.9,1
2026-01-21T19:00,Leuven,6.8,0.0,0.0,16.8,32.4,0
2026-01-21T20:00,Leuven,6.0,0.0,0.0,17.1,32.8,3
2026-01-21T21:00,Leuven,5.8,0.0,0.0,16.4,33.1,3
2026-01-21T22:00,Leuven,6.1,0.0,0.0,16.5,31.7,2
2026-01-21T23:00,Leuven,6.5,0.0,0.0,16.8,32.4,0
2026-01-22T00:00,Leuven,6.2,0.0,0.0,14.4,32.0,3
2026-01-22T01:00,Leuven,5.5,0.0,0.0,12.3,27.4,2
2026-01-22T02:00,Leuven,4.4,0.0,0.0,11.2,23.0,3
2026-01-22T03:00,Leuven,4.2,0.0,0.0,11.2,20.9,3
2026-01-22T04:00,Leuven,4.1,0.0,0.0,10.4,20.9,3
2026-01-22T05:00,Leuven,3.8,0.0,0.0,9.7,19.1,3
2026-01-22T06:00,Leuven,3.8,0.0,0.0,11.1,20.2,3
2026-01-22T07:00,Leuven,3.7,0.0,0.0,11.5,21.6,3
2026-01-22T08:00,Leuven,2.8,0.0,0.0,9.9,21.6,2
2026-01-22T09:00,Leuven,2.5,0.0,0.0,9.9,18.7,3
2026-01-22T10:00,Leuven,2.9,0.0,0.0,11.0,20.5,3
2026-01-22T11:00,Leuven,4.3,0.0,0.0,11.6,22.0,3
2026-01-22T12:00,Leuven,6.0,0.0,0.0,9.3,23.0,3
2026-01-22T13:00,Leuven,7.5,0.0,0.0,9.4,20.5,3
2026-01-22T14:00,Leuven,8.5,0.0,0.0,8.8,22.0,2
2026-01-22T15:00,Leuven,9.4,0.0,0.0,10.7,23.0,3
2026-01-22T16:00,Leuven,8.9,0.0,0.0,10.8,23.4,3
2026-01-22T17:00,Leuven,8.3,0.0,0.0,11.3,22.0,3
2026-01-22T18:00,Leuven,7.7,0.0,0.0,12.7,24.8,3
2026-01-22T19:00,Leuven,7.1,0.0,0.0,12.9,24.8,3
2026-01-22T20:00,Leuven,6.3,0.0,0.0,11.7,24.8,1
2026-01-22T21:00,Leuven,6.3,0.0,0.0,12.2,23.4,1
2026-01-22T22:00,Leuven,6.4,0.0,0.0,13.1,24.8,0
2026-01-22T23:00,Leuven,6.1,0.0,0.0,13.7,25.6,0
2026-01-23T00:00,Leuven,5.8,0.0,0.0,13.9,26.6,0
2026-01-23T01:00,Leuven,5.3,0.0,0.0,13.6,26.3,0
2026-01-23T02:00,Leuven,5.6,0.0,0.0,13.1,25.9,0
2026-01-23T03:00,Leuven,5.6,0.0,0.0,13.1,24.5,0
2026-01-23T04:00,Leuven,5.4,0.0,0.0,14.1,25.9,0
2026-01-23T05:00,Leuven,5.5,0.0,0.0,13.7,25.9,3
2026-01-23T06:00,Leuven,6.5,0.0,0.0,12.8,25.9,3
2026-01-23T07:00,Leuven,6.9,0.0,0.0,13.0,24.5,3
2026-01-23T08:00,Leuven,6.4,0.0,0.0,12.3,25.6,3
2026-01-23T09:00,Leuven,5.9,0.0,0.0,12.8,23.8,2
2026-01-23T10:00,Leuven,5.6,0.0,0.0,14.3,26.6,3
2026-01-23T11:00,Leuven,5.7,0.0,0.0,15.7,31.0,3
2026-01-23T12:00,Leuven,6.7,0.0,0.0,13.5,31.3,3
2026-01-23T13:00,Leuven,7.9,0.0,0.0,14.3,27.7,3
2026-01-23T14:00,Leuven,8.7,0.0,0.0,11.5,34.9,3
2026-01-23T15:00,Leuven,9.0,0.0,0.0,12.2,26.3,3
2026-01-23T16:00,Leuven,8.8,1.0,1.0,12.2,25.9,55
2026-01-23T17:00,Leuven,8.8,0.0,0.0,13.2,25.9,3
2026-01-23T18:00,Leuven,8.4,0.0,0.0,13.0,25.6,3
2026-01-23T19:00,Leuven,7.8,0.0,0.0,13.4,26.3,3
2026-01-23T20:00,Leuven,7.4,0.1,0.1,12.0,26.3,51
2026-01-23T21:00,Leuven,7.1,0.2,0.2,12.0,23.8,51
2026-01-23T22:00,Leuven,5.7,0.0,0.0,11.1,22.3,3
2026-01-23T23:00,Leuven,5.9,0.0,0.0,12.2,22.7,3
2026-01-24T00:00,Leuven,5.9,0.0,0.0,11.6,23.0,3
2026-01-24T01:00,Leuven,5.5,0.0,0.0,10.7,21.6,3
2026-01-24T02:00,Leuven,4.9,0.0,0.0,11.4,20.9,2
2026-01-24T03:00,Leuven,4.8,0.0,0.0,10.8,21.2,3
2026-01-24T04:00,Leuven,5.2,0.0,0.0,9.2,20.5,3
2026-01-24T05:00,Leuven,4.7,0.0,0.0,10.7,19.8,3
2026-01-24T06:00,Leuven,4.7,0.0,0.0,10.2,20.2,3
2026-01-24T07:00,Leuven,4.5,0.0,0.0,10.1,19.4,3
2026-01-24T08:00,Leuven,4.0,0.0,0.0,10.4,19.1,0
2026-01-24T09:00,Leuven,3.5,0.0,0.0,10.4,19.1,0
2026-01-24T10:00,Leuven,3.3,0.0,0.0,10.3,19.8,0
2026-01-24T11:00,Leuven,4.4,0.0,0.0,10.9,20.2,0
2026-01-24T12:00,Leuven,6.0,0.0,0.0,9.2,20.2,2
2026-01-24T13:00,Leuven,7.5,0.0,0.0,8.3,21.2,2
2026-01-24T14:00,Leuven,8.6,0.0,0.0,8.8,20.2,3
2026-01-24T15:00,Leuven,9.3,0.0,0.0,8.8,21.6,2
2026-01-24T16:00,Leuven,9.2,0.0,0.0,8.9,20.9,2
2026-01-24T17:00,Leuven,8.4,0.0,0.0,9.6,20.9,3
2026-01-24T18:00,Leuven,6.7,0.0,0.0,9.5,19.4,3
2026-01-24T19:00,Leuven,5.3,0.0,0.0,9.8,18.4,0
2026-01-24T20:00,Leuven,4.4,0.0,0.0,8.4,18.4,0
2026-01-24T21:00,Leuven,3.6,0.0,0.0,7.9,15.5,3
2026-01-24T22:00,Leuven,2.9,0.0,0.0,8.4,16.2,3
2026-01-24T23:00,Leuven,2.5,0.0,0.0,7.4,15.8,3
2026-01-25T00:00,Leuven,2.1,0.0,0.0,6.9,13.7,3
2026-01-25T01:00,Leuven,1.7,0.0,0.0,6.6,13.0,0
2026-01-25T02:00,Leuven,0.9,0.0,0.0,5.4,12.2,3
2026-01-25T03:00,Leuven,0.3,0.0,0.0,5.5,10.1,0
2026-01-25T04:00,Leuven,0.5,0.0,0.0,7.1,13.3,0
2026-01-25T05:00,Leuven,0.4,0.0,0.0,7.6,14.0,1
2026-01-25T06:00,Leuven,0.3,0.0,0.0,8.9,16.2,2
2026-01-25T07:00,Leuven,-0.1,0.0,0.0,7.9,16.2,2
2026-01-25T08:00,Leuven,-0.4,0.0,0.0,8.0,15.8,1
2026-01-25T09:00,Leuven,-0.8,0.0,0.0,8.6,15.8,0
2026-01-25T10:00,Leuven,-0.6,0.0,0.0,7.9,15.8,0
2026-01-25T11:00,Leuven,1.1,0.0,0.0,9.6,16.6,0
2026-01-25T12:00,Leuven,3.3,0.0,0.0,5.9,16.6,0
2026-01-25T13:00,Leuven,5.0,0.0,0.0,5.5,15.8,0
2026-01-25T14:00,Leuven,5.1,0.0,0.0,5.9,16.2,1
2026-01-25T15:00,Leuven,5.7,0.0,0.0,5.5,16.2,0
2026-01-25T16:00,Leuven,5.9,0.0,0.0,5.8,15.8,0
2026-01-25T17:00,Leuven,5.5,0.0,0.0,6.6,15.5,0
2026-01-25T18:00,Leuven,3.9,0.0,0.0,7.3,14.0,0
2026-01-25T19:00,Leuven,2.4,0.0,0.0,9.4,17.6,2
2026-01-25T20:00,Leuven,2.0,0.0,0.0,10.0,18.7,3
2026-01-25T21:00,Leuven,1.7,0.0,0.0,9.2,19.8,3
2026-01-25T22:00,Leuven,1.4,0.0,0.0,7.4,17.6,3
2026-01-25T23:00,Leuven,1.3,0.0,0.0,5.1,15.1,3
2026-01-26T00:00,Leuven,1.0,0.0,0.0,3.3,11.2,3
2026-01-26T01:00,Leuven,0.6,0.0,0.0,4.2,8.3,3
2026-01-26T02:00,Leuven,-1.7,0.0,0.0,5.6,11.5,2
2026-01-26T03:00,Leuven,-2.4,0.0,0.0,3.9,10.8,0
2026-01-26T04:00,Leuven,-2.1,0.0,0.0,5.0,9.7,3
2026-01-26T05:00,Leuven,-1.5,0.0,0.0,5.0,11.5,3
2026-01-26T06:00,Leuven,-1.4,0.0,0.0,5.5,12.2,2
2026-01-26T07:00,Leuven,-2.2,0.0,0.0,4.7,11.9,3
2026-01-26T08:00,Leuven,-2.3,0.0,0.0,6.1,9.7,3
2026-01-26T09:00,Leuven,-2.3,0.0,0.0,6.1,14.8,3
2026-01-26T10:00,Leuven,-1.8,0.0,0.0,5.4,14.4,3
2026-01-26T11:00,Leuven,-1.2,0.0,0.0,6.5,15.5,3
2026-01-26T12:00,Leuven,-0.5,0.0,0.0,5.7,15.8,3
2026-01-26T13:00,Leuven,0.3,0.0,0.0,6.3,16.2,3
2026-01-26T14:00,Leuven,0.2,0.0,0.0,6.4,18.7,3
2026-01-26T15:00,Leuven,0.7,0.0,0.0,7.0,17.3,3
2026-01-26T16:00,Leuven,1.2,0.0,0.0,6.8,18.0,3
2026-01-26T17:00,Leuven,1.2,0.0,0.0,8.6,19.4,3
2026-01-26T18:00,Leuven,0.6,0.0,0.0,1.9,18.7,3
2026-01-26T19:00,Leuven,0.2,0.0,0.0,0.2,2.5,3
2026-01-26T20:00,Leuven,0.0,0.0,0.0,3.8,2.2,3
2026-01-26T21:00,Leuven,0.1,0.0,0.0,4.0,7.6,3
2026-01-26T22:00,Leuven,0.1,0.0,0.0,6.3,11.9,3
2026-01-26T23:00,Leuven,0.0,0.0,0.0,7.9,14.8,3
2026-01-27T00:00,Leuven,0.3,0.0,0.0,9.1,16.9,3
2026-01-27T01:00,Leuven,0.1,0.0,0.0,9.6,20.9,3
2026-01-27T02:00,Leuven,1.0,0.0,0.0,9.4,18.4,3
2026-01-27T03:00,Leuven,1.7,0.0,0.0,11.6,22.7,3
2026-01-27T04:00,Leuven,1.9,0.0,0.0,11.6,22.3,3
2026-01-27T05:00,Leuven,2.2,0.0,0.0,12.1,23.4,3
2026-01-27T06:00,Leuven,1.8,0.0,0.0,11.6,23.0,3
2026-01-27T07:00,Leuven,1.9,0.0,0.0,12.8,24.5,3
2026-01-27T08:00,Leuven,1.9,0.0,0.0,15.3,27.7,3
2026-01-27T09:00,Leuven,2.4,0.0,0.0,15.4,29.9,3
2026-01-27T10:00,Leuven,2.9,0.0,0.0,16.1,30.2,3
2026-01-27T11:00,Leuven,3.6,0.0,0.0,15.9,33.8,3
2026-01-27T12:00,Leuven,4.4,0.1,0.1,14.9,31.0,51
2026-01-27T13:00,Leuven,5.2,0.2,0.2,16.5,31.3,51
2026-01-27T14:00,Leuven,4.6,0.4,0.4,17.4,32.4,51
2026-01-27T15:00,Leuven,4.9,2.0,2.0,16.8,33.8,61
2026-01-27T16:00,Leuven,4.9,0.7,0.7,14.2,31.7,53
2026-01-27T17:00,Leuven,4.9,2.2,2.2,13.4,25.9,61
2026-01-27T18:00,Leuven,5.1,2.1,2.1,14.4,27.0,61
2026-01-27T19:00,Leuven,5.3,1.2,1.2,12.4,26.6,55
2026-01-27T20:00,Leuven,5.5,0.7,0.7,13.3,24.8,53
2026-01-27T21:00,Leuven,5.6,0.4,0.4,10.8,24.1,51
2026-01-27T22:00,Leuven,5.5,0.0,0.0,11.5,20.5,2
2026-01-27T23:00,Leuven,5.1,0.0,0.0,11.7,20.9,3
2026-01-28T00:00,Leuven,5.6,0.3,0.3,13.6,24.8,51
2026-01-28T01:00,Leuven,5.0,0.0,0.0,10.9,24.5,3
2026-01-28T02:00,Leuven,5.0,0.0,0.0,10.5,19.1,3
2026-01-28T03:00,Leuven,5.0,0.0,0.0,8.1,17.6,3
2026-01-28T04:00,Leuven,4.5,0.0,0.0,9.3,16.6,3
2026-01-28T05:00,Leuven,4.7,0.0,0.0,6.8,16.9,3
2026-01-28T06:00,Leuven,4.3,0.0,0.0,5.5,11.9,3
2026-01-28T07:00,Leuven,4.0,0.0,0.0,4.5,9.4,3
2026-01-28T08:00,Leuven,3.9,0.0,0.0,7.7,13.7,3
2026-01-28T09:00,Leuven,3.9,0.0,0.0,5.5,13.0,3
2026-01-28T10:00,Leuven,3.8,0.0,0.0,2.2,9.4,3
2026-01-28T11:00,Leuven,4.2,0.0,0.0,2.8,6.5,3
2026-01-28T12:00,Leuven,5.2,0.0,0.0,4.5,11.5,3
2026-01-28T13:00,Leuven,6.2,0.0,0.0,8.1,18.7,3
2026-01-28T14:00,Leuven,6.0,0.0,0.0,7.6,19.4,3
2026-01-28T15:00,Leuven,5.9,0.0,0.0,6.9,16.6,3
2026-01-28T16:00,Leuven,6.1,0.0,0.0,6.4,16.6,3
2026-01-28T17:00,Leuven,6.0,0.0,0.0,8.1,17.3,3
2026-01-28T18:00,Leuven,5.7,0.0,0.0,7.8,17.6,3
2026-01-28T19:00,Leuven,5.6,0.0,0.0,8.0,15.5,3
2026-01-28T20:00,Leuven,5.2,0.0,0.0,7.4,15.5,3
2026-01-28T21:00,Leuven,4.9,0.0,0.0,6.5,14.8,3
2026-01-28T22:00,Leuven,4.6,0.0,0.0,8.2,16.6,3
2026-01-28T23:00,Leuven,4.0,0.0,0.0,8.3,17.3,3
2026-01-29T00:00,Leuven,3.2,0.0,0.0,8.3,19.1,3
2026-01-29T01:00,Leuven,2.7,0.0,0.0,7.2,17.6,3
2026-01-29T02:00,Leuven,2.5,0.0,0.0,7.2,15.8,3
2026-01-29T03:00,Leuven,1.9,0.0,0.0,7.6,16.6,3
2026-01-29T04:00,Leuven,1.5,0.0,0.0,7.9,17.3,3
2026-01-29T05:00,Leuven,1.2,0.0,0.0,7.2,17.3,3
2026-01-29T06:00,Leuven,1.1,0.0,0.0,5.7,15.8,3
2026-01-29T07:00,Leuven,1.0,0.0,0.0,4.9,12.6,3
2026-01-29T08:00,Leuven,1.0,0.0,0.0,4.5,10.8,3
2026-01-29T09:00,Leuven,0.9,0.0,0.0,4.0,10.1,3
2026-01-29T10:00,Leuven,0.8,0.0,0.0,4.4,10.4,3
2026-01-29T11:00,Leuven,1.0,0.0,0.0,3.7,11.5,3
2026-01-29T12:00,Leuven,1.3,0.0,0.0,2.4,12.2,3
2026-01-29T13:00,Leuven,1.8,0.0,0.0,1.9,10.8,3
2026-01-29T14:00,Leuven,1.4,0.0,0.0,4.4,13.3,3
2026-01-29T15:00,Leuven,2.2,0.0,0.0,4.0,13.7,3
2026-01-29T16:00,Leuven,2.5,0.0,0.0,2.7,13.0,3
2026-01-29T17:00,Leuven,2.6,0.0,0.0,1.4,10.4,3
2026-01-29T18:00,Leuven,2.7,0.0,0.0,3.1,7.9,3
2026-01-29T19:00,Leuven,2.3,0.0,0.0,5.5,10.1,3
2026-01-29T20:00,Leuven,1.8,0.0,0.0,7.2,13.3,3
2026-01-29T21:00,Leuven,1.6,0.0,0.0,8.4,16.6,3
2026-01-29T22:00,Leuven,1.3,0.0,0.0,7.4,16.6,3
2026-01-29T23:00,Leuven,1.4,0.0,0.0,7.5,14.4,3
2026-01-30T00:00,Leuven,1.3,0.0,0.0,6.6,14.4,1
2026-01-30T01:00,Leuven,-0.2,0.0,0.0,5.5,12.6,3
2026-01-30T02:00,Leuven,1.2,0.0,0.0,6.7,11.5,3
2026-01-30T03:00,Leuven,1.4,0.0,0.0,7.2,13.3,3
2026-01-30T04:00,Leuven,1.2,0.0,0.0,8.9,16.9,0
2026-01-30T05:00,Leuven,-0.2,0.0,0.0,9.9,18.4,0
2026-01-30T06:00,Leuven,-0.2,0.0,0.0,9.3,19.4,3
2026-01-30T07:00,Leuven,1.0,0.0,0.0,10.0,19.1,3
2026-01-30T08:00,Leuven,1.1,0.0,0.0,10.8,18.7,0
2026-01-30T09:00,Leuven,0.7,0.0,0.0,10.8,20.5,3
2026-01-30T10:00,Leuven,1.5,0.0,0.0,11.1,20.5,3
2026-01-30T11:00,Leuven,3.1,0.0,0.0,11.2,23.0,3
2026-01-30T12:00,Leuven,4.1,0.0,0.0,7.7,20.5,3
2026-01-30T13:00,Leuven,6.1,0.0,0.0,8.6,19.4,3
2026-01-30T14:00,Leuven,6.0,0.0,0.0,8.8,21.6,3
2026-01-30T15:00,Leuven,6.7,0.0,0.0,14.3,29.9,3
2026-01-30T16:00,Leuven,6.7,0.2,0.2,13.3,32.0,51
2026-01-30T17:00,Leuven,5.8,0.2,0.2,11.5,27.0,51
2026-01-30T18:00,Leuven,5.3,0.0,0.0,12.1,23.4,3
2026-01-30T19:00,Leuven,4.9,0.0,0.0,11.3,23.0,2
2026-01-30T20:00,Leuven,4.8,0.0,0.0,10.9,23.8,2
2026-01-30T21:00,Leuven,4.7,0.0,0.0,13.4,25.2,3
2026-01-30T22:00,Leuven,5.0,0.0,0.0,13.5,25.2,3
2026-01-30T23:00,Leuven,5.0,0.0,0.0,14.6,27.4,3
2026-01-31T00:00,Leuven,5.2,0.0,0.0,14.7,27.7,3
2026-01-31T01:00,Leuven,5.5,0.0,0.0,14.2,27.7,3
2026-01-31T02:00,Leuven,5.9,0.0,0.0,14.4,26.6,3
2026-01-31T03:00,Leuven,6.0,0.5,0.5,12.7,26.6,53
2026-01-31T04:00,Leuven,6.6,0.1,0.1,16.3,29.2,51
2026-01-31T05:00,Leuven,6.6,0.0,0.0,16.4,30.2,3
2026-01-31T06:00,Leuven,6.8,0.0,0.0,15.0,30.2,3
2026-01-31T07:00,Leuven,6.4,0.0,0.0,12.3,27.4,3
2026-01-31T08:00,Leuven,6.1,0.0,0.0,8.4,22.3,2
2026-01-31T09:00,Leuven,5.5,0.0,0.0,7.8,14.4,3
2026-01-31T10:00,Leuven,5.5,0.0,0.0,8.8,15.5,3
2026-01-31T11:00,Leuven,6.7,0.0,0.0,11.7,20.5,3
2026-01-31T12:00,Leuven,8.2,0.0,0.0,14.0,26.6,3
2026-01-31T13:00,Leuven,8.8,0.0,0.0,10.8,29.2,1
2026-01-31T14:00,Leuven,9.2,0.0,0.0,7.7,24.1,1
2026-01-31T15:00,Leuven,10.0,0.0,0.0,8.8,20.9,2
2026-01-31T16:00,Leuven,10.4,0.0,0.0,8.5,20.9,3
2026-01-31T17:00,Leuven,10.3,0.0,0.0,5.8,18.4,1
2026-01-31T18:00,Leuven,8.5,0.0,0.0,3.4,11.2,3
2026-01-31T19:00,Leuven,6.6,0.0,0.0,5.7,9.0,2
2026-01-31T20:00,Leuven,7.6,0.0,0.0,9.0,11.5,3
2026-01-31T21:00,Leuven,6.2,0.0,0.0,6.5,16.2,3
2026-01-31T22:00,Leuven,5.4,0.0,0.0,6.3,11.9,3
2026-01-31T23:00,Leuven,5.0,0.0,0.0,7.6,14.0,1
2026-02-01T00:00,Leuven,4.6,0.0,0.0,7.9,14.4,2
2026-02-01T01:00,Leuven,4.4,0.0,0.0,9.0,16.2,0
2026-02-01T02:00,Leuven,3.7,0.0,0.0,7.4,16.6,1
2026-02-01T03:00,Leuven,3.8,0.0,0.0,8.5,15.1,1
2026-02-01T04:00,Leuven,4.0,0.0,0.0,9.6,17.3,0
2026-02-01T05:00,Leuven,3.8,0.0,0.0,9.2,17.3,0
2026-02-01T06:00,Leuven,3.5,0.0,0.0,10.3,18.4,0
2026-02-01T07:00,Leuven,3.6,0.0,0.0,11.8,20.9,0
2026-02-01T08:00,Leuven,4.7,0.0,0.0,11.1,21.2,1
2026-02-01T09:00,Leuven,4.8,0.0,0.0,10.5,19.1,3
2026-02-01T10:00,Leuven,5.0,0.0,0.0,13.3,22.0,3
2026-02-01T11:00,Leuven,6.3,0.0,0.0,13.6,25.2,3
2026-02-01T12:00,Leuven,7.4,0.0,0.0,14.9,30.6,3
2026-02-01T13:00,Leuven,8.3,0.0,0.0,16.1,33.8,3
2026-02-01T14:00,Leuven,9.0,0.0,0.0,16.4,35.3,3
2026-02-01T15:00,Leuven,9.3,0.0,0.0,14.0,33.8,3
2026-02-01T16:00,Leuven,9.3,0.0,0.0,12.5,29.9,3
2026-02-01T17:00,Leuven,9.1,0.0,0.0,10.7,26.6,3
2026-02-01T18:00,Leuven,7.8,0.0,0.0,7.0,22.0,3
2026-02-01T19:00,Leuven,6.5,0.0,0.0,8.9,16.2,3
2026-02-01T20:00,Leuven,6.4,0.0,0.0,9.0,19.8,3
2026-02-01T21:00,Leuven,6.8,0.0,0.0,10.1,18.4,3
2026-02-01T22:00,Leuven,6.6,0.0,0.0,10.6,19.4,3
2026-02-01T23:00,Leuven,6.2,0.1,0.1,11.5,21.6,51
2026-02-02T00:00,Leuven,6.3,0.2,0.2,11.5,22.0,51
2026-02-02T01:00,Leuven,6.3,0.2,0.2,13.0,23.8,51
2026-02-02T02:00,Leuven,6.2,0.2,0.2,13.4,23.8,51
2026-02-02T03:00,Leuven,6.2,0.6,0.6,13.9,25.6,53
2026-02-02T04:00,Leuven,6.1,0.6,0.6,14.2,25.9,53
2026-02-02T05:00,Leuven,5.9,0.3,0.3,13.5,26.3,51
2026-02-02T06:00,Leuven,6.1,0.1,0.1,13.1,24.5,51
2026-02-02T07:00,Leuven,5.8,0.0,0.0,13.0,23.8,3
2026-02-02T08:00,Leuven,5.8,0.0,0.0,12.1,23.8,3
2026-02-02T09:00,Leuven,5.4,0.0,0.0,8.6,22.0,2
2026-02-02T10:00,Leuven,5.3,0.0,0.0,7.3,15.5,3
2026-02-02T11:00,Leuven,6.3,0.0,0.0,8.3,15.8,2
2026-02-02T12:00,Leuven,7.4,0.0,0.0,11.5,24.1,3
2026-02-02T13:00,Leuven,7.9,0.1,0.1,12.5,26.3,51
2026-02-02T14:00,Leuven,8.1,0.1,0.1,10.5,26.6,51
2026-02-02T15:00,Leuven,8.3,0.1,0.1,12.0,25.6,51
2026-02-02T16:00,Leuven,8.3,0.0,0.0,13.6,28.4,3
2026-02-02T17:00,Leuven,7.9,0.0,0.0,14.5,29.9,3
2026-02-02T18:00,Leuven,7.4,0.0,0.0,14.3,29.2,3
2026-02-02T19:00,Leuven,6.4,0.0,0.0,14.5,28.8,2
2026-02-02T20:00,Leuven,5.8,0.0,0.0,13.9,28.4,2
2026-02-02T21:00,Leuven,5.4,0.0,0.0,14.1,28.1,0
2026-02-02T22:00,Leuven,4.2,0.0,0.0,14.6,28.4,1
2026-02-02T23:00,Leuven,3.5,0.0,0.0,14.8,29.9,0
2026-02-03T00:00,Leuven,3.0,0.0,0.0,14.1,29.2,3
2026-02-03T01:00,Leuven,2.5,0.0,0.0,13.7,27.7,3
2026-02-03T02:00,Leuven,2.3,0.0,0.0,14.1,27.4,3
2026-02-03T03:00,Leuven,2.5,0.0,0.0,14.9,29.2,3
2026-02-03T04:00,Leuven,2.9,0.0,0.0,15.7,31.3,3
2026-02-03T05:00,Leuven,3.0,0.0,0.0,15.2,31.0,3
2026-02-03T06:00,Leuven,3.1,0.0,0.0,14.2,29.9,3
2026-02-03T07:00,Leuven,3.5,0.0,0.0,13.9,27.7,3
2026-02-03T08:00,Leuven,2.7,0.0,0.0,14.9,27.0,3
2026-02-03T09:00,Leuven,2.3,0.0,0.0,14.1,29.2,3
2026-02-03T10:00,Leuven,2.7,0.2,0.2,13.8,27.4,51
2026-02-03T11:00,Leuven,2.8,0.7,0.7,13.5,26.3,53
2026-02-03T12:00,Leuven,3.3,2.0,2.0,14.7,26.6,61
2026-02-03T13:00,Leuven,4.7,0.1,0.1,14.8,28.8,51
2026-02-03T14:00,Leuven,4.5,0.0,0.0,13.3,34.6,3
2026-02-03T15:00,Leuven,5.8,0.0,0.0,12.8,28.1,3
2026-02-03T16:00,Leuven,6.8,0.0,0.0,13.3,29.2,3
2026-02-03T17:00,Leuven,7.2,0.1,0.1,10.0,25.6,51
2026-02-03T18:00,Leuven,7.4,0.1,0.1,12.7,21.6,51
2026-02-03T19:00,Leuven,7.9,0.2,0.2,18.4,34.9,51
2026-02-03T20:00,Leuven,7.6,0.1,0.1,14.1,34.9,51
2026-02-03T21:00,Leuven,7.0,0.4,0.4,16.9,29.9,51
2026-02-03T22:00,Leuven,7.4,0.0,0.0,16.2,33.1,2
2026-02-03T23:00,Leuven,6.9,0.0,0.0,17.1,31.7,2
2026-02-04T00:00,Leuven,6.3,0.0,0.0,15.9,31.7,3
2026-02-04T01:00,Leuven,6.1,0.0,0.0,15.0,29.5,1
2026-02-04T02:00,Leuven,6.9,0.0,0.0,12.2,28.1,2
2026-02-04T03:00,Leuven,6.8,0.0,0.0,12.3,23.8,0
2026-02-04T04:00,Leuven,6.0,0.0,0.0,12.5,23.8,1
2026-02-04T05:00,Leuven,5.6,0.0,0.0,12.4,23.8,0
2026-02-04T06:00,Leuven,5.0,0.0,0.0,10.8,23.4,0
2026-02-04T07:00,Leuven,4.4,0.0,0.0,10.5,20.2,0
2026-02-04T08:00,Leuven,4.5,0.0,0.0,10.1,19.4,0
2026-02-04T09:00,Leuven,4.2,0.0,0.0,11.1,19.8,0
2026-02-04T10:00,Leuven,4.2,0.0,0.0,10.3,19.8,0
2026-02-04T11:00,Leuven,5.5,0.0,0.0,10.9,20.2,0
2026-02-04T12:00,Leuven,7.1,0.0,0.0,9.7,25.2,0
2026-02-04T13:00,Leuven,8.5,0.0,0.0,10.5,24.8,0
2026-02-04T14:00,Leuven,10.2,0.1,0.1,11.6,24.8,51
2026-02-04T15:00,Leuven,11.0,0.0,0.0,12.2,27.4,3
2026-02-04T16:00,Leuven,11.2,0.0,0.0,11.9,27.7,3
2026-02-04T17:00,Leuven,10.8,0.0,0.0,10.6,26.3,3
2026-02-04T18:00,Leuven,9.5,0.0,0.0,11.7,22.3,3
2026-02-04T19:00,Leuven,8.1,0.0,0.0,14.3,26.6,3
2026-02-04T20:00,Leuven,7.2,0.0,0.0,17.4,33.1,3
2026-02-04T21:00,Leuven,6.5,0.0,0.0,16.8,33.8,0
2026-02-04T22:00,Leuven,5.5,0.0,0.0,17.0,33.1,0
2026-02-04T23:00,Leuven,4.8,0.0,0.0,14.4,32.8,0
2026-02-05T00:00,Leuven,4.1,0.0,0.0,14.2,27.7,0
2026-02-05T01:00,Leuven,3.7,0.0,0.0,13.9,27.7,1
2026-02-05T02:00,Leuven,3.3,0.0,0.0,13.2,26.6,2
2026-02-05T03:00,Leuven,2.9,0.0,0.0,13.0,24.8,2
2026-02-05T04:00,Leuven,2.3,0.0,0.0,13.9,26.3,3
2026-02-05T05:00,Leuven,2.1,0.0,0.0,13.4,26.6,2
2026-02-05T06:00,Leuven,1.9,0.0,0.0,12.1,25.9,3
2026-02-05T07:00,Leuven,2.2,0.0,0.0,11.0,23.0,3
2026-02-05T08:00,Leuven,2.0,0.0,0.0,10.9,22.7,3
2026-02-05T09:00,Leuven,1.9,0.0,0.0,10.3,20.9,3
2026-02-05T10:00,Leuven,2.4,0.1,0.1,11.5,21.6,51
2026-02-05T11:00,Leuven,4.5,0.0,0.0,13.0,24.8,2
2026-02-05T12:00,Leuven,7.4,0.0,0.0,12.6,29.9,3
2026-02-05T13:00,Leuven,8.7,0.0,0.0,12.1,27.0,3
2026-02-05T14:00,Leuven,7.3,0.0,0.0,9.6,29.5,3
2026-02-05T15:00,Leuven,8.0,0.1,0.1,14.1,29.2,51
2026-02-05T16:00,Leuven,8.0,0.0,0.0,12.9,32.8,2
2026-02-05T17:00,Leuven,8.2,0.3,0.3,11.2,27.7,51
2026-02-05T18:00,Leuven,8.2,0.0,0.0,10.4,22.3,3
2026-02-05T19:00,Leuven,7.3,0.0,0.0,9.1,20.2,3
2026-02-05T20:00,Leuven,6.2,0.1,0.1,11.6,19.4,51
2026-02-05T21:00,Leuven,6.3,0.0,0.0,11.1,21.6,3
2026-02-05T22:00,Leuven,6.2,0.0,0.0,10.7,20.2,3
2026-02-05T23:00,Leuven,6.1,0.1,0.1,10.5,19.4,51
2026-02-06T00:00,Leuven,6.2,0.1,0.1,9.9,18.7,51
2026-02-06T01:00,Leuven,6.2,0.0,0.0,10.2,18.0,3
2026-02-06T02:00,Leuven,5.4,0.0,0.0,8.7,19.4,3
2026-02-06T03:00,Leuven,5.3,0.0,0.0,8.0,16.2,3
2026-02-06T04:00,Leuven,5.9,0.2,0.2,9.0,17.6,51
2026-02-06T05:00,Leuven,5.7,0.1,0.1,9.2,16.6,51
2026-02-06T06:00,Leuven,5.4,0.0,0.0,9.1,16.6,3
2026-02-06T07:00,Leuven,5.9,0.1,0.1,10.8,19.1,51
2026-02-06T08:00,Leuven,5.9,0.4,0.4,10.9,23.8,51
2026-02-06T09:00,Leuven,6.0,0.2,0.2,12.3,22.3,51
2026-02-06T10:00,Leuven,6.2,0.1,0.1,13.5,23.8,51
2026-02-06T11:00,Leuven,6.9,0.0,0.0,13.9,25.2,3
2026-02-06T12:00,Leuven,7.2,0.2,0.2,14.0,26.3,51
2026-02-06T13:00,Leuven,7.9,0.1,0.1,14.4,27.0,51
2026-02-06T14:00,Leuven,8.0,0.0,0.0,9.6,28.1,3
2026-02-06T15:00,Leuven,9.1,0.0,0.0,11.0,20.9,3
2026-02-06T16:00,Leuven,10.1,0.1,0.1,12.7,24.8,51
2026-02-06T17:00,Leuven,10.4,0.2,0.2,10.3,25.2,51
2026-02-06T18:00,Leuven,10.0,0.2,0.2,10.1,19.1,51
2026-02-06T19:00,Leuven,8.4,0.5,0.5,8.7,18.4,53
2026-02-06T20:00,Leuven,8.5,0.0,0.0,10.3,19.4,3
2026-02-06T21:00,Leuven,7.9,0.0,0.0,12.1,20.2,3
2026-02-06T22:00,Leuven,7.5,0.0,0.0,10.2,23.4,3
2026-02-06T23:00,Leuven,7.2,0.0,0.0,12.5,22.3,2
2026-02-07T00:00,Leuven,6.9,0.0,0.0,12.8,23.0,1
2026-02-07T01:00,Leuven,6.7,0.0,0.0,13.4,24.1,1
2026-02-07T02:00,Leuven,7.7,0.0,0.0,11.9,24.8,3
2026-02-07T03:00,Leuven,7.6,0.0,0.0,12.3,22.0,3
2026-02-07T04:00,Leuven,7.2,0.0,0.0,12.3,23.4,2
2026-02-07T05:00,Leuven,6.4,0.0,0.0,11.8,22.3,0
2026-02-07T06:00,Leuven,6.0,0.0,0.0,11.9,21.2,0
2026-02-07T07:00,Leuven,5.6,0.0,0.0,11.5,21.2,0
2026-02-07T08:00,Leuven,5.6,0.0,0.0,11.9,20.9,0
2026-02-07T09:00,Leuven,5.1,0.0,0.0,10.6,20.5,1
2026-02-07T10:00,Leuven,5.6,0.0,0.0,11.7,20.2,3
2026-02-07T11:00,Leuven,7.1,0.0,0.0,13.6,24.1,3
2026-02-07T12:00,Leuven,8.7,0.0,0.0,10.9,24.8,1
2026-02-07T13:00,Leuven,10.3,0.0,0.0,16.6,32.8,2
2026-02-07T14:00,Leuven,11.4,0.0,0.0,16.2,38.2,2
2026-02-07T15:00,Leuven,11.9,0.0,0.0,19.0,41.0,1
2026-02-07T16:00,Leuven,12.0,0.0,0.0,16.0,40.3,2
2026-02-07T17:00,Leuven,11.4,0.0,0.0,13.0,34.6,3
2026-02-07T18:00,Leuven,10.4,0.0,0.0,11.2,26.3,3
2026-02-07T19:00,Leuven,8.4,0.0,0.0,8.7,21.6,3
2026-02-07T20:00,Leuven,8.3,0.0,0.0,11.0,21.2,3
2026-02-07T21:00,Leuven,7.5,0.0,0.0,10.9,20.9,3
2026-02-07T22:00,Leuven,7.2,0.0,0.0,11.8,22.3,3
2026-02-07T23:00,Leuven,7.0,0.0,0.0,11.9,22.3,3
2026-02-08T00:00,Leuven,6.9,0.0,0.0,12.2,23.0,3
2026-02-08T01:00,Leuven,6.4,0.0,0.0,11.2,23.0,0
2026-02-08T02:00,Leuven,6.1,0.0,0.0,10.0,20.9,0
2026-02-08T03:00,Leuven,5.4,0.0,0.0,9.6,18.4,0
2026-02-08T04:00,Leuven,4.9,0.0,0.0,9.5,17.6,0
2026-02-08T05:00,Leuven,4.6,0.0,0.0,9.4,17.3,1
2026-02-08T06:00,Leuven,4.2,0.0,0.0,8.7,17.3,2
2026-02-08T07:00,Leuven,3.9,0.0,0.0,8.7,15.8,2
2026-02-08T08:00,Leuven,3.9,0.0,0.0,8.9,16.9,0
2026-02-08T09:00,Leuven,3.5,0.0,0.0,8.0,15.8,1
2026-02-08T10:00,Leuven,3.9,0.0,0.0,8.0,14.4,1
2026-02-08T11:00,Leuven,5.9,0.0,0.0,8.7,16.2,0
2026-02-08T12:00,Leuven,8.3,0.0,0.0,6.2,16.6,0
2026-02-08T13:00,Leuven,10.7,0.0,0.0,5.6,15.8,0
2026-02-08T14:00,Leuven,11.6,0.0,0.0,6.2,17.3,0
2026-02-08T15:00,Leuven,12.2,0.0,0.0,7.5,22.0,1
2026-02-08T16:00,Leuven,12.2,0.0,0.0,8.6,22.7,0
2026-02-08T17:00,Leuven,11.6,0.0,0.0,7.3,19.8,1
2026-02-08T18:00,Leuven,10.2,0.0,0.0,7.1,14.0,0
2026-02-08T19:00,Leuven,8.1,0.0,0.0,9.3,16.9,0
2026-02-08T20:00,Leuven,6.7,0.0,0.0,10.0,18.7,3
2026-02-08T21:00,Leuven,5.8,0.0,0.0,8.5,18.4,3
2026-02-08T22:00,Leuven,5.0,0.0,0.0,7.7,15.8,3
2026-02-08T23:00,Leuven,4.1,0.0,0.0,6.3,14.0,2
2026-02-09T00:00,Leuven,4.3,0.0,0.0,9.3,16.6,0
2026-02-09T01:00,Leuven,3.8,0.0,0.0,10.1,18.7,1
2026-02-09T02:00,Leuven,3.3,0.0,0.0,8.2,18.7,3
2026-02-09T03:00,Leuven,3.0,0.0,0.0,8.5,15.5,3
2026-02-09T04:00,Leuven,2.8,0.0,0.0,9.7,17.6,3
2026-02-09T05:00,Leuven,2.4,0.0,0.0,9.6,18.0,3
2026-02-09T06:00,Leuven,2.5,0.0,0.0,9.1,17.6,3
2026-02-09T07:00,Leuven,3.2,0.0,0.0,8.9,17.6,3
2026-02-09T08:00,Leuven,3.5,0.0,0.0,8.1,16.2,3
2026-02-09T09:00,Leuven,3.2,0.0,0.0,7.3,14.4,3
2026-02-09T10:00,Leuven,3.5,0.0,0.0,9.4,15.8,3
2026-02-09T11:00,Leuven,4.5,0.0,0.0,13.8,28.1,3
2026-02-09T12:00,Leuven,5.5,0.0,0.0,13.1,29.2,3
2026-02-09T13:00,Leuven,6.5,0.0,0.0,12.7,28.8,3
2026-02-09T14:00,Leuven,6.5,0.0,0.0,12.5,28.8,3
2026-02-09T15:00,Leuven,7.7,0.0,0.0,12.3,28.1,3
2026-02-09T16:00,Leuven,8.5,0.0,0.0,13.0,28.1,3
2026-02-09T17:00,Leuven,8.4,0.0,0.0,12.3,28.1,3
2026-02-09T18:00,Leuven,8.2,0.0,0.0,10.0,27.4,3
2026-02-09T19:00,Leuven,7.1,0.0,0.0,10.0,20.2,2
2026-02-09T20:00,Leuven,4.9,0.0,0.0,10.0,20.5,3
2026-02-09T21:00,Leuven,4.2,0.0,0.0,9.5,19.1,3
2026-02-09T22:00,Leuven,3.8,0.0,0.0,10.6,19.4,2
2026-02-09T23:00,Leuven,4.1,0.0,0.0,12.1,22.3,0
2026-02-10T00:00,Leuven,4.3,0.0,0.0,14.3,26.6,0
2026-02-10T01:00,Leuven,4.3,0.0,0.0,14.8,28.4,3
2026-02-10T02:00,Leuven,4.1,0.0,0.0,13.9,28.1,1
2026-02-10T03:00,Leuven,4.1,0.0,0.0,14.4,27.4,3
2026-02-10T04:00,Leuven,4.4,0.0,0.0,13.5,27.7,3
2026-02-10T05:00,Leuven,4.8,0.0,0.0,12.9,25.9,3
2026-02-10T06:00,Leuven,5.5,0.0,0.0,12.1,24.8,3
2026-02-10T07:00,Leuven,5.9,0.0,0.0,13.7,25.9,3
2026-02-10T08:00,Leuven,5.8,0.0,0.0,12.3,26.3,3
2026-02-10T09:00,Leuven,6.1,0.0,0.0,12.0,23.8,3
2026-02-10T10:00,Leuven,6.6,0.1,0.1,12.4,23.0,51
2026-02-10T11:00,Leuven,7.5,0.0,0.0,14.1,26.6,3
2026-02-10T12:00,Leuven,9.1,0.0,0.0,14.9,29.5,3
2026-02-10T13:00,Leuven,11.0,0.0,0.0,19.5,40.7,3
2026-02-10T14:00,Leuven,10.2,0.0,0.0,13.3,40.7,3
2026-02-10T15:00,Leuven,11.3,0.1,0.1,17.3,35.3,51
2026-02-10T16:00,Leuven,10.7,0.1,0.1,14.0,35.6,51
2026-02-10T17:00,Leuven,10.9,0.0,0.0,12.5,27.4,3
2026-02-10T18:00,Leuven,10.2,0.3,0.3,14.2,27.0,51
2026-02-10T19:00,Leuven,9.1,0.0,0.0,10.3,26.6,3
2026-02-10T20:00,Leuven,8.2,0.0,0.0,11.5,20.5,3
2026-02-10T21:00,Leuven,8.0,0.0,0.0,10.5,20.2,3
2026-02-10T22:00,Leuven,7.7,0.0,0.0,11.2,20.2,3
2026-02-10T23:00,Leuven,8.3,0.0,0.0,12.6,22.0,3
2026-02-11T00:00,Leuven,8.5,0.6,0.6,12.9,24.1,53
2026-02-11T01:00,Leuven,8.6,0.5,0.5,13.5,24.8,53
2026-02-11T02:00,Leuven,8.7,1.1,1.1,5.0,24.8,55
2026-02-11T03:00,Leuven,9.0,0.1,0.1,5.4,9.0,51
2026-02-11T04:00,Leuven,9.0,0.1,0.1,9.2,15.8,51
2026-02-11T05:00,Leuven,9.3,0.6,0.6,11.2,19.8,53
2026-02-11T06:00,Leuven,9.3,0.1,0.1,12.9,24.8,51
2026-02-11T07:00,Leuven,9.3,0.0,0.0,13.4,24.8,3
2026-02-11T08:00,Leuven,10.0,0.4,0.4,14.2,28.8,51
2026-02-11T09:00,Leuven,9.5,0.3,0.3,15.5,29.2,51
2026-02-11T10:00,Leuven,9.9,0.2,0.2,15.0,28.4,51
2026-02-11T11:00,Leuven,10.5,0.2,0.2,15.6,29.9,51
2026-02-11T12:00,Leuven,11.2,0.3,0.3,15.8,37.1,51
2026-02-11T13:00,Leuven,11.8,0.1,0.1,19.9,42.1,51
2026-02-11T14:00,Leuven,11.1,0.1,0.1,13.6,45.7,51
2026-02-11T15:00,Leuven,10.7,0.6,0.6,24.0,43.2,53
2026-02-11T16:00,Leuven,11.3,1.4,1.4,20.8,46.1,61
2026-02-11T17:00,Leuven,11.5,0.0,0.0,21.4,45.0,2
2026-02-11T18:00,Leuven,10.9,0.0,0.0,20.3,43.2,3
2026-02-11T19:00,Leuven,10.1,0.0,0.0,19.2,40.7,3
2026-02-11T20:00,Leuven,9.3,0.0,0.0,13.5,38.2,3
2026-02-11T21:00,Leuven,9.3,0.0,0.0,13.7,27.0,3
2026-02-11T22:00,Leuven,8.9,0.0,0.0,14.2,27.0,3
2026-02-11T23:00,Leuven,9.1,0.0,0.0,14.9,30.6,3
2026-02-12T00:00,Leuven,8.9,0.2,0.2,12.5,28.8,51
2026-02-12T01:00,Leuven,8.3,1.8,1.8,10.6,23.4,61
2026-02-12T02:00,Leuven,8.6,3.7,3.7,15.5,31.0,63
2026-02-12T03:00,Leuven,8.9,2.6,2.6,11.7,29.5,63
2026-02-12T04:00,Leuven,8.8,1.4,1.4,8.0,21.6,61
2026-02-12T05:00,Leuven,8.5,2.2,2.2,3.9,14.0,61
2026-02-12T06:00,Leuven,8.4,1.2,1.2,3.1,6.5,55
2026-02-12T07:00,Leuven,8.3,0.8,0.8,7.3,11.9,53
2026-02-12T08:00,Leuven,8.6,0.3,0.3,15.0,23.8,51
2026-02-12T09:00,Leuven,7.8,0.2,0.2,19.9,40.3,51
2026-02-12T10:00,Leuven,7.8,0.0,0.0,19.2,39.2,3
2026-02-12T11:00,Leuven,8.2,0.0,0.0,14.8,36.4,3
2026-02-12T12:00,Leuven,8.8,0.9,0.9,17.3,38.2,53
2026-02-12T13:00,Leuven,9.1,0.3,0.3,16.1,36.7,51
2026-02-12T14:00,Leuven,10.0,0.1,0.1,20.5,42.8,51
2026-02-12T15:00,Leuven,9.4,0.0,0.0,17.5,43.9,3
2026-02-12T16:00,Leuven,10.0,0.0,0.0,16.7,36.0,3
2026-02-12T17:00,Leuven,10.4,0.4,0.4,17.2,42.8,51
2026-02-12T18:00,Leuven,8.8,2.2,2.2,14.4,37.1,61
2026-02-12T19:00,Leuven,8.0,0.0,0.0,11.2,26.6,2
2026-02-12T20:00,Leuven,8.2,0.2,0.2,11.7,20.9,51
2026-02-12T21:00,Leuven,7.7,0.0,0.0,11.5,24.5,1
2026-02-12T22:00,Leuven,7.3,0.0,0.0,12.0,22.3,3
2026-02-12T23:00,Leuven,7.4,0.1,0.1,11.3,23.4,51
2026-02-13T00:00,Leuven,7.5,0.8,0.8,11.9,22.0,53
2026-02-13T01:00,Leuven,7.1,0.5,0.5,14.2,30.6,53
2026-02-13T02:00,Leuven,6.6,0.2,0.2,14.1,32.8,51
2026-02-13T03:00,Leuven,6.3,0.1,0.1,13.6,27.4,51
2026-02-13T04:00,Leuven,6.1,0.0,0.0,12.1,25.6,3
2026-02-13T05:00,Leuven,5.8,0.0,0.0,9.0,23.0,3
2026-02-13T06:00,Leuven,5.9,0.0,0.0,7.0,16.9,3
2026-02-13T07:00,Leuven,6.2,0.1,0.1,5.6,12.6,51
2026-02-13T08:00,Leuven,6.0,0.1,0.1,0.9,13.3,51
2026-02-13T09:00,Leuven,6.1,0.0,0.0,0.7,2.9,3
2026-02-13T10:00,Leuven,6.3,0.4,0.4,3.8,7.6,51
2026-02-13T11:00,Leuven,6.4,0.8,0.8,3.2,9.0,53
2026-02-13T12:00,Leuven,7.0,0.3,0.3,1.5,8.6,51
2026-02-13T13:00,Leuven,7.4,0.1,0.1,1.9,8.3,51
2026-02-13T14:00,Leuven,8.0,0.2,0.2,5.3,14.0,51
2026-02-13T15:00,Leuven,7.1,0.3,0.3,11.5,23.8,51
2026-02-13T16:00,Leuven,6.7,0.3,0.3,12.4,27.7,51
2026-02-13T17:00,Leuven,6.4,0.0,0.0,10.0,26.6,3
2026-02-13T18:00,Leuven,6.4,0.0,0.0,10.7,20.5,3
2026-02-13T19:00,Leuven,6.0,0.0,0.0,11.5,22.0,3
2026-02-13T20:00,Leuven,5.2,0.0,0.0,13.1,27.7,3
2026-02-13T21:00,Leuven,4.5,0.0,0.0,14.6,29.5,3
2026-02-13T22:00,Leuven,3.6,0.0,0.0,14.3,30.6,3
2026-02-13T23:00,Leuven,3.0,0.0,0.0,13.7,31.0,3
2026-02-14T00:00,Leuven,2.6,0.0,0.0,14.9,32.0,3
2026-02-14T01:00,Leuven,2.2,0.0,0.0,16.6,34.2,3
2026-02-14T02:00,Leuven,1.7,0.0,0.0,17.3,35.6,3
2026-02-14T03:00,Leuven,1.3,0.0,0.0,16.6,35.6,3
2026-02-14T04:00,Leuven,1.4,0.0,0.0,16.8,34.6,3
2026-02-14T05:00,Leuven,1.3,0.0,0.0,16.9,37.8,3
2026-02-14T06:00,Leuven,0.6,0.0,0.0,17.0,37.8,3
2026-02-14T07:00,Leuven,0.4,0.0,0.0,17.0,35.6,3
2026-02-14T08:00,Leuven,0.2,0.0,0.0,15.9,34.9,3
2026-02-14T09:00,Leuven,0.2,0.0,0.0,15.5,33.1,3
2026-02-14T10:00,Leuven,0.3,0.0,0.0,16.8,33.8,3
2026-02-14T11:00,Leuven,0.6,0.0,0.0,17.5,36.0,3
2026-02-14T12:00,Leuven,1.1,0.0,0.0,18.7,39.2,3
2026-02-14T13:00,Leuven,1.3,0.0,0.0,17.3,39.6,3
2026-02-14T14:00,Leuven,1.5,0.0,0.0,18.1,37.1,3
2026-02-14T15:00,Leuven,1.8,0.0,0.0,17.3,38.5,3
2026-02-14T16:00,Leuven,2.5,0.0,0.0,17.0,37.8,1
2026-02-14T17:00,Leuven,2.5,0.0,0.0,14.2,36.4,0
2026-02-14T18:00,Leuven,1.9,0.0,0.0,10.5,29.9,0
2026-02-14T19:00,Leuven,-0.6,0.0,0.0,5.6,20.9,0
2026-02-14T20:00,Leuven,-0.8,0.0,0.0,6.3,11.9,1
2026-02-14T21:00,Leuven,-1.6,0.0,0.0,5.8,12.2,1
2026-02-14T22:00,Leuven,-2.3,0.0,0.0,3.4,10.4,0
2026-02-14T23:00,Leuven,-2.7,0.0,0.0,2.2,5.4,1
2026-02-15T00:00,Leuven,-3.1,0.0,0.0,1.5,3.6,3
2026-02-15T01:00,Leuven,-2.9,0.0,0.0,1.0,3.2,3
2026-02-15T02:00,Leuven,-3.4,0.0,0.0,3.6,4.3,3
2026-02-15T03:00,Leuven,-2.9,0.0,0.0,5.2,9.7,3
2026-02-15T04:00,Leuven,-2.6,0.0,0.0,5.3,10.1,3
2026-02-15T05:00,Leuven,-2.7,0.0,0.0,6.9,13.3,2
2026-02-15T06:00,Leuven,-2.9,0.0,0.0,9.1,16.9,0
2026-02-15T07:00,Leuven,-3.1,0.0,0.0,11.6,21.2,1
2026-02-15T08:00,Leuven,-3.1,0.0,0.0,11.9,23.4,0
2026-02-15T09:00,Leuven,-3.1,0.0,0.0,12.8,24.5,0
2026-02-15T10:00,Leuven,-1.8,0.0,0.0,15.5,28.8,0
2026-02-15T11:00,Leuven,-0.1,0.0,0.0,16.3,33.5,1
2026-02-15T12:00,Leuven,1.4,0.0,0.0,19.2,41.4,3
2026-02-15T13:00,Leuven,2.6,0.0,0.0,19.5,42.1,2
2026-02-15T14:00,Leuven,3.2,0.0,0.0,21.5,45.7,3
2026-02-15T15:00,Leuven,3.2,0.0,0.0,22.0,47.2,3
2026-02-15T16:00,Leuven,2.7,0.0,0.0,19.7,45.7,3
2026-02-15T17:00,Leuven,2.1,0.2,0.0,19.5,42.1,71
2026-02-15T18:00,Leuven,1.3,1.7,0.0,18.1,39.2,75
2026-02-15T19:00,Leuven,0.7,2.7,0.0,16.9,40.3,75
2026-02-15T20:00,Leuven,0.7,1.6,0.0,18.1,34.6,75
2026-02-15T21:00,Leuven,0.9,0.3,0.0,15.5,34.9,73
2026-02-15T22:00,Leuven,0.9,1.6,0.1,14.0,29.5,75
2026-02-15T23:00,Leuven,1.4,0.7,0.3,14.7,27.0,73
2026-02-16T00:00,Leuven,2.0,0.0,0.0,16.3,29.9,3
2026-02-16T01:00,Leuven,2.8,0.0,0.0,20.9,37.8,3
2026-02-16T02:00,Leuven,3.3,0.0,0.0,17.4,42.5,3
2026-02-16T03:00,Leuven,4.5,0.0,0.0,20.1,36.7,3
2026-02-16T04:00,Leuven,4.8,0.7,0.7,19.8,39.2,53
2026-02-16T05:00,Leuven,5.0,0.0,0.0,19.3,36.4,3
2026-02-16T06:00,Leuven,4.9,0.0,0.0,20.1,37.8,1
2026-02-16T07:00,Leuven,4.6,0.0,0.0,17.5,37.8,1
2026-02-16T08:00,Leuven,4.4,0.1,0.1,15.2,32.4,51
2026-02-16T09:00,Leuven,3.9,0.0,0.0,15.0,27.7,1
2026-02-16T10:00,Leuven,4.5,0.0,0.0,15.9,28.8,1
2026-02-16T11:00,Leuven,5.8,0.0,0.0,18.4,38.2,3
2026-02-16T12:00,Leuven,5.5,0.4,0.4,17.7,38.9,51
2026-02-16T13:00,Leuven,5.0,0.2,0.2,15.1,35.3,51
2026-02-16T14:00,Leuven,7.7,0.2,0.2,18.8,30.6,51
2026-02-16T15:00,Leuven,6.4,1.0,1.0,20.8,49.7,55
2026-02-16T16:00,Leuven,7.3,0.0,0.0,17.0,42.5,3
2026-02-16T17:00,Leuven,7.7,0.0,0.0,20.5,47.9,3
2026-02-16T18:00,Leuven,6.9,0.0,0.0,16.8,45.0,3
2026-02-16T19:00,Leuven,4.4,0.2,0.2,18.1,36.0,51
2026-02-16T20:00,Leuven,3.3,1.3,1.2,11.4,34.9,71
2026-02-16T21:00,Leuven,3.4,0.4,0.4,13.3,27.0,51
2026-02-16T22:00,Leuven,3.4,0.0,0.0,14.0,25.9,2
2026-02-16T23:00,Leuven,3.0,0.2,0.2,15.9,30.2,51
2026-02-17T00:00,Leuven,3.2,0.0,0.0,14.9,29.5,2
2026-02-17T01:00,Leuven,3.0,0.0,0.0,15.2,28.1,2
2026-02-17T02:00,Leuven,3.7,0.0,0.0,14.5,28.1,3
2026-02-17T03:00,Leuven,3.6,0.2,0.2,15.1,27.7,51
2026-02-17T04:00,Leuven,3.4,0.1,0.1,14.3,27.7,51
2026-02-17T05:00,Leuven,3.2,0.0,0.0,15.9,28.8,2
2026-02-17T06:00,Leuven,3.5,0.0,0.0,17.2,32.4,3
2026-02-17T07:00,Leuven,4.1,0.1,0.1,18.6,34.2,51
2026-02-17T08:00,Leuven,3.7,0.0,0.0,19.8,38.5,3
2026-02-17T09:00,Leuven,4.1,0.0,0.0,18.8,38.9,3
2026-02-17T10:00,Leuven,4.2,0.0,0.0,20.9,41.4,3
2026-02-17T11:00,Leuven,3.6,0.4,0.4,21.7,44.6,51
2026-02-17T12:00,Leuven,3.4,0.4,0.4,18.9,42.1,51
2026-02-17T13:00,Leuven,4.2,0.1,0.1,16.9,40.3,51
2026-02-17T14:00,Leuven,6.2,0.2,0.2,20.1,41.4,51
2026-02-17T15:00,Leuven,5.1,1.4,0.5,18.0,49.7,73
2026-02-17T16:00,Leuven,5.8,0.1,0.1,24.2,55.8,51
2026-02-17T17:00,Leuven,5.2,0.1,0.1,21.4,49.3,51
2026-02-17T18:00,Leuven,4.6,0.1,0.1,17.6,44.6,51
2026-02-17T19:00,Leuven,3.4,0.0,0.0,16.0,35.3,3
2026-02-17T20:00,Leuven,2.9,0.0,0.0,14.4,31.0,3
2026-02-17T21:00,Leuven,2.4,0.0,0.0,13.6,27.7,3
2026-02-17T22:00,Leuven,2.2,0.0,0.0,13.1,26.6,3
2026-02-17T23:00,Leuven,1.8,0.0,0.0,12.3,25.6,3
2026-02-18T00:00,Leuven,1.3,0.0,0.0,11.7,23.4,3
2026-02-18T01:00,Leuven,0.9,0.0,0.0,10.2,22.3,3
2026-02-18T02:00,Leuven,1.6,0.0,0.0,8.4,19.1,3
2026-02-18T03:00,Leuven,0.9,0.0,0.0,5.5,15.5,3
2026-02-18T04:00,Leuven,0.4,0.0,0.0,5.2,10.1,3
2026-02-18T05:00,Leuven,-0.3,0.0,0.0,2.8,9.7,3
2026-02-18T06:00,Leuven,-0.6,0.0,0.0,0.2,4.3,3
2026-02-18T07:00,Leuven,-1.0,0.0,0.0,4.1,7.2,3
2026-02-18T08:00,Leuven,-0.4,0.0,0.0,9.7,14.8,3
2026-02-18T09:00,Leuven,-0.3,0.0,0.0,10.1,18.7,3
2026-02-18T10:00,Leuven,0.4,0.0,0.0,11.9,23.4,3
2026-02-18T11:00,Leuven,1.5,0.0,0.0,17.3,34.6,3
2026-02-18T12:00,Leuven,3.2,0.0,0.0,18.3,38.5,3
2026-02-18T13:00,Leuven,4.4,0.0,0.0,16.4,38.5,3
2026-02-18T14:00,Leuven,4.9,0.0,0.0,17.1,36.0,2
2026-02-18T15:00,Leuven,6.4,0.0,0.0,18.9,41.4,3
2026-02-18T16:00,Leuven,6.8,0.0,0.0,19.6,41.8,3
2026-02-18T17:00,Leuven,6.6,0.0,0.0,20.9,43.2,3
2026-02-18T18:00,Leuven,5.9,0.0,0.0,18.1,43.2,3
2026-02-18T19:00,Leuven,5.2,0.0,0.0,19.8,39.6,3
2026-02-18T20:00,Leuven,4.8,0.0,0.0,20.7,40.3,3
2026-02-18T21:00,Leuven,4.7,0.0,0.0,21.3,43.2,3
2026-02-18T22:00,Leuven,4.6,0.1,0.1,20.8,42.8,51
2026-02-18T23:00,Leuven,2.6,1.0,0.9,19.9,43.6,71
2026-02-19T00:00,Leuven,1.8,2.2,1.3,21.7,41.4,73
2026-02-19T01:00,Leuven,2.2,0.7,0.7,21.0,41.4,53
2026-02-19T02:00,Leuven,2.4,0.6,0.6,20.4,39.6,53
2026-02-19T03:00,Leuven,2.6,0.4,0.4,19.0,38.2,51
2026-02-19T04:00,Leuven,3.0,0.8,0.8,17.5,36.0,53
2026-02-19T05:00,Leuven,3.4,0.7,0.7,16.5,32.8,53
2026-02-19T06:00,Leuven,3.6,0.7,0.7,16.5,31.0,53
2026-02-19T07:00,Leuven,3.7,0.8,0.8,15.9,31.0,53
2026-02-19T08:00,Leuven,3.4,1.3,1.3,16.3,29.5,61
2026-02-19T09:00,Leuven,3.5,0.3,0.3,16.8,30.6,51
2026-02-19T10:00,Leuven,3.7,0.0,0.0,16.3,31.0,3
2026-02-19T11:00,Leuven,4.7,0.0,0.0,15.7,31.7,3
2026-02-19T12:00,Leuven,6.1,0.0,0.0,14.2,32.4,3
2026-02-19T13:00,Leuven,7.4,0.0,0.0,14.1,31.7,3
2026-02-19T14:00,Leuven,7.3,0.0,0.0,16.6,31.7,3
2026-02-19T15:00,Leuven,8.2,0.0,0.0,15.4,35.6,3
2026-02-19T16:00,Leuven,8.7,0.0,0.0,14.1,33.8,3
2026-02-19T17:00,Leuven,8.4,0.0,0.0,13.1,30.2,3
2026-02-19T18:00,Leuven,7.7,0.0,0.0,11.5,28.4,3
2026-02-19T19:00,Leuven,6.5,0.0,0.0,9.8,23.4,3
2026-02-19T20:00,Leuven,5.7,0.0,0.0,9.8,19.1,3
2026-02-19T21:00,Leuven,5.6,0.0,0.0,9.2,19.1,3
2026-02-19T22:00,Leuven,5.2,0.0,0.0,8.0,17.3,3
2026-02-19T23:00,Leuven,4.8,0.0,0.0,7.6,14.8,3
2026-02-20T00:00,Leuven,4.8,0.0,0.0,7.0,14.8,3
2026-02-20T01:00,Leuven,4.8,0.0,0.0,5.5,13.3,3
2026-02-20T02:00,Leuven,3.7,0.0,0.0,2.8,10.4,3
2026-02-20T03:00,Leuven,4.1,0.0,0.0,4.2,7.6,3
2026-02-20T04:00,Leuven,4.5,0.0,0.0,5.0,8.6,3
2026-02-20T05:00,Leuven,5.0,0.0,0.0,8.2,14.8,3
2026-02-20T06:00,Leuven,5.1,0.0,0.0,9.2,17.3,3
2026-02-20T07:00,Leuven,5.3,0.0,0.0,10.8,20.2,3
2026-02-20T08:00,Leuven,5.2,0.1,0.1,11.5,21.2,51
2026-02-20T09:00,Leuven,5.0,0.0,0.0,10.8,22.3,3
2026-02-20T10:00,Leuven,5.2,0.0,0.0,11.0,22.0,3
2026-02-20T11:00,Leuven,5.8,0.0,0.0,12.8,26.6,3
2026-02-20T12:00,Leuven,6.4,0.0,0.0,14.4,30.6,3
2026-02-20T13:00,Leuven,7.2,0.0,0.0,14.9,33.8,3
2026-02-20T14:00,Leuven,7.6,0.0,0.0,18.4,35.6,3
2026-02-20T15:00,Leuven,7.7,0.0,0.0,16.0,39.2,3
2026-02-20T16:00,Leuven,8.4,0.0,0.0,19.8,41.4,3
2026-02-20T17:00,Leuven,9.3,0.0,0.0,16.6,40.0,3
2026-02-20T18:00,Leuven,8.7,0.0,0.0,15.2,33.5,3
2026-02-20T19:00,Leuven,8.4,0.0,0.0,18.3,36.0,3
2026-02-20T20:00,Leuven,8.1,1.7,1.7,19.6,43.6,61
2026-02-20T21:00,Leuven,8.4,0.0,0.0,21.4,42.5,3
2026-02-20T22:00,Leuven,8.5,0.1,0.1,26.2,52.6,51
2026-02-20T23:00,Leuven,8.8,0.0,0.0,27.0,53.6,2
2026-02-21T00:00,Leuven,8.0,0.2,0.2,23.4,54.7,51
2026-02-21T01:00,Leuven,8.3,0.0,0.0,21.9,46.4,2
2026-02-21T02:00,Leuven,9.0,0.1,0.1,22.2,43.6,51
2026-02-21T03:00,Leuven,9.1,0.0,0.0,19.6,43.2,3
2026-02-21T04:00,Leuven,8.6,0.0,0.0,19.1,38.9,3
2026-02-21T05:00,Leuven,8.4,0.0,0.0,18.5,37.8,3
2026-02-21T06:00,Leuven,8.2,0.0,0.0,18.2,36.7,3
2026-02-21T07:00,Leuven,8.1,0.0,0.0,17.2,36.4,3
2026-02-21T08:00,Leuven,8.3,0.1,0.1,15.1,34.2,51
2026-02-21T09:00,Leuven,8.3,0.3,0.3,17.0,33.1,51
2026-02-21T10:00,Leuven,7.7,1.5,1.5,10.4,32.4,61
2026-02-21T11:00,Leuven,8.0,1.0,1.0,10.2,19.1,55
2026-02-21T12:00,Leuven,8.5,1.1,1.1,11.7,20.2,55
2026-02-21T13:00,Leuven,9.8,0.3,0.3,19.2,36.4,51
2026-02-21T14:00,Leuven,10.3,0.2,0.2,18.5,38.9,51
2026-02-21T15:00,Leuven,10.3,0.1,0.1,17.9,36.4,51
2026-02-21T16:00,Leuven,12.2,0.0,0.0,16.7,41.8,3
2026-02-21T17:00,Leuven,12.3,0.0,0.0,21.0,47.2,3
2026-02-21T18:00,Leuven,11.6,0.0,0.0,18.7,44.3,3
2026-02-21T19:00,Leuven,11.2,0.0,0.0,16.2,37.8,3
2026-02-21T20:00,Leuven,10.5,0.1,0.1,16.3,36.0,51
2026-02-21T21:00,Leuven,10.5,0.8,0.8,17.9,35.3,53
2026-02-21T22:00,Leuven,11.1,0.0,0.0,22.2,42.5,3
2026-02-21T23:00,Leuven,11.5,0.0,0.0,21.1,42.5,3
2026-02-22T00:00,Leuven,11.5,0.4,0.4,20.0,40.7,51
2026-02-22T01:00,Leuven,11.3,1.3,1.3,18.8,37.8,61
2026-02-22T02:00,Leuven,11.4,1.1,1.1,19.0,37.8,55
2026-02-22T03:00,Leuven,11.3,0.1,0.1,19.1,36.4,51
2026-02-22T04:00,Leuven,11.2,0.2,0.2,20.4,38.2,51
2026-02-22T05:00,Leuven,11.2,0.1,0.1,21.6,41.0,51
2026-02-22T06:00,Leuven,11.2,0.1,0.1,21.9,41.8,51
2026-02-22T07:00,Leuven,11.4,0.0,0.0,23.3,45.0,3
2026-02-22T08:00,Leuven,11.5,0.3,0.3,21.1,45.0,51
2026-02-22T09:00,Leuven,11.6,0.0,0.0,21.2,42.1,3
2026-02-22T10:00,Leuven,11.6,0.2,0.2,23.1,44.6,51
2026-02-22T11:00,Leuven,11.3,0.5,0.5,23.8,45.7,53
2026-02-22T12:00,Leuven,11.4,1.0,1.0,24.7,47.5,55
2026-02-22T13:00,Leuven,11.7,0.5,0.5,25.6,49.0,53
2026-02-22T14:00,Leuven,11.8,0.6,0.6,24.2,50.8,53
2026-02-22T15:00,Leuven,12.1,0.4,0.4,24.2,47.5,51
2026-02-22T16:00,Leuven,11.7,0.4,0.4,21.8,46.8,51
2026-02-22T17:00,Leuven,11.3,1.3,1.3,20.5,41.4,61
2026-02-22T18:00,Leuven,10.9,3.5,3.5,21.8,41.8,63
2026-02-22T19:00,Leuven,10.5,1.2,1.2,21.0,42.5,55
2026-02-22T20:00,Leuven,10.6,0.1,0.1,19.1,40.0,51
2026-02-22T21:00,Leuven,10.9,0.0,0.0,20.9,40.3,3
2026-02-22T22:00,Leuven,10.8,0.1,0.1,20.3,40.3,51
2026-02-22T23:00,Leuven,10.8,0.1,0.1,22.2,42.8,51
2026-02-23T00:00,Leuven,10.0,0.0,0.0,19.9,43.6,3
2026-02-23T01:00,Leuven,9.2,0.0,0.0,19.6,39.6,3
2026-02-23T02:00,Leuven,9.0,0.0,0.0,18.4,38.9,0
2026-02-23T03:00,Leuven,8.5,0.0,0.0,17.9,36.7,3
2026-02-23T04:00,Leuven,8.2,0.0,0.0,18.7,36.7,3
2026-02-23T05:00,Leuven,8.2,0.0,0.0,19.2,38.5,3
2026-02-23T06:00,Leuven,8.4,0.0,0.0,20.0,40.7,3
2026-02-23T07:00,Leuven,8.3,0.0,0.0,19.1,40.3,3
2026-02-23T08:00,Leuven,8.4,0.0,0.0,18.5,39.6,3
2026-02-23T09:00,Leuven,8.4,0.0,0.0,20.0,40.3,3
2026-02-23T10:00,Leuven,8.8,0.1,0.1,26.7,52.6,51
2026-02-23T11:00,Leuven,9.2,0.2,0.2,26.9,53.6,51
2026-02-23T12:00,Leuven,9.4,0.2,0.2,25.8,61.9,51
2026-02-23T13:00,Leuven,10.6,0.0,0.0,28.4,56.9,3
2026-02-23T14:00,Leuven,11.5,0.0,0.0,31.3,60.1,3
2026-02-23T15:00,Leuven,12.3,0.8,0.8,28.8,63.4,53
2026-02-23T16:00,Leuven,12.0,0.0,0.0,25.7,59.0,3
2026-02-23T17:00,Leuven,11.1,0.1,0.1,22.7,52.9,51
2026-02-23T18:00,Leuven,10.5,0.1,0.1,24.9,50.0,51
2026-02-23T19:00,Leuven,10.2,0.1,0.1,19.6,48.6,51
2026-02-23T20:00,Leuven,10.1,0.0,0.0,19.4,38.9,3
2026-02-23T21:00,Leuven,9.8,0.1,0.1,20.1,41.4,51
2026-02-23T22:00,Leuven,9.7,0.1,0.1,18.6,40.0,51
2026-02-23T23:00,Leuven,9.5,0.2,0.2,16.8,36.4,51
2026-02-24T00:00,Leuven,9.4,0.2,0.2,13.4,32.0,51
2026-02-24T01:00,Leuven,9.3,0.4,0.4,12.5,25.6,51
2026-02-24T02:00,Leuven,9.1,0.5,0.5,11.2,23.8,53
2026-02-24T03:00,Leuven,9.3,0.1,0.1,11.8,20.9,51
2026-02-24T04:00,Leuven,9.6,0.1,0.1,11.8,21.6,51
2026-02-24T05:00,Leuven,9.8,0.0,0.0,11.4,20.9,3
2026-02-24T06:00,Leuven,10.3,0.0,0.0,14.0,25.9,3
2026-02-24T07:00,Leuven,10.5,0.0,0.0,12.5,26.3,3
2026-02-24T08:00,Leuven,10.4,0.0,0.0,9.4,22.3,3
2026-02-24T09:00,Leuven,10.4,0.0,0.0,9.6,16.9,3
2026-02-24T10:00,Leuven,10.8,0.0,0.0,11.6,21.2,3
2026-02-24T11:00,Leuven,11.2,0.0,0.0,11.1,23.4,3
2026-02-24T12:00,Leuven,12.0,0.1,0.1,11.0,24.5,51
2026-02-24T13:00,Leuven,12.6,0.1,0.1,10.3,23.4,51
2026-02-24T14:00,Leuven,12.8,0.1,0.1,9.8,22.0,51
2026-02-24T15:00,Leuven,12.9,0.0,0.0,9.2,20.9,3
2026-02-24T16:00,Leuven,13.2,0.0,0.0,7.7,20.2,3
2026-02-24T17:00,Leuven,13.5,0.0,0.0,7.8,17.6,3
2026-02-24T18:00,Leuven,13.4,0.0,0.0,5.8,18.0,3
2026-02-24T19:00,Leuven,12.8,0.0,0.0,5.4,11.5,3
2026-02-24T20:00,Leuven,12.2,0.0,0.0,5.8,12.2,3
2026-02-24T21:00,Leuven,11.8,0.0,0.0,7.4,13.3,3
2026-02-24T22:00,Leuven,11.8,0.0,0.0,7.4,14.8,3
2026-02-24T23:00,Leuven,11.8,0.0,0.0,7.1,13.7,3
2026-02-25T00:00,Leuven,11.5,0.0,0.0,7.2,13.7,1
2026-02-25T01:00,Leuven,10.4,0.0,0.0,7.3,13.7,0
2026-02-25T02:00,Leuven,11.0,0.0,0.0,7.2,16.6,0
2026-02-25T03:00,Leuven,10.2,0.0,0.0,7.3,13.3,0
2026-02-25T04:00,Leuven,9.5,0.0,0.0,7.2,13.3,0
2026-02-25T05:00,Leuven,9.0,0.0,0.0,7.3,13.0,0
2026-02-25T06:00,Leuven,8.2,0.0,0.0,6.3,13.0,0
2026-02-25T07:00,Leuven,7.5,0.0,0.0,6.5,10.8,0
2026-02-25T08:00,Leuven,8.1,0.0,0.0,9.0,13.7,0
2026-02-25T09:00,Leuven,8.2,0.0,0.0,8.8,15.5,0
2026-02-25T10:00,Leuven,9.9,0.0,0.0,11.0,18.4,2
2026-02-25T11:00,Leuven,12.1,0.0,0.0,8.4,20.2,0
2026-02-25T12:00,Leuven,14.2,0.0,0.0,7.3,18.4,0
2026-02-25T13:00,Leuven,16.2,0.0,0.0,8.7,21.6,0
2026-02-25T14:00,Leuven,17.9,0.0,0.0,8.9,23.0,0
2026-02-25T15:00,Leuven,18.9,0.0,0.0,9.7,23.0,1
2026-02-25T16:00,Leuven,19.2,0.0,0.0,11.0,24.5,0
2026-02-25T17:00,Leuven,18.9,0.0,0.0,10.6,24.8,0
2026-02-25T18:00,Leuven,17.8,0.0,0.0,8.6,21.6,0
2026-02-25T19:00,Leuven,15.0,0.0,0.0,8.1,16.9,0
2026-02-25T20:00,Leuven,13.8,0.0,0.0,9.9,17.6,0
2026-02-25T21:00,Leuven,13.5,0.0,0.0,11.4,20.9,2
2026-02-25T22:00,Leuven,12.6,0.0,0.0,12.5,23.0,0
2026-02-25T23:00,Leuven,12.1,0.0,0.0,13.6,25.2,0
2026-02-26T00:00,Leuven,11.7,0.0,0.0,13.9,25.9,0
2026-02-26T01:00,Leuven,11.3,0.0,0.0,13.6,25.9,0
2026-02-26T02:00,Leuven,11.1,0.0,0.0,13.5,25.9,3
2026-02-26T03:00,Leuven,11.1,0.0,0.0,13.6,25.6,1
2026-02-26T04:00,Leuven,11.1,0.0,0.0,13.5,25.6,0
2026-02-26T05:00,Leuven,11.0,0.0,0.0,12.7,25.2,0
2026-02-26T06:00,Leuven,10.5,0.0,0.0,11.1,23.8,0
2026-02-26T07:00,Leuven,10.0,0.0,0.0,10.7,20.5,1
2026-02-26T08:00,Leuven,9.8,0.0,0.0,9.7,20.2,0
2026-02-26T09:00,Leuven,9.5,0.0,0.0,10.2,18.4,1
2026-02-26T10:00,Leuven,10.6,0.0,0.0,11.7,22.0,0
2026-02-26T11:00,Leuven,12.3,0.0,0.0,10.1,22.7,0
2026-02-26T12:00,Leuven,14.1,0.0,0.0,10.6,24.8,1
2026-02-26T13:00,Leuven,15.6,0.0,0.0,12.4,28.8,3
2026-02-26T14:00,Leuven,16.5,0.0,0.0,11.4,29.5,2
2026-02-26T15:00,Leuven,17.6,0.0,0.0,14.4,31.7,3
2026-02-26T16:00,Leuven,17.7,0.0,0.0,17.3,36.7,2
2026-02-26T17:00,Leuven,17.3,0.0,0.0,17.9,37.8,1
2026-02-26T18:00,Leuven,16.5,0.0,0.0,15.9,36.4,0
2026-02-26T19:00,Leuven,15.2,0.0,0.0,14.3,32.0,3
2026-02-26T20:00,Leuven,13.7,0.0,0.0,12.0,28.1,3
2026-02-26T21:00,Leuven,13.4,0.0,0.0,14.5,27.7,3
2026-02-26T22:00,Leuven,13.1,0.0,0.0,16.8,32.4,2
2026-02-26T23:00,Leuven,13.0,0.0,0.0,17.4,34.6,0
2026-02-27T00:00,Leuven,12.4,0.0,0.0,16.2,34.6,0
2026-02-27T01:00,Leuven,11.9,0.0,0.0,15.5,31.7,3
2026-02-27T02:00,Leuven,11.6,0.0,0.0,15.0,30.6,3
2026-02-27T03:00,Leuven,11.3,0.0,0.0,14.2,29.5,3
2026-02-27T04:00,Leuven,10.9,0.0,0.0,13.5,27.7,3
2026-02-27T05:00,Leuven,10.4,0.0,0.0,12.6,26.3,3
2026-02-27T06:00,Leuven,10.0,0.0,0.0,13.2,24.8,0
2026-02-27T07:00,Leuven,9.9,0.0,0.0,14.3,27.4,0
2026-02-27T08:00,Leuven,10.2,0.0,0.0,14.8,31.3,0
2026-02-27T09:00,Leuven,10.6,0.0,0.0,16.7,32.4,0
2026-02-27T10:00,Leuven,11.7,0.0,0.0,17.2,33.5,0
2026-02-27T11:00,Leuven,13.2,0.0,0.0,15.0,34.2,0
2026-02-27T12:00,Leuven,14.5,0.0,0.0,16.6,35.6,0
2026-02-27T13:00,Leuven,15.5,0.0,0.0,19.7,41.8,0
2026-02-27T14:00,Leuven,16.3,0.0,0.0,18.1,43.2,1
2026-02-27T15:00,Leuven,16.4,0.0,0.0,18.3,41.0,3
2026-02-27T16:00,Leuven,15.8,0.0,0.0,17.1,40.0,3
2026-02-27T17:00,Leuven,15.6,0.0,0.0,13.9,35.3,3
2026-02-27T18:00,Leuven,15.5,0.0,0.0,16.7,34.2,3
2026-02-27T19:00,Leuven,13.6,0.5,0.5,16.2,33.8,53
2026-02-27T20:00,Leuven,12.1,0.3,0.3,15.3,30.6,51
2026-02-27T21:00,Leuven,12.1,0.0,0.0,17.6,33.1,3
2026-02-27T22:00,Leuven,12.0,0.0,0.0,18.7,36.7,3
2026-02-27T23:00,Leuven,11.7,0.5,0.5,19.9,37.8,53
2026-02-28T00:00,Leuven,11.2,0.9,0.9,20.4,38.9,53
2026-02-28T01:00,Leuven,11.2,0.4,0.4,19.4,38.5,51
2026-02-28T02:00,Leuven,11.3,0.4,0.4,18.5,36.4,51
2026-02-28T03:00,Leuven,11.3,0.1,0.1,18.8,35.6,51
2026-02-28T04:00,Leuven,10.9,0.0,0.0,18.3,35.6,3
2026-02-28T05:00,Leuven,10.2,0.0,0.0,17.7,35.3,3
2026-02-28T06:00,Leuven,10.1,0.0,0.0,19.3,37.8,3
2026-02-28T07:00,Leuven,9.6,0.0,0.0,20.0,39.6,3
2026-02-28T08:00,Leuven,10.2,0.0,0.0,19.2,39.6,3
2026-02-28T09:00,Leuven,10.1,0.0,0.0,20.8,41.4,2
2026-02-28T10:00,Leuven,10.5,0.0,0.0,23.2,46.8,1
2026-02-28T11:00,Leuven,11.0,0.0,0.0,27.2,57.6,1
2026-02-28T12:00,Leuven,11.2,0.0,0.0,30.1,62.3,3
2026-02-28T13:00,Leuven,11.1,0.0,0.0,30.7,64.8,2
2026-02-28T14:00,Leuven,11.0,0.0,0.0,33.1,78.1,3
2026-02-28T15:00,Leuven,10.7,0.1,0.1,28.9,67.3,51
2026-02-28T16:00,Leuven,10.0,0.1,0.1,29.1,61.6,51
2026-02-28T17:00,Leuven,9.6,0.0,0.0,22.5,63.4,1
2026-02-28T18:00,Leuven,9.9,0.0,0.0,20.2,47.2,0
2026-02-28T19:00,Leuven,9.3,0.0,0.0,16.6,42.1,1
2026-02-28T20:00,Leuven,8.4,0.0,0.0,12.8,33.1,1
2026-02-28T21:00,Leuven,8.0,0.0,0.0,15.4,29.9,0
2026-02-28T22:00,Leuven,7.2,0.0,0.0,14.5,30.2,0
2026-02-28T23:00,Leuven,6.3,0.0,0.0,13.0,28.8,0
2026-03-01T00:00,Leuven,5.7,0.0,0.0,12.6,25.2,0
2026-03-01T01:00,Leuven,5.2,0.0,0.0,11.7,24.5,0
2026-03-01T02:00,Leuven,5.0,0.0,0.0,12.1,23.0,0
2026-03-01T03:00,Leuven,4.8,0.0,0.0,11.3,22.7,2
2026-03-01T04:00,Leuven,4.7,0.0,0.0,11.0,21.6,2
2026-03-01T05:00,Leuven,4.3,0.0,0.0,10.2,20.5,0
2026-03-01T06:00,Leuven,3.8,0.0,0.0,10.4,19.4,0
2026-03-01T07:00,Leuven,3.9,0.0,0.0,12.3,23.0,0
2026-03-01T08:00,Leuven,4.4,0.0,0.0,13.7,24.8,0
2026-03-01T09:00,Leuven,4.9,0.0,0.0,15.3,28.8,0
2026-03-01T10:00,Leuven,6.8,0.0,0.0,15.5,32.4,0
2026-03-01T11:00,Leuven,8.5,0.0,0.0,14.8,31.0,3
2026-03-01T12:00,Leuven,9.9,0.0,0.0,15.9,34.6,0
2026-03-01T13:00,Leuven,11.4,0.0,0.0,18.6,40.0,0
2026-03-01T14:00,Leuven,12.3,0.0,0.0,24.2,45.0,3
2026-03-01T15:00,Leuven,12.3,0.0,0.0,21.1,50.4,3
2026-03-01T16:00,Leuven,11.5,0.0,0.0,18.3,44.3,3
2026-03-01T17:00,Leuven,12.7,0.0,0.0,20.6,43.9,3
2026-03-01T18:00,Leuven,12.0,0.0,0.0,15.5,41.4,3
2026-03-01T19:00,Leuven,11.4,0.0,0.0,14.7,31.3,3
2026-03-01T20:00,Leuven,10.8,0.0,0.0,14.1,29.2,3
2026-03-01T21:00,Leuven,10.5,0.0,0.0,14.3,28.1,2
2026-03-01T22:00,Leuven,9.9,0.0,0.0,13.8,27.7,3
2026-03-01T23:00,Leuven,9.6,0.0,0.0,13.6,27.0,1
2026-03-02T00:00,Leuven,8.4,0.0,0.0,12.5,26.3,1
2026-03-02T01:00,Leuven,7.7,0.0,0.0,12.1,23.8,1
2026-03-02T02:00,Leuven,7.1,0.0,0.0,11.4,22.7,0
2026-03-02T03:00,Leuven,6.9,0.0,0.0,11.6,21.6,1
2026-03-02T04:00,Leuven,6.5,0.0,0.0,11.7,22.3,0
2026-03-02T05:00,Leuven,6.2,0.0,0.0,11.6,22.0,0
2026-03-02T06:00,Leuven,6.1,0.0,0.0,11.8,22.3,0
2026-03-02T07:00,Leuven,5.9,0.0,0.0,12.6,23.4,0
2026-03-02T08:00,Leuven,6.1,0.0,0.0,12.9,24.8,0
2026-03-02T09:00,Leuven,6.4,0.0,0.0,12.8,24.1,0
2026-03-02T10:00,Leuven,8.1,0.0,0.0,13.7,25.6,0
2026-03-02T11:00,Leuven,10.1,0.0,0.0,11.7,24.5,0
2026-03-02T12:00,Leuven,12.0,0.0,0.0,12.2,27.7,0
2026-03-02T13:00,Leuven,13.8,0.0,0.0,12.9,29.5,0
2026-03-02T14:00,Leuven,15.5,0.0,0.0,12.7,31.3,0
2026-03-02T15:00,Leuven,16.2,0.0,0.0,13.1,29.9,0
2026-03-02T16:00,Leuven,16.4,0.0,0.0,12.4,29.5,0
2026-03-02T17:00,Leuven,16.3,0.0,0.0,11.0,27.4,0
2026-03-02T18:00,Leuven,15.3,0.0,0.0,6.8,22.7,0
2026-03-02T19:00,Leuven,12.1,0.0,0.0,6.0,13.3,0
2026-03-02T20:00,Leuven,10.0,0.0,0.0,6.7,11.5,0
2026-03-02T21:00,Leuven,9.1,0.0,0.0,6.7,11.9,0
2026-03-02T22:00,Leuven,8.8,0.0,0.0,7.6,14.0,0
2026-03-02T23:00,Leuven,8.5,0.0,0.0,7.8,14.0,0
2026-03-03T00:00,Leuven,8.1,0.0,0.0,7.8,15.1,0
2026-03-03T01:00,Leuven,7.6,0.0,0.0,8.1,14.8,0
2026-03-03T02:00,Leuven,7.3,0.0,0.0,8.1,16.2,0
2026-03-03T03:00,Leuven,6.9,0.0,0.0,8.2,15.1,0
2026-03-03T04:00,Leuven,7.0,0.0,0.0,9.2,16.6,0
2026-03-03T05:00,Leuven,6.8,0.0,0.0,9.9,18.4,0
2026-03-03T06:00,Leuven,6.5,0.0,0.0,9.5,18.0,0
2026-03-03T07:00,Leuven,6.0,0.0,0.0,8.8,17.6,0
2026-03-03T08:00,Leuven,5.6,0.0,0.0,7.0,16.2,0
2026-03-03T09:00,Leuven,5.6,0.0,0.0,7.0,12.6,0
2026-03-03T10:00,Leuven,7.6,0.0,0.0,6.9,13.3,0
2026-03-03T11:00,Leuven,10.1,0.0,0.0,2.2,12.6,0
2026-03-03T12:00,Leuven,12.6,0.0,0.0,1.7,10.8,0
2026-03-03T13:00,Leuven,14.5,0.0,0.0,2.1,11.9,0
2026-03-03T14:00,Leuven,15.8,0.0,0.0,2.4,13.3,0
2026-03-03T15:00,Leuven,16.7,0.0,0.0,1.4,12.2,0
2026-03-03T16:00,Leuven,17.0,0.0,0.0,1.0,10.4,0
2026-03-03T17:00,Leuven,16.8,0.0,0.0,1.3,9.0,0
2026-03-03T18:00,Leuven,16.0,0.0,0.0,3.1,7.6,0
2026-03-03T19:00,Leuven,13.0,0.0,0.0,5.5,9.0,0
2026-03-03T20:00,Leuven,11.7,0.0,0.0,7.2,11.2,0
2026-03-03T21:00,Leuven,10.9,0.0,0.0,6.9,12.6,0
2026-03-03T22:00,Leuven,10.3,0.0,0.0,7.2,13.3,0
2026-03-03T23:00,Leuven,9.2,0.0,0.0,6.8,13.3,0
2026-03-04T00:00,Leuven,8.4,0.0,0.0,6.9,12.6,0
2026-03-04T01:00,Leuven,7.6,0.0,0.0,6.3,12.6,0
2026-03-04T02:00,Leuven,6.9,0.0,0.0,5.5,11.2,0
2026-03-04T03:00,Leuven,5.9,0.0,0.0,4.1,8.3,0
2026-03-04T04:00,Leuven,5.2,0.0,0.0,4.0,6.1,0
2026-03-04T05:00,Leuven,4.6,0.0,0.0,4.2,6.1,0
2026-03-04T06:00,Leuven,4.0,0.0,0.0,4.6,7.2,0
2026-03-04T07:00,Leuven,3.6,0.0,0.0,5.0,8.3,0
2026-03-04T08:00,Leuven,3.8,0.0,0.0,5.4,9.7,0
2026-03-04T09:00,Leuven,3.9,0.0,0.0,5.1,9.4,0
2026-03-04T10:00,Leuven,6.0,0.0,0.0,4.7,11.5,0
2026-03-04T11:00,Leuven,8.9,0.0,0.0,2.5,11.5,0
2026-03-04T12:00,Leuven,11.8,0.0,0.0,2.6,12.6,2
2026-03-04T13:00,Leuven,14.2,0.0,0.0,2.6,13.0,3
2026-03-04T14:00,Leuven,15.6,0.0,0.0,1.9,13.0,3
2026-03-04T15:00,Leuven,16.6,0.0,0.0,2.9,12.6,3
2026-03-04T16:00,Leuven,16.9,0.0,0.0,3.5,13.0,2
2026-03-04T17:00,Leuven,16.6,0.0,0.0,4.0,12.2,1
2026-03-04T18:00,Leuven,15.7,0.0,0.0,3.7,11.5,0
2026-03-04T19:00,Leuven,12.9,0.0,0.0,5.2,7.2,1
2026-03-04T20:00,Leuven,11.4,0.0,0.0,7.8,12.6,1
2026-03-04T21:00,Leuven,11.3,0.0,0.0,9.8,18.0,2
2026-03-04T22:00,Leuven,10.2,0.0,0.0,8.8,17.6,2
2026-03-04T23:00,Leuven,9.6,0.0,0.0,9.4,17.3,0
2026-03-05T00:00,Leuven,8.9,0.0,0.0,8.9,17.6,0
2026-03-05T01:00,Leuven,8.2,0.0,0.0,9.3,17.3,0
2026-03-05T02:00,Leuven,8.2,0.0,0.0,9.6,18.0,0
2026-03-05T03:00,Leuven,7.9,0.0,0.0,10.3,18.7,0
2026-03-05T04:00,Leuven,7.3,0.0,0.0,9.9,18.7,0
2026-03-05T05:00,Leuven,6.8,0.0,0.0,9.6,18.0,0
2026-03-05T06:00,Leuven,6.4,0.0,0.0,9.4,17.6,0
2026-03-05T07:00,Leuven,6.1,0.0,0.0,9.3,17.3,0
2026-03-05T08:00,Leuven,5.9,0.0,0.0,9.1,17.3,0
2026-03-05T09:00,Leuven,6.1,0.0,0.0,9.5,16.9,0
2026-03-05T10:00,Leuven,8.4,0.0,0.0,10.6,19.1,0
2026-03-05T11:00,Leuven,11.1,0.0,0.0,8.9,19.4,0
2026-03-05T12:00,Leuven,13.4,0.0,0.0,8.7,21.6,0
2026-03-05T13:00,Leuven,15.4,0.0,0.0,7.8,21.2,0
2026-03-05T14:00,Leuven,17.1,0.0,0.0,7.3,20.5,0
2026-03-05T15:00,Leuven,18.2,0.0,0.0,8.4,21.2,0
2026-03-05T16:00,Leuven,18.7,0.0,0.0,9.7,22.3,0
2026-03-05T17:00,Leuven,18.6,0.0,0.0,9.8,22.3,0
2026-03-05T18:00,Leuven,17.6,0.0,0.0,7.4,20.2,0
2026-03-05T19:00,Leuven,14.8,0.0,0.0,7.6,14.4,0
2026-03-05T20:00,Leuven,12.6,0.0,0.0,8.5,18.0,2
2026-03-05T21:00,Leuven,12.7,0.0,0.0,10.6,19.1,3
2026-03-05T22:00,Leuven,12.5,0.0,0.0,11.9,21.6,3
2026-03-05T23:00,Leuven,11.7,0.0,0.0,11.2,21.6,2
2026-03-06T00:00,Leuven,10.7,0.0,0.0,10.1,20.2,2
2026-03-06T01:00,Leuven,10.0,0.0,0.0,10.1,18.4,0
2026-03-06T02:00,Leuven,9.9,0.0,0.0,10.7,19.1,3
2026-03-06T03:00,Leuven,9.8,0.0,0.0,11.0,19.8,3
2026-03-06T04:00,Leuven,9.5,0.0,0.0,10.6,19.8,3
2026-03-06T05:00,Leuven,9.2,0.0,0.0,9.5,19.1,3
2026-03-06T06:00,Leuven,8.4,0.0,0.0,7.6,16.9,1
2026-03-06T07:00,Leuven,7.1,0.0,0.0,6.3,13.7,2
2026-03-06T08:00,Leuven,7.0,0.0,0.0,4.2,10.1,0
2026-03-06T09:00,Leuven,6.9,0.0,0.0,4.2,7.9,0
2026-03-06T10:00,Leuven,9.3,0.0,0.0,5.7,11.9,2
2026-03-06T11:00,Leuven,11.9,0.0,0.0,2.6,11.9,0
2026-03-06T12:00,Leuven,14.7,0.0,0.0,3.2,12.6,1
2026-03-06T13:00,Leuven,17.0,0.0,0.0,1.9,12.6,0
2026-03-06T14:00,Leuven,17.5,0.0,0.0,2.3,11.2,0
2026-03-06T15:00,Leuven,18.4,0.0,0.0,3.1,12.6,0
2026-03-06T16:00,Leuven,18.6,0.0,0.0,3.8,12.6,3
2026-03-06T17:00,Leuven,18.2,0.0,0.0,3.8,13.0,3
2026-03-06T18:00,Leuven,17.2,0.0,0.0,3.9,10.8,3
2026-03-06T19:00,Leuven,14.8,0.0,0.0,5.2,8.6,3
2026-03-06T20:00,Leuven,12.8,0.0,0.0,5.8,9.0,3
2026-03-06T21:00,Leuven,12.5,0.0,0.0,4.2,8.6,3
2026-03-06T22:00,Leuven,12.5,0.0,0.0,1.9,5.8,3
2026-03-06T23:00,Leuven,12.0,0.0,0.0,1.4,2.9,2
2026-03-07T00:00,Leuven,10.1,0.0,0.0,5.1,6.8,1
2026-03-07T01:00,Leuven,9.5,0.0,0.0,6.2,11.5,1
2026-03-07T02:00,Leuven,9.3,0.0,0.0,5.2,11.5,2
2026-03-07T03:00,Leuven,8.4,0.0,0.0,5.0,9.7,0
2026-03-07T04:00,Leuven,7.6,0.0,0.0,5.1,9.4,0
2026-03-07T05:00,Leuven,7.0,0.0,0.0,5.2,9.4,0
2026-03-07T06:00,Leuven,6.4,0.0,0.0,4.9,9.0,0
2026-03-07T07:00,Leuven,6.2,0.0,0.0,5.4,9.7,0
2026-03-07T08:00,Leuven,6.1,0.0,0.0,5.1,9.7,1
2026-03-07T09:00,Leuven,6.3,0.0,0.0,5.3,8.6,3
2026-03-07T10:00,Leuven,7.7,0.0,0.0,4.4,12.6,2
2026-03-07T11:00,Leuven,9.5,0.0,0.0,4.3,14.8,1
2026-03-07T12:00,Leuven,11.7,0.0,0.0,5.3,17.3,0
2026-03-07T13:00,Leuven,13.9,0.0,0.0,5.5,18.4,2
2026-03-07T14:00,Leuven,13.6,0.0,0.0,4.8,18.4,2
2026-03-07T15:00,Leuven,14.8,0.0,0.0,8.5,22.3,3
2026-03-07T16:00,Leuven,15.4,0.0,0.0,9.0,23.8,3
2026-03-07T17:00,Leuven,15.8,0.0,0.0,9.8,22.7,3
2026-03-07T18:00,Leuven,15.4,0.0,0.0,9.0,22.7,3
2026-03-07T19:00,Leuven,13.4,0.0,0.0,7.7,18.0,0
2026-03-07T20:00,Leuven,11.6,0.0,0.0,9.1,15.5,0
2026-03-07T21:00,Leuven,10.6,0.0,0.0,8.3,16.9,0
2026-03-07T22:00,Leuven,9.8,0.0,0.0,7.7,15.5,0
2026-03-07T23:00,Leuven,8.8,0.0,0.0,6.4,14.4,0
2026-03-08T00:00,Leuven,7.8,0.0,0.0,6.1,11.9,0
2026-03-08T01:00,Leuven,7.3,0.0,0.0,6.0,11.2,0
2026-03-08T02:00,Leuven,7.6,0.0,0.0,5.7,10.8,0
2026-03-08T03:00,Leuven,6.4,0.0,0.0,5.4,10.1,0
2026-03-08T04:00,Leuven,5.7,0.0,0.0,5.3,9.7,0
2026-03-08T05:00,Leuven,5.0,0.0,0.0,5.2,8.6,3
2026-03-08T06:00,Leuven,4.8,0.0,0.0,5.2,9.0,3
2026-03-08T07:00,Leuven,5.0,0.0,0.0,5.5,10.4,3
2026-03-08T08:00,Leuven,6.2,0.0,0.0,6.0,11.5,3
2026-03-08T09:00,Leuven,6.4,0.0,0.0,4.9,14.8,3
2026-03-08T10:00,Leuven,6.6,0.0,0.0,4.8,14.0,3
2026-03-08T11:00,Leuven,7.8,0.0,0.0,4.4,14.0,3
2026-03-08T12:00,Leuven,10.0,0.0,0.0,2.8,14.0,1
2026-03-08T13:00,Leuven,12.7,0.0,0.0,3.0,14.4,0
2026-03-08T14:00,Leuven,12.5,0.0,0.0,2.2,14.4,0
2026-03-08T15:00,Leuven,14.1,0.0,0.0,2.4,13.7,0
2026-03-08T16:00,Leuven,15.0,0.0,0.0,3.0,13.7,0
2026-03-08T17:00,Leuven,15.3,0.0,0.0,3.2,13.3,0
2026-03-08T18:00,Leuven,14.9,0.0,0.0,4.1,11.9,0
2026-03-08T19:00,Leuven,12.3,0.0,0.0,4.4,9.4,0
2026-03-08T20:00,Leuven,10.7,0.0,0.0,6.1,9.7,0
2026-03-08T21:00,Leuven,9.5,0.0,0.0,5.0,11.2,1
2026-03-08T22:00,Leuven,9.0,0.0,0.0,2.3,7.6,0
2026-03-08T23:00,Leuven,8.6,0.0,0.0,0.4,3.2,0
2026-03-09T00:00,Leuven,7.7,0.0,0.0,1.7,2.9,0
2026-03-09T01:00,Leuven,7.0,0.0,0.0,1.2,2.9,0
2026-03-09T02:00,Leuven,7.0,0.0,0.0,1.0,2.2,0
2026-03-09T03:00,Leuven,6.1,0.0,0.0,2.3,4.0,0
2026-03-09T04:00,Leuven,4.9,0.0,0.0,3.6,6.8,0
2026-03-09T05:00,Leuven,4.4,0.0,0.0,4.1,8.3,0
2026-03-09T06:00,Leuven,4.5,0.0,0.0,5.4,9.4,0
2026-03-09T07:00,Leuven,4.7,0.0,0.0,5.7,10.1,1
2026-03-09T08:00,Leuven,5.3,0.0,0.0,5.6,10.4,1
2026-03-09T09:00,Leuven,6.3,0.0,0.0,7.2,12.2,1
2026-03-09T10:00,Leuven,9.0,0.0,0.0,7.6,15.1,0
2026-03-09T11:00,Leuven,12.1,0.0,0.0,3.8,15.8,0
2026-03-09T12:00,Leuven,15.0,0.0,0.0,3.6,13.3,0
2026-03-09T13:00,Leuven,17.0,0.0,0.0,5.7,17.3,0
2026-03-09T14:00,Leuven,18.2,0.0,0.0,5.6,18.4,0
2026-03-09T15:00,Leuven,18.6,0.0,0.0,6.6,18.0,0
2026-03-09T16:00,Leuven,18.7,0.0,0.0,6.6,17.6,0
2026-03-09T17:00,Leuven,18.4,0.0,0.0,6.2,16.9,0
2026-03-09T18:00,Leuven,17.6,0.0,0.0,4.5,15.5,0
2026-03-09T19:00,Leuven,15.4,0.0,0.0,3.4,9.0,0
2026-03-09T20:00,Leuven,13.0,0.0,0.0,2.9,4.7,0
2026-03-09T21:00,Leuven,11.9,0.0,0.0,2.8,4.0,0
2026-03-09T22:00,Leuven,10.7,0.0,0.0,5.9,10.4,0
2026-03-09T23:00,Leuven,10.0,0.0,0.0,5.4,10.1,0
2026-03-10T00:00,Leuven,9.6,0.0,0.0,7.3,13.0,0
2026-03-10T01:00,Leuven,9.5,0.0,0.0,8.6,15.5,1
2026-03-10T02:00,Leuven,8.5,0.0,0.0,7.0,16.9,1
2026-03-10T03:00,Leuven,7.8,0.0,0.0,5.4,12.6,0
2026-03-10T04:00,Leuven,8.0,0.0,0.0,7.5,13.7,0
2026-03-10T05:00,Leuven,8.4,0.0,0.0,11.5,22.0,1
2026-03-10T06:00,Leuven,8.5,0.0,0.0,7.7,20.9,0
2026-03-10T07:00,Leuven,7.8,0.0,0.0,7.3,14.4,0
2026-03-10T08:00,Leuven,8.2,0.0,0.0,8.7,16.6,1
2026-03-10T09:00,Leuven,9.3,0.7,0.7,10.5,25.6,53
2026-03-10T10:00,Leuven,10.5,0.1,0.1,10.7,19.1,51
2026-03-10T11:00,Leuven,12.2,0.0,0.0,12.0,26.3,3
2026-03-10T12:00,Leuven,13.1,0.0,0.0,11.5,28.8,1
2026-03-10T13:00,Leuven,13.9,0.1,0.1,13.5,34.2,51
2026-03-10T14:00,Leuven,13.2,0.1,0.1,14.0,34.6,51
2026-03-10T15:00,Leuven,12.4,0.2,0.2,12.8,30.2,51
2026-03-10T16:00,Leuven,13.1,0.1,0.1,13.4,31.7,51
2026-03-10T17:00,Leuven,13.6,0.0,0.0,12.8,29.5,3
2026-03-10T18:00,Leuven,13.5,0.0,0.0,10.7,30.6,1
2026-03-10T19:00,Leuven,11.8,0.0,0.0,11.7,23.8,3
2026-03-10T20:00,Leuven,11.1,0.0,0.0,11.1,23.0,0
2026-03-10T21:00,Leuven,10.1,0.0,0.0,11.4,21.2,0
2026-03-10T22:00,Leuven,9.9,0.0,0.0,14.2,26.3,2
2026-03-10T23:00,Leuven,9.9,0.0,0.0,14.1,30.6,3
2026-03-11T00:00,Leuven,9.4,0.0,0.0,13.0,27.4,3
2026-03-11T01:00,Leuven,9.1,0.0,0.0,13.0,25.6,2
2026-03-11T02:00,Leuven,8.7,0.0,0.0,12.2,27.0,2
2026-03-11T03:00,Leuven,8.9,0.0,0.0,16.1,29.9,3
2026-03-11T04:00,Leuven,9.3,0.0,0.0,16.1,32.8,3
2026-03-11T05:00,Leuven,9.3,0.0,0.0,18.7,36.7,3
2026-03-11T06:00,Leuven,9.6,0.0,0.0,19.6,38.9,3
2026-03-11T07:00,Leuven,9.6,0.1,0.1,20.4,40.7,51
2026-03-11T08:00,Leuven,9.8,0.1,0.1,20.2,41.8,51
2026-03-11T09:00,Leuven,9.9,0.7,0.7,22.5,43.2,53
2026-03-11T10:00,Leuven,10.1,0.5,0.5,23.4,45.4,53
2026-03-11T11:00,Leuven,10.0,0.4,0.4,25.1,48.2,51
2026-03-11T12:00,Leuven,9.8,0.9,0.9,25.6,49.7,53
2026-03-11T13:00,Leuven,10.1,1.0,1.0,26.2,51.5,55
2026-03-11T14:00,Leuven,10.6,0.7,0.7,21.1,50.0,53
2026-03-11T15:00,Leuven,10.5,0.1,0.1,19.0,43.2,51
2026-03-11T16:00,Leuven,12.0,0.2,0.2,18.4,42.5,51
2026-03-11T17:00,Leuven,11.7,0.1,0.1,14.7,43.2,51
2026-03-11T18:00,Leuven,10.6,0.2,0.2,12.8,36.0,51
2026-03-11T19:00,Leuven,10.1,0.0,0.0,10.6,25.9,1
2026-03-11T20:00,Leuven,9.0,0.0,0.0,8.8,20.9,0
2026-03-11T21:00,Leuven,7.3,0.0,0.0,6.6,16.6,0
2026-03-11T22:00,Leuven,7.1,0.0,0.0,8.5,15.5,0
2026-03-11T23:00,Leuven,6.8,0.0,0.0,11.1,20.5,0
2026-03-12T00:00,Leuven,6.6,0.0,0.0,11.8,22.7,0
2026-03-12T01:00,Leuven,6.3,0.0,0.0,12.0,22.7,0
2026-03-12T02:00,Leuven,6.0,0.0,0.0,12.7,23.0,0
2026-03-12T03:00,Leuven,5.7,0.0,0.0,12.4,24.1,1
2026-03-12T04:00,Leuven,6.3,0.0,0.0,12.8,24.8,3
2026-03-12T05:00,Leuven,5.9,0.0,0.0,12.1,24.8,0
2026-03-12T06:00,Leuven,5.1,0.0,0.0,12.6,24.1,0
2026-03-12T07:00,Leuven,4.7,0.0,0.0,14.2,27.0,0
2026-03-12T08:00,Leuven,5.0,0.0,0.0,14.2,28.4,0
2026-03-12T09:00,Leuven,5.5,0.0,0.0,14.9,28.8,0
2026-03-12T10:00,Leuven,7.0,0.0,0.0,15.3,34.9,0
2026-03-12T11:00,Leuven,8.6,0.0,0.0,21.9,45.4,2
2026-03-12T12:00,Leuven,10.1,0.0,0.0,22.9,47.2,1
2026-03-12T13:00,Leuven,11.0,0.0,0.0,27.5,56.9,2
2026-03-12T14:00,Leuven,11.7,0.0,0.0,29.3,59.8,3
2026-03-12T15:00,Leuven,11.7,0.0,0.0,25.1,60.8,3
2026-03-12T16:00,Leuven,12.3,0.0,0.0,26.3,59.0,3
2026-03-12T17:00,Leuven,12.2,0.0,0.0,25.2,64.8,2
2026-03-12T18:00,Leuven,12.3,0.0,0.0,22.1,50.0,3
2026-03-12T19:00,Leuven,11.4,0.0,0.0,22.1,45.4,3
2026-03-12T20:00,Leuven,10.3,0.0,0.0,20.5,44.6,3
2026-03-12T21:00,Leuven,10.0,0.0,0.0,22.2,44.3,2
2026-03-12T22:00,Leuven,9.6,0.0,0.0,23.5,47.2,3
2026-03-12T23:00,Leuven,9.5,0.0,0.0,24.1,48.2,1
2026-03-13T00:00,Leuven,9.4,0.0,0.0,24.8,49.7,1
2026-03-13T01:00,Leuven,9.3,0.0,0.0,25.3,50.4,3
2026-03-13T02:00,Leuven,9.4,0.0,0.0,25.1,53.3,3
2026-03-13T03:00,Leuven,9.4,0.0,0.0,25.7,52.2,3
2026-03-13T04:00,Leuven,9.4,0.0,0.0,24.8,51.5,3
2026-03-13T05:00,Leuven,9.7,0.0,0.0,26.6,54.0,3
2026-03-13T06:00,Leuven,9.9,0.0,0.0,26.8,54.4,3
2026-03-13T07:00,Leuven,10.0,0.0,0.0,28.4,57.2,3
2026-03-13T08:00,Leuven,9.5,0.0,0.0,27.5,58.0,3
2026-03-13T09:00,Leuven,9.8,0.7,0.7,27.2,55.1,53
2026-03-13T10:00,Leuven,10.6,0.0,0.0,27.6,55.8,3
2026-03-13T11:00,Leuven,10.8,0.4,0.4,28.4,59.0,51
2026-03-13T12:00,Leuven,10.1,2.7,2.7,23.0,56.2,63
2026-03-13T13:00,Leuven,8.3,2.0,2.0,19.1,45.0,61
2026-03-13T14:00,Leuven,7.6,1.0,1.0,14.4,36.7,55
2026-03-13T15:00,Leuven,6.3,1.8,1.8,14.0,28.1,61
2026-03-13T16:00,Leuven,6.2,1.0,1.0,12.6,27.0,55
2026-03-13T17:00,Leuven,6.1,0.7,0.7,13.1,25.6,53
2026-03-13T18:00,Leuven,6.1,0.3,0.3,11.3,24.8,51
2026-03-13T19:00,Leuven,5.8,0.2,0.2,11.5,22.0,51
2026-03-13T20:00,Leuven,5.3,0.4,0.4,12.1,21.6,51
2026-03-13T21:00,Leuven,5.2,0.4,0.4,10.7,22.3,51
2026-03-13T22:00,Leuven,5.3,0.5,0.5,9.7,20.2,53
2026-03-13T23:00,Leuven,5.1,0.3,0.3,9.2,18.0,51
2026-03-14T00:00,Leuven,4.9,0.1,0.1,9.4,17.6,51
2026-03-14T01:00,Leuven,4.7,0.1,0.1,8.7,17.6,51
2026-03-14T02:00,Leuven,4.3,0.1,0.1,9.6,16.2,51
2026-03-14T03:00,Leuven,4.4,0.4,0.4,7.7,17.6,51
2026-03-14T04:00,Leuven,4.4,0.6,0.6,5.5,14.4,53
2026-03-14T05:00,Leuven,4.5,0.7,0.7,5.1,10.8,53
2026-03-14T06:00,Leuven,4.3,1.5,1.5,5.1,10.8,61
2026-03-14T07:00,Leuven,3.6,1.4,1.4,7.8,15.8,61
2026-03-14T08:00,Leuven,2.5,1.4,1.4,8.5,20.5,61
2026-03-14T09:00,Leuven,2.3,1.8,1.6,7.6,18.0,71
2026-03-14T10:00,Leuven,2.6,1.2,1.2,9.1,18.7,55
2026-03-14T11:00,Leuven,3.4,0.4,0.4,14.5,27.4,51
2026-03-14T12:00,Leuven,4.6,0.3,0.3,11.0,30.2,51
2026-03-14T13:00,Leuven,5.7,0.1,0.1,10.6,23.0,51
2026-03-14T14:00,Leuven,6.5,0.1,0.1,18.8,32.8,51
2026-03-14T15:00,Leuven,7.4,0.1,0.1,15.9,38.5,51
2026-03-14T16:00,Leuven,8.3,0.5,0.5,15.4,35.3,53
2026-03-14T17:00,Leuven,7.9,0.5,0.5,15.3,32.8,53
2026-03-14T18:00,Leuven,6.0,1.7,1.0,8.5,32.0,73
2026-03-14T19:00,Leuven,5.8,0.0,0.0,7.5,18.7,3
2026-03-14T20:00,Leuven,4.9,0.1,0.1,9.9,19.1,51
2026-03-14T21:00,Leuven,3.9,0.0,0.0,6.9,19.1,1
2026-03-14T22:00,Leuven,3.1,0.0,0.0,6.3,13.3,0
2026-03-14T23:00,Leuven,2.5,0.0,0.0,6.2,11.9,0
2026-03-15T00:00,Leuven,1.7,0.0,0.0,6.0,11.5,0
2026-03-15T01:00,Leuven,1.8,0.0,0.0,6.7,12.2,0
2026-03-15T02:00,Leuven,2.6,0.0,0.0,7.6,13.3,1
2026-03-15T03:00,Leuven,2.1,0.0,0.0,6.3,13.7,0
2026-03-15T04:00,Leuven,1.2,0.0,0.0,5.9,11.5,0
2026-03-15T05:00,Leuven,0.7,0.0,0.0,5.6,10.4,0
2026-03-15T06:00,Leuven,0.4,0.0,0.0,5.5,10.1,0
2026-03-15T07:00,Leuven,0.0,0.0,0.0,5.2,9.7,0
2026-03-15T08:00,Leuven,0.3,0.0,0.0,5.6,9.7,3
2026-03-15T09:00,Leuven,1.5,0.0,0.0,7.9,13.3,2
2026-03-15T10:00,Leuven,3.9,0.0,0.0,6.1,15.8,0
2026-03-15T11:00,Leuven,6.4,0.0,0.0,6.0,17.3,0
2026-03-15T12:00,Leuven,8.0,0.0,0.0,7.1,20.5,0
2026-03-15T13:00,Leuven,9.6,0.0,0.0,8.8,23.8,1
2026-03-15T14:00,Leuven,10.0,0.0,0.0,11.2,26.3,1
2026-03-15T15:00,Leuven,10.7,0.0,0.0,11.4,28.1,0
2026-03-15T16:00,Leuven,10.9,0.0,0.0,11.3,27.4,0
2026-03-15T17:00,Leuven,11.0,0.0,0.0,12.3,27.7,0
2026-03-15T18:00,Leuven,10.7,0.0,0.0,14.1,29.2,1
2026-03-15T19:00,Leuven,9.5,0.0,0.0,12.9,28.8,0
2026-03-15T20:00,Leuven,7.7,0.0,0.0,15.1,29.5,2
2026-03-15T21:00,Leuven,7.3,0.0,0.0,17.5,33.8,3
2026-03-15T22:00,Leuven,7.1,0.0,0.0,20.6,40.0,3
2026-03-15T23:00,Leuven,7.6,0.0,0.0,23.6,47.5,2
2026-03-16T00:00,Leuven,7.0,0.5,0.5,26.0,50.4,53
2026-03-16T01:00,Leuven,7.3,0.9,0.8,27.7,54.7,71
2026-03-16T02:00,Leuven,7.3,0.0,0.0,22.9,55.4,2
2026-03-16T03:00,Leuven,6.7,1.3,1.3,20.7,46.1,61
2026-03-16T04:00,Leuven,6.8,0.3,0.3,17.4,40.3,51
2026-03-16T05:00,Leuven,6.1,0.3,0.3,18.0,38.5,51
2026-03-16T06:00,Leuven,5.8,0.0,0.0,18.6,40.3,2
2026-03-16T07:00,Leuven,5.5,0.0,0.0,16.3,35.6,1
2026-03-16T08:00,Leuven,5.4,0.0,0.0,16.4,31.3,3
2026-03-16T09:00,Leuven,5.9,0.0,0.0,15.0,32.0,2
2026-03-16T10:00,Leuven,6.8,0.1,0.1,14.8,33.8,51
2026-03-16T11:00,Leuven,7.6,0.1,0.1,16.4,38.9,51
2026-03-16T12:00,Leuven,8.6,0.0,0.0,17.3,43.2,1
2026-03-16T13:00,Leuven,9.7,0.0,0.0,16.5,43.6,1
2026-03-16T14:00,Leuven,10.1,0.1,0.1,15.7,43.6,51
2026-03-16T15:00,Leuven,10.5,0.1,0.1,16.1,43.2,51
2026-03-16T16:00,Leuven,10.9,0.1,0.1,17.6,38.2,51
2026-03-16T17:00,Leuven,11.0,0.1,0.1,17.9,37.8,51
2026-03-16T18:00,Leuven,11.0,0.0,0.0,12.1,39.6,3
2026-03-16T19:00,Leuven,10.4,0.0,0.0,11.1,24.1,3
2026-03-16T20:00,Leuven,8.5,0.0,0.0,7.7,25.9,3
2026-03-16T21:00,Leuven,8.1,0.0,0.0,7.8,14.8,3
2026-03-16T22:00,Leuven,7.6,0.0,0.0,9.6,18.4,3
2026-03-16T23:00,Leuven,7.8,0.0,0.0,10.5,20.2,3
2026-03-17T00:00,Leuven,7.7,0.0,0.0,10.9,20.9,3
2026-03-17T01:00,Leuven,7.6,0.0,0.0,10.6,21.2,3
2026-03-17T02:00,Leuven,8.4,0.0,0.0,11.7,23.0,3
2026-03-17T03:00,Leuven,8.8,0.0,0.0,12.3,24.5,3
2026-03-17T04:00,Leuven,8.9,0.0,0.0,11.1,23.8,3
2026-03-17T05:00,Leuven,8.6,0.0,0.0,10.0,21.2,3
2026-03-17T06:00,Leuven,7.5,0.0,0.0,9.4,19.1,3
2026-03-17T07:00,Leuven,8.0,0.0,0.0,9.7,19.1,3
2026-03-17T08:00,Leuven,8.5,0.0,0.0,8.8,18.7,3
2026-03-17T09:00,Leuven,9.1,0.0,0.0,9.1,17.6,3
2026-03-17T10:00,Leuven,9.7,0.0,0.0,8.5,18.4,3
2026-03-17T11:00,Leuven,10.8,0.0,0.0,9.2,20.5,3
2026-03-17T12:00,Leuven,12.8,0.0,0.0,13.7,29.2,3
2026-03-17T13:00,Leuven,13.9,0.0,0.0,14.8,35.3,3
2026-03-17T14:00,Leuven,14.2,0.0,0.0,13.6,33.5,3
2026-03-17T15:00,Leuven,14.7,0.0,0.0,12.8,29.9,3
2026-03-17T16:00,Leuven,15.1,0.0,0.0,11.7,28.4,3
2026-03-17T17:00,Leuven,15.3,0.0,0.0,11.3,26.6,3
2026-03-17T18:00,Leuven,15.1,0.0,0.0,8.3,26.3,3
2026-03-17T19:00,Leuven,14.0,0.0,0.0,4.4,16.6,3
2026-03-17T20:00,Leuven,11.5,0.0,0.0,6.7,10.4,1
2026-03-17T21:00,Leuven,11.1,0.0,0.0,9.1,16.6,0
2026-03-17T22:00,Leuven,10.4,0.0,0.0,10.5,19.4,1
2026-03-17T23:00,Leuven,9.9,0.0,0.0,10.7,20.2,3
2026-03-18T00:00,Leuven,9.3,0.0,0.0,10.9,20.5,3
2026-03-18T01:00,Leuven,8.9,0.0,0.0,11.0,20.9,3
2026-03-18T02:00,Leuven,8.4,0.0,0.0,11.0,21.2,0
2026-03-18T03:00,Leuven,8.0,0.0,0.0,10.8,20.5,0
2026-03-18T04:00,Leuven,7.6,0.0,0.0,10.2,20.2,0
2026-03-18T05:00,Leuven,7.2,0.0,0.0,10.0,19.4,2
2026-03-18T06:00,Leuven,6.6,0.0,0.0,8.2,18.7,3
2026-03-18T07:00,Leuven,6.2,0.0,0.0,8.3,15.5,2
2026-03-18T08:00,Leuven,6.2,0.0,0.0,10.0,18.0,2
2026-03-18T09:00,Leuven,7.4,0.0,0.0,10.7,19.8,0
2026-03-18T10:00,Leuven,9.3,0.0,0.0,10.6,22.0,0
2026-03-18T11:00,Leuven,10.5,0.0,0.0,14.2,31.3,0
2026-03-18T12:00,Leuven,11.6,0.0,0.0,13.7,32.0,0
2026-03-18T13:00,Leuven,12.8,0.0,0.0,14.4,33.5,0
2026-03-18T14:00,Leuven,13.8,0.0,0.0,12.8,33.5,0
2026-03-18T15:00,Leuven,14.2,0.0,0.0,14.1,32.8,0
2026-03-18T16:00,Leuven,14.4,0.0,0.0,15.1,33.8,0
2026-03-18T17:00,Leuven,14.2,0.0,0.0,16.9,36.0,0
2026-03-18T18:00,Leuven,13.6,0.0,0.0,17.1,36.4,0
2026-03-18T19:00,Leuven,12.2,0.0,0.0,16.0,34.9,0
2026-03-18T20:00,Leuven,11.0,0.0,0.0,14.6,31.7,0
2026-03-18T21:00,Leuven,10.6,0.0,0.0,15.7,30.2,0
2026-03-18T22:00,Leuven,9.8,0.0,0.0,13.9,30.2,0
2026-03-18T23:00,Leuven,8.6,0.0,0.0,11.7,25.9,0
2026-03-19T00:00,Leuven,7.9,0.0,0.0,10.5,22.0,0
2026-03-19T01:00,Leuven,7.2,0.0,0.0,10.1,19.4,0
2026-03-19T02:00,Leuven,6.7,0.0,0.0,11.2,18.7,1
2026-03-19T03:00,Leuven,6.2,0.0,0.0,10.2,20.9,0
2026-03-19T04:00,Leuven,5.5,0.0,0.0,9.3,19.1,0
2026-03-19T05:00,Leuven,4.9,0.0,0.0,8.5,17.3,0
2026-03-19T06:00,Leuven,4.3,0.0,0.0,7.7,15.8,0
2026-03-19T07:00,Leuven,3.8,0.0,0.0,7.3,14.4,0
2026-03-19T08:00,Leuven,3.2,0.0,0.0,6.6,13.7,0
2026-03-19T09:00,Leuven,4.7,0.0,0.0,8.1,14.0,0
2026-03-19T10:00,Leuven,7.1,0.0,0.0,5.2,14.8,0
2026-03-19T11:00,Leuven,9.5,0.0,0.0,4.7,15.5,1
2026-03-19T12:00,Leuven,11.9,0.0,0.0,6.0,18.0,2
2026-03-19T13:00,Leuven,13.8,0.0,0.0,7.2,20.5,3
2026-03-19T14:00,Leuven,15.4,0.0,0.0,11.8,24.8,2
2026-03-19T15:00,Leuven,15.9,0.0,0.0,12.0,29.2,1
2026-03-19T16:00,Leuven,15.9,0.0,0.0,11.7,28.4,0
2026-03-19T17:00,Leuven,15.6,0.0,0.0,11.6,27.0,0
2026-03-19T18:00,Leuven,15.1,0.0,0.0,9.6,25.6,0
2026-03-19T19:00,Leuven,13.1,0.0,0.0,6.0,19.4,2
2026-03-19T20:00,Leuven,10.2,0.0,0.0,6.8,10.8,0
2026-03-19T21:00,Leuven,9.5,0.0,0.0,7.2,13.0,3
2026-03-19T22:00,Leuven,9.1,0.0,0.0,7.7,14.8,3
2026-03-19T23:00,Leuven,7.8,0.0,0.0,6.1,13.7,3
2026-03-20T00:00,Leuven,6.7,0.0,0.0,6.0,10.4,3
2026-03-20T01:00,Leuven,6.2,0.0,0.0,5.6,9.4,3
2026-03-20T02:00,Leuven,6.2,0.0,0.0,6.2,8.6,3
2026-03-20T03:00,Leuven,5.0,0.0,0.0,6.2,10.4,0
2026-03-20T04:00,Leuven,4.3,0.0,0.0,5.8,11.2,0
2026-03-20T05:00,Leuven,3.6,0.0,0.0,5.4,9.7,0
2026-03-20T06:00,Leuven,3.2,0.0,0.0,5.5,10.4,0
2026-03-20T07:00,Leuven,2.9,0.0,0.0,4.0,9.4,1
2026-03-20T08:00,Leuven,2.8,0.0,0.0,4.9,8.6,2
2026-03-20T09:00,Leuven,4.5,0.0,0.0,6.4,11.9,3
2026-03-20T10:00,Leuven,6.1,0.0,0.0,4.9,13.0,3
2026-03-20T11:00,Leuven,7.5,0.0,0.0,5.1,14.8,3
2026-03-20T12:00,Leuven,9.7,0.0,0.0,5.2,16.6,3
2026-03-20T13:00,Leuven,11.6,0.0,0.0,6.4,19.1,3
2026-03-20T14:00,Leuven,13.3,0.0,0.0,8.0,20.9,2
2026-03-20T15:00,Leuven,13.9,0.0,0.0,9.0,23.8,3
2026-03-20T16:00,Leuven,14.0,0.0,0.0,9.8,24.1,3
2026-03-20T17:00,Leuven,14.0,0.0,0.0,9.2,24.1,3
2026-03-20T18:00,Leuven,13.7,0.0,0.0,7.9,21.6,2
2026-03-20T19:00,Leuven,12.4,0.0,0.0,4.8,16.2,3
2026-03-20T20:00,Leuven,10.4,0.0,0.0,8.7,14.0,3
2026-03-20T21:00,Leuven,9.6,0.0,0.0,10.7,19.4,0
2026-03-20T22:00,Leuven,8.7,0.0,0.0,11.2,20.5,0
2026-03-20T23:00,Leuven,7.8,0.0,0.0,9.8,20.9,3
2026-03-21T00:00,Leuven,6.9,0.0,0.0,8.7,18.0,3
2026-03-21T01:00,Leuven,6.2,0.0,0.0,8.4,16.6,3
2026-03-21T02:00,Leuven,5.6,0.0,0.0,8.0,15.8,0
2026-03-21T03:00,Leuven,4.7,0.0,0.0,6.9,14.8,0
2026-03-21T04:00,Leuven,3.9,0.0,0.0,6.6,13.0,0
2026-03-21T05:00,Leuven,3.3,0.0,0.0,6.6,12.6,0
2026-03-21T06:00,Leuven,3.0,0.0,0.0,6.9,13.0,0
2026-03-21T07:00,Leuven,2.5,0.0,0.0,6.5,13.0,0
2026-03-21T08:00,Leuven,2.0,0.0,0.0,6.8,12.2,0
2026-03-21T09:00,Leuven,3.2,0.0,0.0,7.9,14.4,3
2026-03-21T10:00,Leuven,5.1,0.0,0.0,7.3,18.7,0
2026-03-21T11:00,Leuven,7.1,0.0,0.0,7.3,20.5,0
2026-03-21T12:00,Leuven,9.3,0.0,0.0,7.5,21.6,0
2026-03-21T13:00,Leuven,11.3,0.0,0.0,8.4,23.4,0
2026-03-21T14:00,Leuven,11.8,0.0,0.0,9.8,25.6,0
2026-03-21T15:00,Leuven,12.9,0.0,0.0,10.5,26.6,0
2026-03-21T16:00,Leuven,13.5,0.0,0.0,11.9,28.4,0
2026-03-21T17:00,Leuven,13.4,0.0,0.0,12.3,28.4,0
2026-03-21T18:00,Leuven,13.0,0.0,0.0,12.4,28.1,0
2026-03-21T19:00,Leuven,11.8,0.0,0.0,9.9,26.3,0
2026-03-21T20:00,Leuven,9.7,0.0,0.0,9.5,19.8,0
2026-03-21T21:00,Leuven,8.8,0.0,0.0,11.8,21.6,0
2026-03-21T22:00,Leuven,7.9,0.0,0.0,12.6,23.8,0
2026-03-21T23:00,Leuven,7.0,0.0,0.0,12.6,25.2,0
2026-03-22T00:00,Leuven,6.0,0.0,0.0,9.9,24.1,0
2026-03-22T01:00,Leuven,4.9,0.0,0.0,7.5,18.7,0
2026-03-22T02:00,Leuven,3.8,0.0,0.0,6.7,14.0,0
2026-03-22T03:00,Leuven,2.9,0.0,0.0,6.4,12.6,0
2026-03-22T04:00,Leuven,2.5,0.0,0.0,6.2,12.2,0
2026-03-22T05:00,Leuven,2.7,0.0,0.0,5.4,11.9,2
2026-03-22T06:00,Leuven,3.3,0.0,0.0,4.8,10.8,2
2026-03-22T07:00,Leuven,3.8,0.0,0.0,6.0,10.4,0
2026-03-22T08:00,Leuven,2.7,0.0,0.0,7.8,16.9,0
2026-03-22T09:00,Leuven,4.1,0.0,0.0,10.1,18.0,0
2026-03-22T10:00,Leuven,6.0,0.0,0.0,7.1,18.0,0
2026-03-22T11:00,Leuven,8.4,0.0,0.0,7.0,19.4,0
2026-03-22T12:00,Leuven,10.3,0.0,0.0,7.6,21.6,0
2026-03-22T13:00,Leuven,12.1,0.0,0.0,7.8,22.3,0
2026-03-22T14:00,Leuven,13.2,0.0,0.0,9.5,25.6,0
2026-03-22T15:00,Leuven,14.0,0.0,0.0,10.1,25.9,0
2026-03-22T16:00,Leuven,14.4,0.0,0.0,9.9,25.6,0
2026-03-22T17:00,Leuven,14.3,0.0,0.0,10.7,24.5,0
2026-03-22T18:00,Leuven,13.7,0.0,0.0,11.3,24.8,0
2026-03-22T19:00,Leuven,12.4,0.0,0.0,6.0,23.4,0
2026-03-22T20:00,Leuven,9.8,0.0,0.0,4.6,11.2,0
2026-03-22T21:00,Leuven,8.5,0.0,0.0,6.7,11.5,0
2026-03-22T22:00,Leuven,8.0,0.0,0.0,7.1,13.0,0
2026-03-22T23:00,Leuven,6.7,0.0,0.0,6.2,12.2,0
2026-03-23T00:00,Leuven,6.0,0.0,0.0,5.6,9.4,0
2026-03-23T01:00,Leuven,5.3,0.0,0.0,5.9,10.1,0
2026-03-23T02:00,Leuven,5.0,0.0,0.0,5.5,10.1,0
2026-03-23T03:00,Leuven,4.4,0.0,0.0,3.8,9.0,3
2026-03-23T04:00,Leuven,4.2,0.0,0.0,3.2,5.4,3
2026-03-23T05:00,Leuven,3.9,0.0,0.0,3.3,5.4,3
2026-03-23T06:00,Leuven,3.8,0.0,0.0,2.9,4.7,3
2026-03-23T07:00,Leuven,3.7,0.0,0.0,5.1,9.4,3
2026-03-23T08:00,Leuven,3.2,0.0,0.0,5.4,11.2,3
2026-03-23T09:00,Leuven,4.7,0.0,0.0,6.8,12.6,0
2026-03-23T10:00,Leuven,7.1,0.0,0.0,4.0,13.7,0
2026-03-23T11:00,Leuven,9.6,0.0,0.0,4.3,15.1,3
2026-03-23T12:00,Leuven,11.7,0.0,0.0,5.2,16.9,3
2026-03-23T13:00,Leuven,13.1,0.0,0.0,4.6,17.6,3
2026-03-23T14:00,Leuven,14.1,0.0,0.0,3.7,16.6,3
2026-03-23T15:00,Leuven,14.5,0.0,0.0,4.8,15.8,3
2026-03-23T16:00,Leuven,14.7,0.0,0.0,5.9,17.3,3
2026-03-23T17:00,Leuven,14.4,0.0,0.0,7.2,18.0,3
2026-03-23T18:00,Leuven,14.0,0.0,0.0,6.5,17.6,3
2026-03-23T19:00,Leuven,12.7,0.0,0.0,3.8,14.4,3
2026-03-23T20:00,Leuven,10.3,0.0,0.0,6.3,7.2,3
2026-03-23T21:00,Leuven,9.0,0.0,0.0,5.8,10.8,3
2026-03-23T22:00,Leuven,8.0,0.0,0.0,5.4,10.1,3
2026-03-23T23:00,Leuven,7.4,0.0,0.0,2.3,9.0,3
2026-03-24T00:00,Leuven,6.5,0.0,0.0,2.6,3.6,3
2026-03-24T01:00,Leuven,6.1,0.0,0.0,6.3,11.2,3
2026-03-24T02:00,Leuven,6.9,0.0,0.0,7.3,15.1,3
2026-03-24T03:00,Leuven,7.2,0.0,0.0,10.3,18.4,3
2026-03-24T04:00,Leuven,7.1,0.0,0.0,11.2,20.5,3
2026-03-24T05:00,Leuven,7.2,0.0,0.0,11.0,20.9,3
2026-03-24T06:00,Leuven,7.6,0.0,0.0,11.5,21.6,3
2026-03-24T07:00,Leuven,7.3,0.0,0.0,12.4,23.4,3
2026-03-24T08:00,Leuven,7.5,0.0,0.0,14.0,24.8,3
2026-03-24T09:00,Leuven,8.5,0.0,0.0,14.8,28.4,3
2026-03-24T10:00,Leuven,9.6,0.0,0.0,12.6,29.5,3
2026-03-24T11:00,Leuven,11.1,0.0,0.0,14.9,31.7,3
2026-03-24T12:00,Leuven,12.5,0.0,0.0,17.1,36.7,3
2026-03-24T13:00,Leuven,13.3,0.0,0.0,19.0,40.3,3
2026-03-24T14:00,Leuven,15.0,0.0,0.0,18.8,43.6,3
2026-03-24T15:00,Leuven,15.5,0.0,0.0,19.0,41.0,3
2026-03-24T16:00,Leuven,15.8,0.0,0.0,19.8,42.1,3
2026-03-24T17:00,Leuven,15.6,0.0,0.0,19.8,42.1,3
2026-03-24T18:00,Leuven,14.9,0.0,0.0,18.3,41.0,3
2026-03-24T19:00,Leuven,14.1,0.0,0.0,19.1,38.5,3
2026-03-24T20:00,Leuven,13.5,0.0,0.0,18.5,38.9,3
2026-03-24T21:00,Leuven,13.5,0.0,0.0,21.3,41.8,3
2026-03-24T22:00,Leuven,13.0,0.0,0.0,23.2,46.1,1
2026-03-24T23:00,Leuven,12.6,0.0,0.0,24.1,47.9,0
2026-03-25T00:00,Leuven,12.1,0.0,0.0,24.8,49.7,0
2026-03-25T01:00,Leuven,11.6,0.0,0.0,26.1,52.2,0
2026-03-25T02:00,Leuven,11.7,0.0,0.0,26.4,54.4,3
2026-03-25T03:00,Leuven,10.4,0.9,0.9,27.8,55.4,53
2026-03-25T04:00,Leuven,10.7,0.1,0.1,27.2,55.8,51
2026-03-25T05:00,Leuven,9.5,0.7,0.7,28.3,61.9,53
2026-03-25T06:00,Leuven,8.4,0.1,0.1,25.1,61.2,51
2026-03-25T07:00,Leuven,7.8,0.0,0.0,21.8,49.7,0
2026-03-25T08:00,Leuven,7.7,0.0,0.0,19.9,43.6,2
2026-03-25T09:00,Leuven,6.8,0.1,0.1,20.2,42.8,51
2026-03-25T10:00,Leuven,6.5,0.0,0.0,18.8,40.3,2
2026-03-25T11:00,Leuven,8.0,0.1,0.1,22.7,47.5,51
2026-03-25T12:00,Leuven,8.0,0.9,0.6,21.8,50.8,73
2026-03-25T13:00,Leuven,8.5,1.6,1.0,21.3,47.2,73
2026-03-25T14:00,Leuven,7.6,0.1,0.1,14.2,49.3,51
2026-03-25T15:00,Leuven,9.3,0.1,0.1,17.8,43.6,51
2026-03-25T16:00,Leuven,8.2,2.2,1.9,12.8,45.4,73
2026-03-25T17:00,Leuven,8.3,1.1,1.1,16.3,40.0,55
2026-03-25T18:00,Leuven,7.2,0.3,0.3,21.9,46.8,51
2026-03-25T19:00,Leuven,5.6,0.1,0.1,17.7,45.0,51
2026-03-25T20:00,Leuven,5.1,0.0,0.0,11.3,35.3,3
2026-03-25T21:00,Leuven,5.0,0.2,0.2,13.9,27.4,51
2026-03-25T22:00,Leuven,4.3,0.0,0.0,15.2,29.5,2
2026-03-25T23:00,Leuven,3.8,0.0,0.0,15.0,29.5,3
2026-03-26T00:00,Leuven,3.4,0.0,0.0,11.7,29.5,2
2026-03-26T01:00,Leuven,2.9,0.0,0.0,12.1,23.8,3
2026-03-26T02:00,Leuven,3.0,0.0,0.0,11.2,23.4,3
2026-03-26T03:00,Leuven,1.9,0.9,0.4,12.7,23.8,73
2026-03-26T04:00,Leuven,2.6,0.0,0.0,14.8,28.1,3
2026-03-26T05:00,Leuven,2.3,0.0,0.0,14.2,28.1,3
2026-03-26T06:00,Leuven,2.2,0.0,0.0,13.0,27.0,3
2026-03-26T07:00,Leuven,1.8,0.0,0.0,12.9,24.5,3
2026-03-26T08:00,Leuven,2.1,0.0,0.0,12.0,24.5,3
2026-03-26T09:00,Leuven,2.8,0.0,0.0,12.5,24.8,1
2026-03-26T10:00,Leuven,4.2,0.0,0.0,12.2,26.3,1
2026-03-26T11:00,Leuven,5.6,0.0,0.0,14.9,37.1,1
2026-03-26T12:00,Leuven,6.1,0.2,0.2,16.7,40.3,51
2026-03-26T13:00,Leuven,6.1,0.8,0.3,16.6,40.3,73
2026-03-26T14:00,Leuven,5.3,0.1,0.1,20.9,41.8,51
2026-03-26T15:00,Leuven,6.7,0.7,0.5,18.3,42.8,71
2026-03-26T16:00,Leuven,7.3,0.0,0.0,18.0,43.6,1
2026-03-26T17:00,Leuven,6.3,0.2,0.1,17.7,44.3,71
2026-03-26T18:00,Leuven,5.6,0.1,0.1,19.0,40.7,51
2026-03-26T19:00,Leuven,5.1,0.1,0.1,14.1,38.9,51
2026-03-26T20:00,Leuven,3.7,0.0,0.0,12.7,28.4,0
2026-03-26T21:00,Leuven,2.7,0.0,0.0,10.5,25.6,1
2026-03-26T22:00,Leuven,2.2,0.0,0.0,8.6,20.2,2
2026-03-26T23:00,Leuven,1.6,0.0,0.0,6.8,16.2,3
2026-03-27T00:00,Leuven,1.1,0.1,0.0,3.4,13.0,71
2026-03-27T01:00,Leuven,0.6,0.0,0.0,5.1,9.7,0
2026-03-27T02:00,Leuven,1.8,0.0,0.0,7.9,11.5,0
2026-03-27T03:00,Leuven,0.3,0.0,0.0,6.2,14.8,0
2026-03-27T04:00,Leuven,-0.4,0.0,0.0,6.1,11.9,0
2026-03-27T05:00,Leuven,-0.9,0.0,0.0,5.8,11.2,0
2026-03-27T06:00,Leuven,-0.9,0.0,0.0,6.8,12.6,3
2026-03-27T07:00,Leuven,0.2,0.0,0.0,6.7,14.8,2
2026-03-27T08:00,Leuven,-0.4,0.0,0.0,7.6,12.6,1
2026-03-27T09:00,Leuven,1.5,0.0,0.0,9.0,15.5,3
2026-03-27T10:00,Leuven,3.5,0.0,0.0,6.9,16.9,3
2026-03-27T11:00,Leuven,5.3,0.0,0.0,8.0,19.1,3
2026-03-27T12:00,Leuven,6.1,0.0,0.0,9.2,21.6,3
2026-03-27T13:00,Leuven,6.5,0.0,0.0,10.3,23.4,3
2026-03-27T14:00,Leuven,8.4,0.0,0.0,12.7,26.6,3
2026-03-27T15:00,Leuven,8.9,0.0,0.0,14.1,32.0,3
2026-03-27T16:00,Leuven,9.0,0.0,0.0,14.3,32.4,3
2026-03-27T17:00,Leuven,9.4,0.0,0.0,15.2,33.5,3
2026-03-27T18:00,Leuven,9.1,0.0,0.0,15.2,33.5,3
2026-03-27T19:00,Leuven,8.6,0.0,0.0,12.6,31.3,3
2026-03-27T20:00,Leuven,7.7,0.0,0.0,13.9,25.9,3
2026-03-27T21:00,Leuven,7.6,0.0,0.0,15.7,30.2,3
2026-03-27T22:00,Leuven,6.9,0.0,0.0,16.8,33.1,3
2026-03-27T23:00,Leuven,6.9,0.0,0.0,17.4,34.6,3
2026-03-28T00:00,Leuven,6.9,0.0,0.0,18.0,35.6,3
2026-03-28T01:00,Leuven,6.8,0.2,0.2,19.5,37.8,51
2026-03-28T02:00,Leuven,6.0,0.6,0.6,18.7,38.5,53
2026-03-28T03:00,Leuven,5.9,0.6,0.6,18.8,36.4,53
2026-03-28T04:00,Leuven,5.8,0.5,0.5,17.7,34.9,53
2026-03-28T05:00,Leuven,6.1,1.1,1.1,15.7,32.8,55
2026-03-28T06:00,Leuven,6.3,1.6,1.6,12.6,28.8,61
2026-03-28T07:00,Leuven,6.6,0.8,0.8,12.2,24.1,53
2026-03-28T08:00,Leuven,6.4,0.6,0.6,11.9,22.3,53
2026-03-28T09:00,Leuven,6.1,0.2,0.2,14.8,26.3,51
2026-03-28T10:00,Leuven,6.7,0.1,0.1,14.8,33.1,51
2026-03-28T11:00,Leuven,7.8,0.1,0.1,19.9,42.1,51
2026-03-28T12:00,Leuven,8.5,0.1,0.1,19.2,42.8,51
2026-03-28T13:00,Leuven,9.5,0.1,0.1,18.4,43.9,51
2026-03-28T14:00,Leuven,9.3,0.1,0.1,20.7,46.4,51
2026-03-28T15:00,Leuven,9.9,0.0,0.0,20.4,47.2,0
2026-03-28T16:00,Leuven,9.5,0.0,0.0,21.3,46.8,1
2026-03-28T17:00,Leuven,9.1,0.0,0.0,19.4,46.4,1
2026-03-28T18:00,Leuven,8.2,0.0,0.0,20.0,43.6,2
2026-03-28T19:00,Leuven,7.4,0.0,0.0,15.1,41.4,0
2026-03-28T20:00,Leuven,6.0,0.0,0.0,8.9,30.2,3
2026-03-28T21:00,Leuven,5.3,0.0,0.0,11.9,22.0,2
2026-03-28T22:00,Leuven,4.3,0.0,0.0,8.0,23.4,3
2026-03-28T23:00,Leuven,4.1,0.0,0.0,14.6,26.3,0
2026-03-29T00:00,Leuven,3.6,0.0,0.0,13.5,29.2,3
2026-03-29T01:00,Leuven,3.5,0.3,0.3,12.7,25.9,51
2026-03-29T02:00,Leuven,3.9,0.1,0.1,12.7,23.8,51
2026-03-29T03:00,Leuven,3.2,0.0,0.0,8.1,22.3,0
2026-03-29T04:00,Leuven,3.0,0.0,0.0,9.7,17.3,0
2026-03-29T05:00,Leuven,2.8,0.0,0.0,9.8,19.1,0
2026-03-29T06:00,Leuven,2.3,0.0,0.0,7.3,18.0,0
2026-03-29T07:00,Leuven,1.8,0.0,0.0,7.5,13.3,0
2026-03-29T08:00,Leuven,2.3,0.0,0.0,8.9,14.4,0
2026-03-29T09:00,Leuven,3.8,0.0,0.0,8.8,15.8,0
2026-03-29T10:00,Leuven,6.0,0.0,0.0,5.8,16.2,0
2026-03-29T11:00,Leuven,7.8,0.0,0.0,7.0,19.4,1
2026-03-29T12:00,Leuven,8.8,0.0,0.0,6.4,19.4,2
2026-03-29T13:00,Leuven,9.8,0.0,0.0,9.8,24.8,3
2026-03-29T14:00,Leuven,10.4,0.0,0.0,14.5,31.3,3
2026-03-29T15:00,Leuven,10.3,0.0,0.0,16.6,36.7,3
2026-03-29T16:00,Leuven,10.2,0.0,0.0,18.2,38.9,3
2026-03-29T17:00,Leuven,10.2,0.0,0.0,19.2,41.0,3
2026-03-29T18:00,Leuven,9.7,0.0,0.0,16.9,43.6,3
2026-03-29T19:00,Leuven,8.9,0.0,0.0,16.5,34.2,3
2026-03-29T20:00,Leuven,8.1,0.0,0.0,17.5,37.4,3
2026-03-29T21:00,Leuven,7.6,0.1,0.1,19.8,38.9,51
2026-03-29T22:00,Leuven,7.2,0.2,0.2,23.5,46.1,51
2026-03-29T23:00,Leuven,7.1,0.2,0.2,25.4,50.4,51
2026-03-30T00:00,Leuven,7.2,0.2,0.2,25.8,51.8,51
2026-03-30T01:00,Leuven,7.1,0.5,0.5,25.9,51.8,53
2026-03-30T02:00,Leuven,7.0,0.1,0.1,24.1,51.1,51
2026-03-30T03:00,Leuven,7.7,0.6,0.6,25.8,49.0,53
2026-03-30T04:00,Leuven,7.7,0.1,0.1,26.3,61.2,51
2026-03-30T05:00,Leuven,7.4,0.0,0.0,22.0,58.0,1
2026-03-30T06:00,Leuven,6.8,0.0,0.0,19.7,43.2,3
2026-03-30T07:00,Leuven,6.9,0.0,0.0,19.2,39.2,1
2026-03-30T08:00,Leuven,6.3,0.1,0.1,18.3,41.4,51
2026-03-30T09:00,Leuven,6.9,0.1,0.1,18.2,41.4,51
2026-03-30T10:00,Leuven,7.7,0.2,0.2,18.6,46.8,51
2026-03-30T11:00,Leuven,7.3,1.5,1.5,19.9,46.1,61
2026-03-30T12:00,Leuven,8.0,0.8,0.7,18.7,41.4,71
2026-03-30T13:00,Leuven,9.7,0.1,0.1,24.9,55.1,51
2026-03-30T14:00,Leuven,8.0,0.4,0.4,22.5,55.8,51
2026-03-30T15:00,Leuven,9.8,0.1,0.1,23.5,54.7,51
2026-03-30T16:00,Leuven,9.3,0.0,0.0,25.8,57.6,1
2026-03-30T17:00,Leuven,9.3,0.1,0.1,22.2,54.0,51
2026-03-30T18:00,Leuven,8.8,0.1,0.1,21.8,53.6,51
2026-03-30T19:00,Leuven,8.1,0.0,0.0,20.8,50.8,1
2026-03-30T20:00,Leuven,7.0,0.0,0.0,14.7,41.4,0
2026-03-30T21:00,Leuven,6.3,0.0,0.0,14.1,30.2,0
2026-03-30T22:00,Leuven,5.6,0.0,0.0,11.5,27.7,0
2026-03-30T23:00,Leuven,4.6,0.0,0.0,8.9,22.3,0
2026-03-31T00:00,Leuven,3.6,0.0,0.0,7.4,17.3,0
2026-03-31T01:00,Leuven,3.1,0.0,0.0,6.9,14.4,0
2026-03-31T02:00,Leuven,3.1,0.0,0.0,7.1,13.3,0
2026-03-31T03:00,Leuven,2.6,0.0,0.0,7.2,13.7,0
2026-03-31T04:00,Leuven,2.3,0.0,0.0,6.7,14.0,0
2026-03-31T05:00,Leuven,2.0,0.0,0.0,6.8,12.6,0
2026-03-31T06:00,Leuven,2.0,0.0,0.0,7.2,13.7,0
2026-03-31T07:00,Leuven,1.9,0.0,0.0,6.8,13.3,1
2026-03-31T08:00,Leuven,2.9,0.0,0.0,8.4,15.5,1
2026-03-31T09:00,Leuven,4.8,0.0,0.0,10.8,18.4,0
2026-03-31T10:00,Leuven,7.1,0.0,0.0,8.2,19.8,0
2026-03-31T11:00,Leuven,9.0,0.0,0.0,11.4,26.3,1
2026-03-31T12:00,Leuven,9.5,0.0,0.0,10.1,27.4,3
2026-03-31T13:00,Leuven,9.9,0.0,0.0,11.6,26.6,3
2026-03-31T14:00,Leuven,9.9,0.0,0.0,11.9,26.6,3
2026-03-31T15:00,Leuven,9.7,0.4,0.4,8.4,25.2,51
2026-03-31T16:00,Leuven,10.8,0.1,0.1,9.6,21.2,51
2026-03-31T17:00,Leuven,11.0,0.0,0.0,12.3,26.6,3
2026-03-31T18:00,Leuven,10.7,0.0,0.0,13.2,29.2,2
2026-03-31T19:00,Leuven,9.8,0.0,0.0,11.1,28.1,1
2026-03-31T20:00,Leuven,9.3,0.0,0.0,9.0,22.3,1
2026-03-31T21:00,Leuven,7.5,0.0,0.0,8.7,17.3,3
2026-03-31T22:00,Leuven,6.6,0.0,0.0,7.3,16.2,2
2026-03-31T23:00,Leuven,5.5,0.0,0.0,6.4,13.7,0
2026-04-01T00:00,Leuven,4.6,0.0,0.0,3.7,11.9,0
2026-04-01T01:00,Leuven,4.4,0.0,0.0,1.2,5.4,1
2026-04-01T02:00,Leuven,5.9,0.0,0.0,2.3,2.2,3
2026-04-01T03:00,Leuven,5.8,0.0,0.0,0.6,3.2,3
2026-04-01T04:00,Leuven,5.6,0.0,0.0,0.7,1.4,3
2026-04-01T05:00,Leuven,5.6,0.0,0.0,1.0,3.2,3
2026-04-01T06:00,Leuven,5.2,0.0,0.0,1.9,2.9,3
2026-04-01T07:00,Leuven,4.9,0.0,0.0,2.7,5.0,3
2026-04-01T08:00,Leuven,5.7,0.0,0.0,4.4,9.7,3
2026-04-01T09:00,Leuven,6.7,0.0,0.0,3.8,10.1,3
2026-04-01T10:00,Leuven,7.7,0.0,0.0,4.2,12.6,3
2026-04-01T11:00,Leuven,8.6,0.0,0.0,5.0,14.4,3
2026-04-01T12:00,Leuven,9.4,0.0,0.0,5.9,16.6,3
2026-04-01T13:00,Leuven,10.4,0.0,0.0,6.9,20.2,2
2026-04-01T14:00,Leuven,11.2,0.0,0.0,6.6,21.2,2
2026-04-01T15:00,Leuven,12.1,0.0,0.0,5.8,20.2,1
2026-04-01T16:00,Leuven,12.6,0.0,0.0,4.5,18.4,0
2026-04-01T17:00,Leuven,12.7,0.0,0.0,4.0,16.2,0
2026-04-01T18:00,Leuven,12.4,0.0,0.0,3.6,14.0,0
2026-04-01T19:00,Leuven,11.6,0.0,0.0,2.5,11.2,0
2026-04-01T20:00,Leuven,9.5,0.0,0.0,3.4,7.9,0
2026-04-01T21:00,Leuven,7.6,0.0,0.0,5.1,7.9,0
2026-04-01T22:00,Leuven,6.5,0.0,0.0,5.2,8.3,0
2026-04-01T23:00,Leuven,5.6,0.0,0.0,7.2,13.3,0
2026-04-02T00:00,Leuven,4.8,0.0,0.0,7.9,14.4,0
2026-04-02T01:00,Leuven,4.6,0.0,0.0,7.9,15.8,0
2026-04-02T02:00,Leuven,5.6,0.0,0.0,7.1,14.8,3
2026-04-02T03:00,Leuven,6.6,0.0,0.0,8.2,15.1,3
2026-04-02T04:00,Leuven,6.4,0.0,0.0,8.6,15.8,2
2026-04-02T05:00,Leuven,6.8,0.0,0.0,9.6,18.0,3
2026-04-02T06:00,Leuven,7.0,0.0,0.0,9.7,18.4,3
2026-04-02T07:00,Leuven,7.1,0.4,0.4,11.0,20.5,51
2026-04-02T08:00,Leuven,7.0,0.6,0.6,11.9,21.2,53
2026-04-02T09:00,Leuven,7.4,0.3,0.3,10.6,21.2,51
2026-04-02T10:00,Leuven,8.6,0.0,0.0,11.3,23.0,3
2026-04-02T11:00,Leuven,10.6,0.0,0.0,10.0,26.3,3
2026-04-02T12:00,Leuven,11.4,0.1,0.1,9.0,24.8,51
2026-04-02T13:00,Leuven,11.3,0.2,0.2,11.8,28.8,51
2026-04-02T14:00,Leuven,9.8,1.1,1.1,11.8,29.9,55
2026-04-02T15:00,Leuven,9.9,0.1,0.1,15.3,32.0,51
2026-04-02T16:00,Leuven,9.7,0.1,0.1,16.0,36.0,51
2026-04-02T17:00,Leuven,9.6,0.0,0.0,15.7,34.6,3
2026-04-02T18:00,Leuven,9.2,0.0,0.0,14.5,33.8,3
2026-04-02T19:00,Leuven,9.0,0.0,0.0,11.5,33.1,3
2026-04-02T20:00,Leuven,8.0,0.0,0.0,10.2,23.0,3
2026-04-02T21:00,Leuven,7.4,0.0,0.0,11.6,22.7,3
2026-04-02T22:00,Leuven,6.7,0.0,0.0,9.8,23.0,3
2026-04-02T23:00,Leuven,6.3,0.0,0.0,7.4,19.1,3
2026-04-03T00:00,Leuven,4.8,0.0,0.0,5.1,14.0,2
2026-04-03T01:00,Leuven,4.2,0.0,0.0,4.0,9.7,3
2026-04-03T02:00,Leuven,4.1,0.0,0.0,4.1,6.5,0
2026-04-03T03:00,Leuven,2.8,0.0,0.0,4.9,8.3,1
2026-04-03T04:00,Leuven,2.3,0.0,0.0,5.2,9.4,3
2026-04-03T05:00,Leuven,2.0,0.0,0.0,4.5,8.6,3
2026-04-03T06:00,Leuven,2.5,0.0,0.0,5.7,10.8,3
2026-04-03T07:00,Leuven,3.1,0.0,0.0,8.0,14.8,3
2026-04-03T08:00,Leuven,4.1,0.0,0.0,9.5,18.7,3
2026-04-03T09:00,Leuven,5.2,0.0,0.0,9.9,19.4,3
2026-04-03T10:00,Leuven,6.1,0.0,0.0,10.9,22.3,3
2026-04-03T11:00,Leuven,6.7,0.0,0.0,14.1,29.5,3
2026-04-03T12:00,Leuven,8.2,0.0,0.0,17.1,36.0,3
2026-04-03T13:00,Leuven,10.6,0.0,0.0,19.0,42.1,2
2026-04-03T14:00,Leuven,11.3,0.0,0.0,21.1,43.2,3
2026-04-03T15:00,Leuven,12.7,0.0,0.0,23.2,49.7,3
2026-04-03T16:00,Leuven,12.9,0.0,0.0,23.8,49.7,3
2026-04-03T17:00,Leuven,12.1,0.0,0.0,20.7,49.7,3
2026-04-03T18:00,Leuven,11.5,0.0,0.0,21.0,42.8,3
2026-04-03T19:00,Leuven,11.2,0.1,0.1,22.9,45.7,51
2026-04-03T20:00,Leuven,10.7,0.0,0.0,22.4,47.9,3
2026-04-03T21:00,Leuven,10.8,0.0,0.0,22.6,45.7,3
2026-04-03T22:00,Leuven,11.0,0.0,0.0,22.4,45.7,3
2026-04-03T23:00,Leuven,11.2,0.0,0.0,22.0,45.4,3
2026-04-04T00:00,Leuven,11.4,0.0,0.0,21.6,44.3,3
2026-04-04T01:00,Leuven,11.7,0.0,0.0,20.9,43.9,3
2026-04-04T02:00,Leuven,11.8,0.0,0.0,19.5,42.1,3
2026-04-04T03:00,Leuven,11.8,0.0,0.0,18.8,39.2,3
2026-04-04T04:00,Leuven,11.5,0.0,0.0,18.1,37.8,3
2026-04-04T05:00,Leuven,11.2,0.1,0.1,17.5,36.0,51
2026-04-04T06:00,Leuven,10.7,0.1,0.1,14.4,34.6,51
2026-04-04T07:00,Leuven,10.4,0.0,0.0,13.4,27.7,3
2026-04-04T08:00,Leuven,10.4,0.0,0.0,12.8,26.3,3
2026-04-04T09:00,Leuven,10.7,0.1,0.1,14.5,28.8,51
2026-04-04T10:00,Leuven,11.5,0.0,0.0,14.8,33.5,2
2026-04-04T11:00,Leuven,12.4,0.0,0.0,16.6,35.3,1
2026-04-04T12:00,Leuven,13.5,0.0,0.0,18.3,39.2,3
2026-04-04T13:00,Leuven,13.5,0.0,0.0,16.2,38.9,3
2026-04-04T14:00,Leuven,13.8,0.0,0.0,17.2,34.9,3
2026-04-04T15:00,Leuven,14.5,0.0,0.0,16.9,36.7,3
2026-04-04T16:00,Leuven,15.4,0.0,0.0,17.7,39.6,3
2026-04-04T17:00,Leuven,15.5,0.0,0.0,18.9,39.2,3
2026-04-04T18:00,Leuven,15.8,0.0,0.0,18.5,40.3,1
2026-04-04T19:00,Leuven,15.6,0.0,0.0,16.0,37.8,2
2026-04-04T20:00,Leuven,14.2,0.0,0.0,16.4,34.9,0
2026-04-04T21:00,Leuven,13.3,0.0,0.0,18.0,35.3,3
2026-04-04T22:00,Leuven,13.2,0.0,0.0,20.4,40.0,3
2026-04-04T23:00,Leuven,13.3,0.0,0.0,22.5,44.6,3
2026-04-05T00:00,Leuven,13.4,0.0,0.0,23.5,46.4,3
2026-04-05T01:00,Leuven,13.8,0.0,0.0,25.3,50.0,3
2026-04-05T02:00,Leuven,14.1,0.0,0.0,25.7,52.6,3
2026-04-05T03:00,Leuven,14.1,0.0,0.0,25.8,52.6,3
2026-04-05T04:00,Leuven,14.1,0.0,0.0,25.2,51.8,3
2026-04-05T05:00,Leuven,13.6,0.0,0.0,23.2,50.4,3
2026-04-05T06:00,Leuven,12.5,0.0,0.0,22.3,46.1,3
2026-04-05T07:00,Leuven,12.2,0.0,0.0,22.6,46.1,3
2026-04-05T08:00,Leuven,11.7,0.0,0.0,20.8,46.1,3
2026-04-05T09:00,Leuven,11.6,0.0,0.0,22.5,45.4,3
2026-04-05T10:00,Leuven,11.5,0.0,0.0,22.7,52.6,3
2026-04-05T11:00,Leuven,11.2,0.0,0.0,21.8,52.2,3
2026-04-05T12:00,Leuven,10.9,0.0,0.0,20.2,46.4,3
2026-04-05T13:00,Leuven,10.9,0.0,0.0,21.2,45.0,3
2026-04-05T14:00,Leuven,10.6,0.1,0.1,21.8,45.7,51
2026-04-05T15:00,Leuven,10.9,0.1,0.1,21.9,47.2,51
2026-04-05T16:00,Leuven,12.1,0.1,0.1,25.8,54.4,51
2026-04-05T17:00,Leuven,12.8,0.1,0.1,25.1,54.7,51
2026-04-05T18:00,Leuven,12.5,0.0,0.0,23.7,58.0,3
2026-04-05T19:00,Leuven,11.6,0.0,0.0,20.0,49.7,1
2026-04-05T20:00,Leuven,10.7,0.0,0.0,16.6,40.0,2
2026-04-05T21:00,Leuven,9.5,0.0,0.0,15.4,33.5,3
2026-04-05T22:00,Leuven,8.6,0.0,0.0,14.4,30.6,2
2026-04-05T23:00,Leuven,7.8,0.0,0.0,12.9,28.1,3
2026-04-06T00:00,Leuven,7.2,0.0,0.0,12.9,25.9,3
2026-04-06T01:00,Leuven,6.5,0.0,0.0,10.9,24.8,3
2026-04-06T02:00,Leuven,5.7,0.0,0.0,9.1,20.9,3
2026-04-06T03:00,Leuven,4.9,0.0,0.0,7.5,16.9,0
2026-04-06T04:00,Leuven,4.2,0.0,0.0,6.6,14.4,0
2026-04-06T05:00,Leuven,3.6,0.0,0.0,6.0,12.6,3
2026-04-06T06:00,Leuven,3.4,0.0,0.0,6.4,12.6,3
2026-04-06T07:00,Leuven,2.9,0.0,0.0,5.1,12.2,3
2026-04-06T08:00,Leuven,3.7,0.0,0.0,5.0,9.4,3
2026-04-06T09:00,Leuven,5.5,0.0,0.0,5.5,12.2,3
2026-04-06T10:00,Leuven,7.9,0.0,0.0,3.1,13.0,3
2026-04-06T11:00,Leuven,9.8,0.0,0.0,1.1,12.2,3
2026-04-06T12:00,Leuven,11.2,0.0,0.0,2.5,13.3,3
2026-04-06T13:00,Leuven,12.1,0.0,0.0,4.1,15.8,3
2026-04-06T14:00,Leuven,12.8,0.0,0.0,4.1,16.9,3
2026-04-06T15:00,Leuven,13.4,0.0,0.0,4.1,15.8,3
2026-04-06T16:00,Leuven,13.5,0.0,0.0,4.8,16.2,3
2026-04-06T17:00,Leuven,13.3,0.0,0.0,5.8,16.2,2
2026-04-06T18:00,Leuven,13.0,0.0,0.0,6.1,16.2,0
2026-04-06T19:00,Leuven,12.4,0.0,0.0,4.9,15.1,0
2026-04-06T20:00,Leuven,10.3,0.0,0.0,5.6,10.1,0
2026-04-06T21:00,Leuven,8.8,0.0,0.0,6.9,12.2,0
2026-04-06T22:00,Leuven,8.1,0.0,0.0,7.0,12.6,0
2026-04-06T23:00,Leuven,7.7,0.0,0.0,8.0,14.4,0
2026-04-07T00:00,Leuven,6.9,0.0,0.0,8.7,15.8,0
2026-04-07T01:00,Leuven,6.3,0.0,0.0,9.4,17.3,0
2026-04-07T02:00,Leuven,6.1,0.0,0.0,9.2,17.3,0
2026-04-07T03:00,Leuven,6.0,0.0,0.0,9.5,18.0,0
2026-04-07T04:00,Leuven,5.3,0.0,0.0,9.2,17.6,0
2026-04-07T05:00,Leuven,4.8,0.0,0.0,8.5,16.9,0
2026-04-07T06:00,Leuven,4.3,0.0,0.0,8.5,15.8,0
2026-04-07T07:00,Leuven,3.9,0.0,0.0,8.6,15.8,0
2026-04-07T08:00,Leuven,4.9,0.0,0.0,10.3,18.4,0
2026-04-07T09:00,Leuven,6.8,0.0,0.0,9.0,19.4,0
2026-04-07T10:00,Leuven,9.0,0.0,0.0,7.5,19.1,0
2026-04-07T11:00,Leuven,11.5,0.0,0.0,7.7,20.5,0
2026-04-07T12:00,Leuven,13.7,0.0,0.0,10.4,25.6,2
2026-04-07T13:00,Leuven,15.3,0.0,0.0,13.2,31.0,0
2026-04-07T14:00,Leuven,16.7,0.0,0.0,13.7,32.0,0
2026-04-07T15:00,Leuven,17.0,0.0,0.0,13.5,31.7,0
2026-04-07T16:00,Leuven,17.1,0.0,0.0,12.6,31.0,0
2026-04-07T17:00,Leuven,16.9,0.0,0.0,12.7,29.2,0
2026-04-07T18:00,Leuven,16.3,0.0,0.0,12.7,28.4,0
2026-04-07T19:00,Leuven,15.2,0.0,0.0,10.3,26.3,0
2026-04-07T20:00,Leuven,13.6,0.0,0.0,9.9,20.5,0
2026-04-07T21:00,Leuven,12.3,0.0,0.0,11.6,21.2,0
2026-04-07T22:00,Leuven,11.2,0.0,0.0,11.7,21.6,0
2026-04-07T23:00,Leuven,10.2,0.0,0.0,11.5,21.6,0
2026-04-08T00:00,Leuven,9.3,0.0,0.0,11.5,21.6,0
2026-04-08T01:00,Leuven,8.4,0.0,0.0,11.2,21.2,0
2026-04-08T02:00,Leuven,8.0,0.0,0.0,9.4,20.5,0
2026-04-08T03:00,Leuven,7.5,0.0,0.0,8.8,17.6,0
2026-04-08T04:00,Leuven,6.5,0.0,0.0,6.8,16.2,0
2026-04-08T05:00,Leuven,5.6,0.0,0.0,6.0,12.6,0
2026-04-08T06:00,Leuven,5.2,0.0,0.0,6.0,11.2,0
2026-04-08T07:00,Leuven,4.8,0.0,0.0,6.1,11.2,0
2026-04-08T08:00,Leuven,6.9,0.0,0.0,6.8,14.0,0
2026-04-08T09:00,Leuven,9.3,0.0,0.0,7.3,14.8,0
2026-04-08T10:00,Leuven,11.9,0.0,0.0,5.1,14.4,0
2026-04-08T11:00,Leuven,14.4,0.0,0.0,4.4,14.8,0
2026-04-08T12:00,Leuven,16.6,0.0,0.0,4.0,15.1,0
2026-04-08T13:00,Leuven,18.3,0.0,0.0,4.9,16.6,0
2026-04-08T14:00,Leuven,20.1,0.0,0.0,7.2,18.7,0
2026-04-08T15:00,Leuven,20.3,0.0,0.0,8.0,20.2,2
2026-04-08T16:00,Leuven,20.4,0.0,0.0,8.1,20.5,1
2026-04-08T17:00,Leuven,20.4,0.0,0.0,7.4,20.2,1
2026-04-08T18:00,Leuven,20.0,0.0,0.0,6.1,17.3,2
2026-04-08T19:00,Leuven,18.7,0.0,0.0,4.2,13.3,1
2026-04-08T20:00,Leuven,16.2,0.0,0.0,6.9,11.5,0
2026-04-08T21:00,Leuven,14.5,0.0,0.0,8.8,15.8,3
2026-04-08T22:00,Leuven,13.1,0.0,0.0,8.7,16.6,3
2026-04-08T23:00,Leuven,11.4,0.0,0.0,7.6,15.5,0
2026-04-09T00:00,Leuven,10.3,0.0,0.0,7.3,13.7,0
2026-04-09T01:00,Leuven,9.2,0.0,0.0,6.8,13.3,1
2026-04-09T02:00,Leuven,8.8,0.0,0.0,5.8,11.9,0
2026-04-09T03:00,Leuven,7.7,0.0,0.0,6.3,10.1,1
2026-04-09T04:00,Leuven,8.4,0.0,0.0,7.4,13.0,0
2026-04-09T05:00,Leuven,8.1,0.0,0.0,6.6,13.0,2
2026-04-09T06:00,Leuven,7.8,0.0,0.0,6.3,10.1,0
2026-04-09T07:00,Leuven,7.8,0.0,0.0,6.6,11.5,0
2026-04-09T08:00,Leuven,9.4,0.0,0.0,6.9,11.9,0
2026-04-09T09:00,Leuven,11.9,0.0,0.0,7.9,14.8,3
2026-04-09T10:00,Leuven,14.7,0.0,0.0,6.0,15.5,3
2026-04-09T11:00,Leuven,17.3,0.0,0.0,5.5,15.8,3
2026-04-09T12:00,Leuven,19.5,0.0,0.0,6.4,17.6,3
2026-04-09T13:00,Leuven,20.9,0.0,0.0,6.9,19.1,2
2026-04-09T14:00,Leuven,22.4,0.0,0.0,7.2,20.2,1
2026-04-09T15:00,Leuven,23.0,0.0,0.0,8.5,20.9,3
2026-04-09T16:00,Leuven,22.7,0.0,0.0,9.2,21.2,1
2026-04-09T17:00,Leuven,22.7,0.0,0.0,9.8,22.0,3
2026-04-09T18:00,Leuven,22.1,0.0,0.0,7.3,21.6,3
2026-04-09T19:00,Leuven,20.8,0.0,0.0,7.6,15.1,3
2026-04-09T20:00,Leuven,18.3,0.1,0.1,3.8,16.6,51
2026-04-09T21:00,Leuven,18.0,0.5,0.5,9.2,14.4,53
2026-04-09T22:00,Leuven,15.3,1.0,1.0,4.7,19.4,55
2026-04-09T23:00,Leuven,15.8,0.0,0.0,17.8,29.9,3
2026-04-10T00:00,Leuven,14.1,0.1,0.1,21.3,43.6,51
2026-04-10T01:00,Leuven,13.0,0.0,0.0,17.7,41.8,3
2026-04-10T02:00,Leuven,11.0,0.0,0.0,15.7,34.9,3
2026-04-10T03:00,Leuven,9.8,0.0,0.0,14.3,31.3,3
2026-04-10T04:00,Leuven,9.3,0.0,0.0,14.3,30.6,3
2026-04-10T05:00,Leuven,8.5,0.0,0.0,14.9,31.0,3
2026-04-10T06:00,Leuven,7.9,0.0,0.0,14.5,29.9,3
2026-04-10T07:00,Leuven,7.5,0.0,0.0,11.9,28.8,3
2026-04-10T08:00,Leuven,7.3,0.0,0.0,7.9,23.4,3
2026-04-10T09:00,Leuven,7.7,0.0,0.0,5.1,15.5,3
2026-04-10T10:00,Leuven,8.4,0.0,0.0,6.2,17.6,3
2026-04-10T11:00,Leuven,9.4,0.0,0.0,5.4,17.3,3
2026-04-10T12:00,Leuven,10.4,0.0,0.0,3.7,16.2,3
2026-04-10T13:00,Leuven,11.1,0.0,0.0,4.4,15.5,3
2026-04-10T14:00,Leuven,12.3,0.0,0.0,6.2,19.8,3
2026-04-10T15:00,Leuven,12.6,0.0,0.0,7.0,19.1,3
2026-04-10T16:00,Leuven,12.0,0.0,0.0,8.1,19.4,3
2026-04-10T17:00,Leuven,12.1,0.0,0.0,7.6,19.8,3
2026-04-10T18:00,Leuven,11.8,0.0,0.0,5.0,18.7,3
2026-04-10T19:00,Leuven,11.6,0.0,0.0,2.0,10.8,3
2026-04-10T20:00,Leuven,10.8,0.0,0.0,2.8,6.8,3
2026-04-10T21:00,Leuven,10.2,0.0,0.0,7.0,11.9,3
2026-04-10T22:00,Leuven,9.7,0.0,0.0,9.7,17.6,2
2026-04-10T23:00,Leuven,8.6,0.0,0.0,11.0,20.5,3
2026-04-11T00:00,Leuven,7.9,0.0,0.0,11.5,21.2,3
2026-04-11T01:00,Leuven,7.3,0.0,0.0,9.4,22.0,3
2026-04-11T02:00,Leuven,7.4,0.0,0.0,10.2,17.3,3
2026-04-11T03:00,Leuven,6.8,0.0,0.0,9.8,19.1,3
2026-04-11T04:00,Leuven,6.7,0.0,0.0,9.7,18.4,3
2026-04-11T05:00,Leuven,7.1,0.0,0.0,9.9,19.1,3
2026-04-11T06:00,Leuven,7.5,0.0,0.0,11.1,21.2,3
2026-04-11T07:00,Leuven,7.6,0.0,0.0,12.1,22.3,3
2026-04-11T08:00,Leuven,8.1,0.0,0.0,12.9,23.4,3
2026-04-11T09:00,Leuven,9.8,0.0,0.0,14.7,28.1,3
2026-04-11T10:00,Leuven,11.8,0.0,0.0,11.6,28.4,3
2026-04-11T11:00,Leuven,14.0,0.0,0.0,12.4,27.0,3
2026-04-11T12:00,Leuven,16.7,0.0,0.0,15.2,32.8,3
2026-04-11T13:00,Leuven,18.9,0.0,0.0,17.9,39.2,2
2026-04-11T14:00,Leuven,20.4,0.0,0.0,18.2,43.6,3
2026-04-11T15:00,Leuven,20.1,0.0,0.0,17.8,40.0,3
2026-04-11T16:00,Leuven,18.2,0.0,0.0,20.9,44.6,3
2026-04-11T17:00,Leuven,15.3,2.2,2.2,19.2,43.2,61
2026-04-11T18:00,Leuven,12.5,0.4,0.4,20.9,45.4,51
2026-04-11T19:00,Leuven,11.8,0.0,0.0,21.4,43.2,3
2026-04-11T20:00,Leuven,10.3,0.0,0.0,19.0,45.0,3
2026-04-11T21:00,Leuven,9.7,0.0,0.0,14.2,38.2,3
2026-04-11T22:00,Leuven,9.2,0.0,0.0,11.8,28.4,3
2026-04-11T23:00,Leuven,8.9,0.0,0.0,11.3,23.0,3
2026-04-12T00:00,Leuven,8.4,0.0,0.0,10.7,22.0,3
2026-04-12T01:00,Leuven,7.5,0.0,0.0,10.9,20.9,3
2026-04-12T02:00,Leuven,6.5,0.0,0.0,11.5,22.3,3
2026-04-12T03:00,Leuven,6.3,0.0,0.0,10.5,22.7,3
2026-04-12T04:00,Leuven,5.9,0.0,0.0,10.5,20.2,3
2026-04-12T05:00,Leuven,5.5,0.0,0.0,10.8,20.5,3
2026-04-12T06:00,Leuven,5.6,0.0,0.0,11.4,21.6,3
2026-04-12T07:00,Leuven,5.5,0.0,0.0,12.7,24.1,3
2026-04-12T08:00,Leuven,6.2,0.0,0.0,12.9,25.2,3
2026-04-12T09:00,Leuven,7.5,0.0,0.0,10.9,25.2,3
2026-04-12T10:00,Leuven,9.1,0.0,0.0,11.4,26.3,3
2026-04-12T11:00,Leuven,10.6,0.0,0.0,12.6,29.5,3
2026-04-12T12:00,Leuven,11.7,0.0,0.0,14.5,33.5,3
2026-04-12T13:00,Leuven,13.1,0.0,0.0,16.6,38.5,3
2026-04-12T14:00,Leuven,12.8,0.0,0.0,15.6,37.4,3
2026-04-12T15:00,Leuven,13.3,0.0,0.0,14.2,34.2,3
2026-04-12T16:00,Leuven,13.1,0.0,0.0,13.5,32.4,3
2026-04-12T17:00,Leuven,13.3,0.0,0.0,12.3,29.9,3
2026-04-12T18:00,Leuven,13.0,0.0,0.0,11.5,27.0,3
2026-04-12T19:00,Leuven,12.6,0.0,0.0,7.8,24.5,3
2026-04-12T20:00,Leuven,11.1,0.0,0.0,6.2,15.8,3
2026-04-12T21:00,Leuven,9.0,0.0,0.0,5.5,12.2,3
2026-04-12T22:00,Leuven,8.2,0.0,0.0,5.2,9.7,3
2026-04-12T23:00,Leuven,7.3,0.0,0.0,5.1,9.4,3
2026-04-13T00:00,Leuven,6.8,0.0,0.0,4.9,9.0,3
2026-04-13T01:00,Leuven,6.1,0.0,0.0,5.3,9.4,3
2026-04-13T02:00,Leuven,5.9,0.0,0.0,4.0,9.4,3
2026-04-13T03:00,Leuven,4.6,0.0,0.0,4.4,7.9,3
2026-04-13T04:00,Leuven,4.2,0.0,0.0,2.1,7.6,3
2026-04-13T05:00,Leuven,4.1,0.0,0.0,0.6,3.6,3
2026-04-13T06:00,Leuven,4.0,0.0,0.0,0.5,2.2,3
2026-04-13T07:00,Leuven,4.2,0.0,0.0,0.6,2.2,3
2026-04-13T08:00,Leuven,4.8,0.0,0.0,4.1,5.4,3
2026-04-13T09:00,Leuven,6.7,0.0,0.0,3.3,9.0,3
2026-04-13T10:00,Leuven,8.9,0.0,0.0,2.6,10.8,3
2026-04-13T11:00,Leuven,10.3,0.0,0.0,3.7,12.6,3
2026-04-13T12:00,Leuven,11.2,0.0,0.0,3.4,13.0,3
2026-04-13T13:00,Leuven,11.5,0.0,0.0,2.4,12.6,3
2026-04-13T14:00,Leuven,12.4,0.0,0.0,4.2,10.1,3
2026-04-13T15:00,Leuven,12.6,0.0,0.0,4.0,12.6,3
2026-04-13T16:00,Leuven,12.6,0.0,0.0,4.6,12.2,3
2026-04-13T17:00,Leuven,12.5,0.0,0.0,5.4,13.3,3
2026-04-13T18:00,Leuven,12.0,0.0,0.0,4.0,12.2,3
2026-04-13T19:00,Leuven,11.0,0.2,0.2,6.2,13.0,51
2026-04-13T20:00,Leuven,10.3,0.0,0.0,6.0,13.3,3
2026-04-13T21:00,Leuven,9.4,0.0,0.0,0.4,11.2,3
2026-04-13T22:00,Leuven,8.7,0.0,0.0,0.2,2.2,3
2026-04-13T23:00,Leuven,7.5,0.0,0.0,0.9,1.8,0
2026-04-14T00:00,Leuven,6.2,0.0,0.0,2.4,3.6,0
2026-04-14T01:00,Leuven,5.3,0.0,0.0,3.1,5.0,0
2026-04-14T02:00,Leuven,4.8,0.0,0.0,5.2,6.5,0
2026-04-14T03:00,Leuven,4.3,0.0,0.0,5.6,9.7,0
2026-04-14T04:00,Leuven,4.0,0.0,0.0,5.6,10.1,0
2026-04-14T05:00,Leuven,3.8,0.0,0.0,5.6,10.1,0
2026-04-14T06:00,Leuven,3.6,0.0,0.0,5.6,10.1,0
2026-04-14T07:00,Leuven,3.1,0.0,0.0,5.2,10.1,1
2026-04-14T08:00,Leuven,4.8,0.0,0.0,6.9,12.2,3
2026-04-14T09:00,Leuven,6.7,0.0,0.0,5.4,14.0,1
2026-04-14T10:00,Leuven,8.9,0.0,0.0,4.0,15.1,0
2026-04-14T11:00,Leuven,10.8,0.0,0.0,2.4,14.0,1
2026-04-14T12:00,Leuven,12.0,0.0,0.0,3.3,14.4,3
2026-04-14T13:00,Leuven,12.9,0.0,0.0,3.9,15.1,3
2026-04-14T14:00,Leuven,13.9,0.0,0.0,4.1,16.6,1
2026-04-14T15:00,Leuven,15.0,0.0,0.0,4.6,16.6,1
2026-04-14T16:00,Leuven,15.4,0.0,0.0,4.8,16.9,0
2026-04-14T17:00,Leuven,15.4,0.0,0.0,5.4,16.2,0
2026-04-14T18:00,Leuven,15.1,0.0,0.0,5.8,16.2,1
2026-04-14T19:00,Leuven,14.4,0.0,0.0,4.2,15.5,2
2026-04-14T20:00,Leuven,12.9,0.0,0.0,1.4,9.0,3
2026-04-14T21:00,Leuven,10.4,0.0,0.0,2.6,3.6,0
2026-04-14T22:00,Leuven,8.5,0.0,0.0,5.4,9.4,0
2026-04-14T23:00,Leuven,7.9,0.0,0.0,6.6,11.9,0
2026-04-15T00:00,Leuven,8.0,0.0,0.0,8.9,16.2,0
2026-04-15T01:00,Leuven,7.2,0.0,0.0,6.6,16.6,1
2026-04-15T02:00,Leuven,6.2,0.0,0.0,6.0,11.9,0
2026-04-15T03:00,Leuven,5.3,0.0,0.0,5.6,10.8,0
2026-04-15T04:00,Leuven,5.2,0.0,0.0,6.7,12.2,1
2026-04-15T05:00,Leuven,5.5,0.0,0.0,7.9,14.4,3
2026-04-15T06:00,Leuven,6.0,0.0,0.0,9.4,17.3,3
2026-04-15T07:00,Leuven,6.6,0.0,0.0,10.3,18.7,3
2026-04-15T08:00,Leuven,7.9,0.0,0.0,10.8,20.2,3
2026-04-15T09:00,Leuven,10.0,0.0,0.0,11.7,21.2,3
2026-04-15T10:00,Leuven,12.5,0.0,0.0,8.7,21.2,3
2026-04-15T11:00,Leuven,15.1,0.0,0.0,11.0,25.2,3
2026-04-15T12:00,Leuven,16.3,0.0,0.0,15.0,33.5,3
2026-04-15T13:00,Leuven,17.0,0.0,0.0,15.7,36.0,3
2026-04-15T14:00,Leuven,18.2,0.0,0.0,14.7,36.0,0
2026-04-15T15:00,Leuven,18.3,0.0,0.0,14.5,34.2,0
2026-04-15T16:00,Leuven,18.4,0.0,0.0,14.4,33.5,0
2026-04-15T17:00,Leuven,18.3,0.0,0.0,14.9,33.1,3
2026-04-15T18:00,Leuven,18.3,0.0,0.0,15.0,33.1,3
2026-04-15T19:00,Leuven,16.8,0.0,0.0,11.9,31.7,3
2026-04-15T20:00,Leuven,16.0,0.0,0.0,8.5,23.4,2
2026-04-15T21:00,Leuven,14.5,0.0,0.0,9.7,18.0,1
2026-04-15T22:00,Leuven,13.6,0.0,0.0,11.0,20.2,1
2026-04-15T23:00,Leuven,12.8,0.0,0.0,10.8,20.5,2
2026-04-16T00:00,Leuven,12.9,0.0,0.0,11.2,21.2,3
2026-04-16T01:00,Leuven,12.5,0.1,0.1,9.8,21.6,51
2026-04-16T02:00,Leuven,11.9,0.0,0.0,8.4,18.0,1
2026-04-16T03:00,Leuven,11.7,0.0,0.0,11.3,21.6,2
2026-04-16T04:00,Leuven,11.5,0.0,0.0,8.2,21.6,1
2026-04-16T05:00,Leuven,10.7,0.0,0.0,7.3,14.8,0
2026-04-16T06:00,Leuven,10.0,0.0,0.0,6.8,13.3,2
2026-04-16T07:00,Leuven,9.2,0.0,0.0,6.0,12.2,3
2026-04-16T08:00,Leuven,11.2,0.0,0.0,6.5,13.0,3
2026-04-16T09:00,Leuven,12.8,0.0,0.0,6.0,13.7,3
2026-04-16T10:00,Leuven,13.7,0.1,0.1,6.7,17.3,51
2026-04-16T11:00,Leuven,14.5,0.0,0.0,7.4,18.7,3
2026-04-16T12:00,Leuven,14.9,0.2,0.2,10.8,25.2,51
2026-04-16T13:00,Leuven,15.1,0.3,0.3,11.4,27.0,51
2026-04-16T14:00,Leuven,16.5,0.1,0.1,8.1,27.4,51
2026-04-16T15:00,Leuven,17.7,0.0,0.0,9.2,23.4,2
2026-04-16T16:00,Leuven,17.5,0.0,0.0,12.4,28.4,2
2026-04-16T17:00,Leuven,17.3,0.0,0.0,12.2,29.2,3
2026-04-16T18:00,Leuven,17.0,0.0,0.0,11.2,27.4,1
2026-04-16T19:00,Leuven,16.4,0.0,0.0,8.8,26.3,1
2026-04-16T20:00,Leuven,15.3,0.0,0.0,7.8,18.0,1
2026-04-16T21:00,Leuven,12.9,0.0,0.0,6.3,14.8,1
2026-04-16T22:00,Leuven,11.9,0.0,0.0,3.8,11.2,0
2026-04-16T23:00,Leuven,11.3,0.0,0.0,1.5,5.4,0
2026-04-17T00:00,Leuven,10.4,0.0,0.0,1.9,3.6,1
2026-04-17T01:00,Leuven,9.6,0.0,0.0,1.3,3.6,1
2026-04-17T02:00,Leuven,8.5,0.0,0.0,1.5,3.2,2
2026-04-17T03:00,Leuven,7.2,0.0,0.0,3.9,7.2,2
2026-04-17T04:00,Leuven,6.7,0.0,0.0,5.7,9.7,3
2026-04-17T05:00,Leuven,6.6,0.0,0.0,6.3,11.2,3
2026-04-17T06:00,Leuven,7.0,0.0,0.0,7.0,13.0,3
2026-04-17T07:00,Leuven,6.9,0.0,0.0,6.3,13.0,3
2026-04-17T08:00,Leuven,9.2,0.0,0.0,8.0,13.0,2
2026-04-17T09:00,Leuven,11.8,0.0,0.0,6.5,14.4,2
2026-04-17T10:00,Leuven,14.6,0.0,0.0,4.5,13.7,1
2026-04-17T11:00,Leuven,16.6,0.0,0.0,6.0,17.3,3
2026-04-17T12:00,Leuven,17.7,0.0,0.0,4.7,17.3,3
2026-04-17T13:00,Leuven,18.5,0.0,0.0,5.9,18.0,3
2026-04-17T14:00,Leuven,18.8,0.0,0.0,7.1,18.7,3
2026-04-17T15:00,Leuven,18.6,0.0,0.0,7.7,19.4,3
2026-04-17T16:00,Leuven,19.0,0.0,0.0,7.7,19.8,3
2026-04-17T17:00,Leuven,18.7,0.0,0.0,8.5,19.4,3
2026-04-17T18:00,Leuven,18.5,0.0,0.0,6.1,19.4,3
2026-04-17T19:00,Leuven,17.9,0.0,0.0,3.9,13.3,2
2026-04-17T20:00,Leuven,17.0,0.0,0.0,3.3,7.9,1
2026-04-17T21:00,Leuven,14.8,0.0,0.0,4.6,6.1,1
2026-04-17T22:00,Leuven,14.0,0.0,0.0,5.4,8.6,1
2026-04-17T23:00,Leuven,13.6,0.0,0.0,3.3,7.9,1
2026-04-18T00:00,Leuven,12.7,0.0,0.0,3.3,4.7,1
2026-04-18T01:00,Leuven,11.6,0.0,0.0,2.2,4.7,0
2026-04-18T02:00,Leuven,10.5,0.0,0.0,2.4,3.2,1
2026-04-18T03:00,Leuven,10.0,0.0,0.0,1.5,4.3,2
2026-04-18T04:00,Leuven,9.9,0.0,0.0,1.3,2.5,2
2026-04-18T05:00,Leuven,9.1,0.0,0.0,3.6,6.8,1
2026-04-18T06:00,Leuven,8.7,0.0,0.0,4.4,7.9,1
2026-04-18T07:00,Leuven,8.7,0.0,0.0,5.2,9.4,3
2026-04-18T08:00,Leuven,11.1,0.0,0.0,6.3,14.4,3
2026-04-18T09:00,Leuven,12.2,0.0,0.0,8.5,17.6,3
2026-04-18T10:00,Leuven,12.6,0.0,0.0,4.8,15.8,3
2026-04-18T11:00,Leuven,13.3,0.1,0.1,2.7,11.2,51
2026-04-18T12:00,Leuven,14.5,0.4,0.4,1.1,10.4,51
2026-04-18T13:00,Leuven,15.4,0.1,0.1,2.0,10.4,51
2026-04-18T14:00,Leuven,15.3,0.1,0.1,9.5,23.0,51
2026-04-18T15:00,Leuven,14.2,2.4,2.4,9.0,20.2,61
2026-04-18T16:00,Leuven,13.9,0.5,0.5,7.5,18.7,53
2026-04-18T17:00,Leuven,15.0,0.1,0.1,10.6,25.2,51
2026-04-18T18:00,Leuven,15.6,0.0,0.0,7.5,24.1,3
2026-04-18T19:00,Leuven,14.9,0.0,0.0,7.5,18.4,3
2026-04-18T20:00,Leuven,13.1,0.1,0.1,11.7,20.5,51
2026-04-18T21:00,Leuven,12.2,0.4,0.4,12.5,23.0,51
2026-04-18T22:00,Leuven,11.6,0.7,0.7,9.1,23.8,53
2026-04-18T23:00,Leuven,10.9,0.0,0.0,9.5,17.3,2
2026-04-19T00:00,Leuven,9.6,0.1,0.1,9.1,16.9,51
2026-04-19T01:00,Leuven,8.9,0.0,0.0,9.1,16.2,0
2026-04-19T02:00,Leuven,8.3,0.0,0.0,9.3,16.6,0
2026-04-19T03:00,Leuven,7.3,0.0,0.0,8.7,17.3,0
2026-04-19T04:00,Leuven,6.4,0.0,0.0,6.6,16.2,0
2026-04-19T05:00,Leuven,5.5,0.0,0.0,5.6,12.2,0
2026-04-19T06:00,Leuven,5.3,0.0,0.0,5.7,10.1,0
2026-04-19T07:00,Leuven,5.5,0.0,0.0,5.8,10.4,0
2026-04-19T08:00,Leuven,7.0,0.0,0.0,7.1,14.0,0
2026-04-19T09:00,Leuven,8.9,0.0,0.0,5.2,14.0,0
2026-04-19T10:00,Leuven,11.0,0.0,0.0,5.7,16.9,0
2026-04-19T11:00,Leuven,12.8,0.1,0.1,9.0,22.7,51
2026-04-19T12:00,Leuven,13.7,0.2,0.2,13.4,31.0,51
2026-04-19T13:00,Leuven,14.1,0.2,0.2,14.1,32.4,51
2026-04-19T14:00,Leuven,13.7,0.1,0.1,16.2,33.1,51
2026-04-19T15:00,Leuven,14.2,0.0,0.0,14.4,37.1,0
2026-04-19T16:00,Leuven,14.3,0.0,0.0,13.6,33.5,1
2026-04-19T17:00,Leuven,14.0,0.0,0.0,13.8,31.7,2
2026-04-19T18:00,Leuven,13.4,0.1,0.1,14.4,31.3,51
2026-04-19T19:00,Leuven,12.7,0.0,0.0,13.6,31.3,3
2026-04-19T20:00,Leuven,11.6,0.0,0.0,12.3,28.4,3
2026-04-19T21:00,Leuven,10.2,0.0,0.0,11.4,24.5,0
2026-04-19T22:00,Leuven,9.1,0.0,0.0,11.1,22.3,0
2026-04-19T23:00,Leuven,8.1,0.0,0.0,9.2,21.2,0
2026-04-20T00:00,Leuven,7.2,0.0,0.0,7.4,17.3,0
2026-04-20T01:00,Leuven,6.4,0.0,0.0,7.0,14.0,0
2026-04-20T02:00,Leuven,6.0,0.0,0.0,6.5,13.3,1
2026-04-20T03:00,Leuven,5.2,0.0,0.0,5.9,11.9,1
2026-04-20T04:00,Leuven,4.8,0.0,0.0,6.3,12.6,1
2026-04-20T05:00,Leuven,4.2,0.0,0.0,5.5,12.2,2
2026-04-20T06:00,Leuven,3.9,0.0,0.0,6.2,11.9,3
2026-04-20T07:00,Leuven,3.8,0.0,0.0,6.1,11.9,1
2026-04-20T08:00,Leuven,5.2,0.0,0.0,6.4,13.7,2
2026-04-20T09:00,Leuven,6.8,0.0,0.0,5.0,15.1,1
2026-04-20T10:00,Leuven,8.4,0.1,0.1,6.9,18.7,51
2026-04-20T11:00,Leuven,9.4,0.1,0.1,8.3,21.6,51
2026-04-20T12:00,Leuven,10.6,0.0,0.0,8.7,24.1,1
2026-04-20T13:00,Leuven,11.6,0.0,0.0,9.7,25.9,0
2026-04-20T14:00,Leuven,12.7,0.0,0.0,10.2,27.0,2
2026-04-20T15:00,Leuven,12.7,0.0,0.0,11.5,28.4,3
2026-04-20T16:00,Leuven,12.1,0.0,0.0,10.7,28.4,2
2026-04-20T17:00,Leuven,11.8,0.0,0.0,9.6,25.6,2
2026-04-20T18:00,Leuven,11.0,0.0,0.0,10.3,23.8,2
2026-04-20T19:00,Leuven,10.0,0.0,0.0,7.9,23.8,1
2026-04-20T20:00,Leuven,9.6,0.0,0.0,9.5,18.0,1
2026-04-20T21:00,Leuven,8.1,0.0,0.0,7.4,18.7,2
2026-04-20T22:00,Leuven,7.1,0.1,0.1,5.2,14.4,51
2026-04-20T23:00,Leuven,6.6,0.0,0.0,6.3,11.5,0
2026-04-21T00:00,Leuven,6.3,0.0,0.0,8.1,14.8,0
2026-04-21T01:00,Leuven,5.5,0.0,0.0,8.0,15.8,0
2026-04-21T02:00,Leuven,5.4,0.0,0.0,7.6,15.5,2
2026-04-21T03:00,Leuven,5.1,0.0,0.0,5.4,14.0,2
2026-04-21T04:00,Leuven,5.3,0.0,0.0,6.9,13.0,2
2026-04-21T05:00,Leuven,4.8,0.0,0.0,6.7,13.3,0
2026-04-21T06:00,Leuven,4.1,0.0,0.0,6.5,13.0,1
2026-04-21T07:00,Leuven,3.9,0.0,0.0,6.2,12.6,2
2026-04-21T08:00,Leuven,5.9,0.0,0.0,10.9,17.6,2
2026-04-21T09:00,Leuven,7.3,0.0,0.0,13.2,28.4,2
2026-04-21T10:00,Leuven,8.9,0.0,0.0,15.1,32.8,3
2026-04-21T11:00,Leuven,10.0,0.0,0.0,14.5,33.5,3
2026-04-21T12:00,Leuven,11.7,0.1,0.1,13.7,37.8,51
2026-04-21T13:00,Leuven,12.4,0.6,0.6,17.3,37.4,53
2026-04-21T14:00,Leuven,13.8,0.2,0.2,15.9,37.8,51
2026-04-21T15:00,Leuven,14.1,0.0,0.0,15.5,36.4,1
2026-04-21T16:00,Leuven,14.3,0.0,0.0,17.3,38.2,0
2026-04-21T17:00,Leuven,14.3,0.0,0.0,17.7,39.6,1
2026-04-21T18:00,Leuven,14.2,0.0,0.0,17.0,38.5,1
2026-04-21T19:00,Leuven,13.5,0.0,0.0,13.0,39.2,0
2026-04-21T20:00,Leuven,12.3,0.0,0.0,11.6,26.3,0
2026-04-21T21:00,Leuven,10.9,0.0,0.0,12.6,24.8,0
2026-04-21T22:00,Leuven,9.8,0.0,0.0,11.3,24.1,0
2026-04-21T23:00,Leuven,9.3,0.0,0.0,13.6,25.9,0
2026-04-22T00:00,Leuven,8.5,0.0,0.0,12.4,25.9,0
2026-04-22T01:00,Leuven,7.8,0.0,0.0,12.0,23.8,0
2026-04-22T02:00,Leuven,6.6,0.0,0.0,10.3,22.7,0
2026-04-22T03:00,Leuven,6.0,0.0,0.0,10.2,19.4,0
2026-04-22T04:00,Leuven,5.4,0.0,0.0,10.1,19.1,0
2026-04-22T05:00,Leuven,4.8,0.0,0.0,10.1,18.7,0
2026-04-22T06:00,Leuven,4.4,0.0,0.0,9.8,18.7,0
2026-04-22T07:00,Leuven,4.2,0.0,0.0,9.9,18.4,0
2026-04-22T08:00,Leuven,5.7,0.0,0.0,10.9,20.9,0
2026-04-22T09:00,Leuven,7.8,0.0,0.0,9.2,20.5,0
2026-04-22T10:00,Leuven,10.0,0.0,0.0,9.6,23.4,0
2026-04-22T11:00,Leuven,12.2,0.0,0.0,11.7,27.7,0
2026-04-22T12:00,Leuven,13.3,0.0,0.0,15.7,36.0,0
2026-04-22T13:00,Leuven,14.1,0.0,0.0,15.6,36.4,0
2026-04-22T14:00,Leuven,15.6,0.0,0.0,16.5,38.2,0
2026-04-22T15:00,Leuven,16.1,0.0,0.0,17.2,38.9,0
2026-04-22T16:00,Leuven,16.5,0.0,0.0,17.1,38.9,0
2026-04-22T17:00,Leuven,16.7,0.0,0.0,16.1,38.2,0
2026-04-22T18:00,Leuven,16.3,0.0,0.0,15.5,35.3,0
2026-04-22T19:00,Leuven,15.5,0.0,0.0,12.7,33.1,0
2026-04-22T20:00,Leuven,14.1,0.0,0.0,9.8,25.6,0
2026-04-22T21:00,Leuven,12.2,0.0,0.0,9.9,18.7,0
2026-04-22T22:00,Leuven,11.0,0.0,0.0,9.3,18.4,0
2026-04-22T23:00,Leuven,9.8,0.0,0.0,8.2,16.9,0
2026-04-23T00:00,Leuven,8.6,0.0,0.0,7.5,15.1,0
2026-04-23T01:00,Leuven,7.6,0.0,0.0,7.3,13.7,0
2026-04-23T02:00,Leuven,6.8,0.0,0.0,6.7,13.3,0
2026-04-23T03:00,Leuven,5.6,0.0,0.0,6.4,11.9,0
2026-04-23T04:00,Leuven,5.1,0.0,0.0,6.6,11.9,0
2026-04-23T05:00,Leuven,4.5,0.0,0.0,6.7,12.2,0
2026-04-23T06:00,Leuven,4.0,0.0,0.0,6.4,12.6,0
2026-04-23T07:00,Leuven,3.6,0.0,0.0,5.9,11.9,0
2026-04-23T08:00,Leuven,5.9,0.0,0.0,8.2,13.7,0
2026-04-23T09:00,Leuven,8.1,0.0,0.0,5.4,14.8,0
2026-04-23T10:00,Leuven,10.3,0.0,0.0,4.6,15.5,0
2026-04-23T11:00,Leuven,12.8,0.0,0.0,5.9,18.7,0
2026-04-23T12:00,Leuven,15.0,0.0,0.0,6.3,19.8,0
2026-04-23T13:00,Leuven,16.4,0.0,0.0,6.5,20.2,0
2026-04-23T14:00,Leuven,17.9,0.0,0.0,6.9,20.2,0
2026-04-23T15:00,Leuven,18.8,0.0,0.0,7.5,20.9,0
2026-04-23T16:00,Leuven,19.4,0.0,0.0,8.0,20.9,0
2026-04-23T17:00,Leuven,19.4,0.0,0.0,9.1,21.6,0
2026-04-23T18:00,Leuven,18.9,0.0,0.0,10.0,22.3,0
2026-04-23T19:00,Leuven,17.6,0.0,0.0,10.5,23.0,0
2026-04-23T20:00,Leuven,15.9,0.0,0.0,11.2,21.6,0
2026-04-23T21:00,Leuven,13.8,0.0,0.0,12.0,22.3,0
2026-04-23T22:00,Leuven,12.4,0.0,0.0,12.1,23.8,0
2026-04-23T23:00,Leuven,10.8,0.0,0.0,11.0,23.0,0
2026-04-24T00:00,Leuven,9.2,0.0,0.0,9.4,20.5,0
2026-04-24T01:00,Leuven,7.8,0.0,0.0,8.8,17.6,0
2026-04-24T02:00,Leuven,6.4,0.0,0.0,8.0,16.6,0
2026-04-24T03:00,Leuven,5.1,0.0,0.0,6.5,14.8,0
2026-04-24T04:00,Leuven,4.1,0.0,0.0,6.1,12.6,0
2026-04-24T05:00,Leuven,3.2,0.0,0.0,5.4,11.5,0
2026-04-24T06:00,Leuven,2.5,0.0,0.0,4.9,9.7,0
2026-04-24T07:00,Leuven,2.5,0.0,0.0,5.0,9.0,0
2026-04-24T08:00,Leuven,5.3,0.0,0.0,7.8,14.8,3
2026-04-24T09:00,Leuven,5.7,0.0,0.0,6.8,19.4,3
2026-04-24T10:00,Leuven,6.6,0.0,0.0,6.3,18.4,3
2026-04-24T11:00,Leuven,8.4,0.0,0.0,4.6,19.1,3
2026-04-24T12:00,Leuven,11.1,0.0,0.0,4.0,17.6,1
2026-04-24T13:00,Leuven,13.5,0.0,0.0,4.7,18.4,0
2026-04-24T14:00,Leuven,15.9,0.0,0.0,6.2,19.4,0
2026-04-24T15:00,Leuven,17.4,0.0,0.0,6.5,20.2,0
2026-04-24T16:00,Leuven,18.6,0.0,0.0,7.2,20.5,0
2026-04-24T17:00,Leuven,19.1,0.0,0.0,8.5,21.6,0
2026-04-24T18:00,Leuven,19.0,0.0,0.0,9.4,22.3,0
2026-04-24T19:00,Leuven,18.4,0.0,0.0,9.1,21.6,0
2026-04-24T20:00,Leuven,16.8,0.0,0.0,8.3,20.2,0
2026-04-24T21:00,Leuven,14.3,0.0,0.0,7.6,15.8,0
2026-04-24T22:00,Leuven,12.9,0.0,0.0,8.2,15.5,0
2026-04-24T23:00,Leuven,11.6,0.0,0.0,7.6,15.5,1
2026-04-25T00:00,Leuven,10.2,0.0,0.0,7.3,14.4,3
2026-04-25T01:00,Leuven,8.8,0.0,0.0,7.5,14.4,3
2026-04-25T02:00,Leuven,7.6,0.0,0.0,7.0,14.4,3
2026-04-25T03:00,Leuven,5.8,0.0,0.0,5.4,13.3,0
2026-04-25T04:00,Leuven,4.5,0.0,0.0,5.0,10.4,0
2026-04-25T05:00,Leuven,3.7,0.0,0.0,4.8,9.0,0
2026-04-25T06:00,Leuven,3.0,0.0,0.0,4.7,8.6,0
2026-04-25T07:00,Leuven,2.9,0.0,0.0,4.0,8.3,0
2026-04-25T08:00,Leuven,4.5,0.0,0.0,4.6,11.5,3
2026-04-25T09:00,Leuven,5.8,0.0,0.0,2.7,13.0,3
2026-04-25T10:00,Leuven,7.8,0.0,0.0,2.3,13.0,3
2026-04-25T11:00,Leuven,10.0,0.0,0.0,3.0,15.1,1
2026-04-25T12:00,Leuven,12.4,0.0,0.0,3.2,16.2,0
2026-04-25T13:00,Leuven,14.6,0.0,0.0,4.0,17.3,0
2026-04-25T14:00,Leuven,15.5,0.0,0.0,4.7,18.4,0
2026-04-25T15:00,Leuven,16.6,0.0,0.0,5.4,19.1,1
2026-04-25T16:00,Leuven,17.4,0.0,0.0,5.7,19.1,1
2026-04-25T17:00,Leuven,17.8,0.0,0.0,6.9,19.1,0
2026-04-25T18:00,Leuven,17.8,0.0,0.0,7.9,19.8,0
2026-04-25T19:00,Leuven,17.2,0.0,0.0,7.9,19.4,0
2026-04-25T20:00,Leuven,16.0,0.0,0.0,8.3,18.4,0
2026-04-25T21:00,Leuven,14.1,0.0,0.0,10.2,18.7,0
2026-04-25T22:00,Leuven,12.7,0.0,0.0,10.4,21.2,0
2026-04-25T23:00,Leuven,10.9,0.0,0.0,6.8,19.8,0
2026-04-26T00:00,Leuven,9.8,0.0,0.0,7.2,14.0,1
2026-04-26T01:00,Leuven,8.5,0.0,0.0,5.9,13.7,3
2026-04-26T02:00,Leuven,7.4,0.0,0.0,5.6,11.2,0
2026-04-26T03:00,Leuven,5.7,0.0,0.0,5.5,10.1,0
2026-04-26T04:00,Leuven,5.2,0.0,0.0,5.5,10.1,0
2026-04-26T05:00,Leuven,5.0,0.0,0.0,6.0,11.5,1
2026-04-26T06:00,Leuven,4.9,0.0,0.0,7.1,13.3,1
2026-04-26T07:00,Leuven,5.1,0.0,0.0,8.3,15.1,3
2026-04-26T08:00,Leuven,6.6,0.0,0.0,7.6,16.6,0
2026-04-26T09:00,Leuven,8.3,0.0,0.0,8.0,19.8,0
2026-04-26T10:00,Leuven,10.2,0.0,0.0,8.7,22.7,0
2026-04-26T11:00,Leuven,12.0,0.0,0.0,7.6,23.4,1
2026-04-26T12:00,Leuven,13.6,0.0,0.0,6.5,22.3,0
2026-04-26T13:00,Leuven,15.1,0.0,0.0,5.9,20.9,1
2026-04-26T14:00,Leuven,16.1,0.0,0.0,5.6,20.2,1
2026-04-26T15:00,Leuven,16.9,0.0,0.0,5.6,19.4,2
2026-04-26T16:00,Leuven,17.6,0.0,0.0,6.0,19.8,1
2026-04-26T17:00,Leuven,18.0,0.0,0.0,5.5,19.1,0
2026-04-26T18:00,Leuven,18.1,0.0,0.0,5.4,17.3,1
2026-04-26T19:00,Leuven,17.7,0.0,0.0,5.5,15.1,3
2026-04-26T20:00,Leuven,16.8,0.0,0.0,5.0,13.3,3
2026-04-26T21:00,Leuven,13.8,0.0,0.0,6.0,10.4,3
2026-04-26T22:00,Leuven,13.6,0.0,0.0,8.0,15.1,3
2026-04-26T23:00,Leuven,12.4,0.0,0.0,7.5,15.5,3
2026-04-27T00:00,Leuven,11.6,0.0,0.0,7.4,14.8,3
2026-04-27T01:00,Leuven,10.4,0.0,0.0,6.1,14.4,3
2026-04-27T02:00,Leuven,8.8,0.0,0.0,5.5,11.5,3
2026-04-27T03:00,Leuven,7.3,0.0,0.0,5.3,9.7,2
2026-04-27T04:00,Leuven,6.3,0.0,0.0,5.0,9.0,2
2026-04-27T05:00,Leuven,5.5,0.0,0.0,5.2,8.3,0
2026-04-27T06:00,Leuven,4.7,0.0,0.0,5.4,9.0,3
2026-04-27T07:00,Leuven,4.9,0.0,0.0,5.4,9.7,3
2026-04-27T08:00,Leuven,6.9,0.0,0.0,7.3,13.0,3
2026-04-27T09:00,Leuven,8.6,0.0,0.0,5.4,14.4,3
2026-04-27T10:00,Leuven,10.6,0.0,0.0,4.5,14.8,3
2026-04-27T11:00,Leuven,13.3,0.0,0.0,5.2,17.3,3
2026-04-27T12:00,Leuven,15.3,0.0,0.0,7.9,22.0,3
2026-04-27T13:00,Leuven,16.6,0.0,0.0,8.0,23.0,0
2026-04-27T14:00,Leuven,18.0,0.0,0.0,6.5,22.7,0
2026-04-27T15:00,Leuven,18.7,0.0,0.0,6.3,20.2,0
2026-04-27T16:00,Leuven,19.3,0.0,0.0,6.4,19.4,0
2026-04-27T17:00,Leuven,19.5,0.0,0.0,7.3,19.4,0
2026-04-27T18:00,Leuven,19.3,0.0,0.0,8.4,19.8,0
2026-04-27T19:00,Leuven,18.3,0.0,0.0,9.3,20.9,3
2026-04-27T20:00,Leuven,17.2,0.0,0.0,10.4,20.5,3
2026-04-27T21:00,Leuven,15.5,0.0,0.0,10.7,20.9,2
2026-04-27T22:00,Leuven,14.2,0.0,0.0,10.9,20.9,1
2026-04-27T23:00,Leuven,13.2,0.0,0.0,9.5,20.9,3
2026-04-28T00:00,Leuven,13.0,0.0,0.0,10.4,19.4,3
2026-04-28T01:00,Leuven,12.6,0.0,0.0,11.4,22.3,3
2026-04-28T02:00,Leuven,11.7,0.0,0.0,11.9,22.3,3
2026-04-28T03:00,Leuven,11.0,0.0,0.0,11.1,23.0,3
2026-04-28T04:00,Leuven,10.6,0.0,0.0,11.6,22.7,3
2026-04-28T05:00,Leuven,10.1,0.0,0.0,12.3,24.1,3
2026-04-28T06:00,Leuven,9.3,0.0,0.0,12.0,24.1,2
2026-04-28T07:00,Leuven,8.3,0.0,0.0,11.4,23.4,0
2026-04-28T08:00,Leuven,8.7,0.0,0.0,11.3,22.7,3
2026-04-28T09:00,Leuven,10.0,0.0,0.0,11.7,26.6,0
2026-04-28T10:00,Leuven,12.1,0.0,0.0,11.5,27.4,0
2026-04-28T11:00,Leuven,14.2,0.0,0.0,12.5,29.9,3
2026-04-28T12:00,Leuven,16.2,0.0,0.0,14.8,33.8,1
2026-04-28T13:00,Leuven,17.7,0.0,0.0,18.3,41.0,0
2026-04-28T14:00,Leuven,19.2,0.0,0.0,19.7,43.2,0
2026-04-28T15:00,Leuven,19.6,0.0,0.0,19.3,43.9,0
2026-04-28T16:00,Leuven,19.9,0.0,0.0,19.6,43.6,0
2026-04-28T17:00,Leuven,19.9,0.0,0.0,19.5,43.6,0
2026-04-28T18:00,Leuven,19.5,0.0,0.0,18.6,42.5,0
2026-04-28T19:00,Leuven,18.9,0.0,0.0,17.5,40.0,0
2026-04-28T20:00,Leuven,17.9,0.0,0.0,16.4,36.4,0
2026-04-28T21:00,Leuven,16.7,0.0,0.0,16.4,32.8,0
2026-04-28T22:00,Leuven,15.7,0.0,0.0,17.3,34.2,0
2026-04-28T23:00,Leuven,14.8,0.0,0.0,17.0,34.2,0
2026-04-29T00:00,Leuven,14.0,0.0,0.0,17.8,35.3,0
2026-04-29T01:00,Leuven,13.3,0.0,0.0,18.4,36.4,0
2026-04-29T02:00,Leuven,12.0,0.0,0.0,17.6,36.7,0
2026-04-29T03:00,Leuven,11.2,0.0,0.0,16.5,34.6,0
2026-04-29T04:00,Leuven,10.6,0.0,0.0,17.2,33.8,0
2026-04-29T05:00,Leuven,10.0,0.0,0.0,17.8,35.3,0
2026-04-29T06:00,Leuven,9.4,0.0,0.0,18.3,36.4,0
2026-04-29T07:00,Leuven,8.9,0.0,0.0,17.8,36.0,0
2026-04-29T08:00,Leuven,9.6,0.0,0.0,15.6,35.6,0
2026-04-29T09:00,Leuven,10.8,0.0,0.0,17.1,36.0,0
2026-04-29T10:00,Leuven,12.4,0.0,0.0,18.9,40.7,0
2026-04-29T11:00,Leuven,14.3,0.0,0.0,19.4,42.8,0
2026-04-29T12:00,Leuven,16.0,0.0,0.0,20.6,45.4,0
2026-04-29T13:00,Leuven,17.3,0.0,0.0,21.6,47.5,0
2026-04-29T14:00,Leuven,18.8,0.0,0.0,21.2,47.9,0
2026-04-29T15:00,Leuven,18.9,0.0,0.0,20.4,46.8,0
2026-04-29T16:00,Leuven,19.3,0.0,0.0,19.9,45.4,0
2026-04-29T17:00,Leuven,19.3,0.0,0.0,20.2,44.3,0
2026-04-29T18:00,Leuven,19.0,0.0,0.0,20.0,43.9,0
2026-04-29T19:00,Leuven,18.4,0.0,0.0,18.1,42.8,0
2026-04-29T20:00,Leuven,17.7,0.0,0.0,16.1,38.5,0
2026-04-29T21:00,Leuven,16.2,0.0,0.0,14.8,32.0,0
2026-04-29T22:00,Leuven,15.2,0.0,0.0,15.1,29.9,0
2026-04-29T23:00,Leuven,14.4,0.0,0.0,16.1,31.7,0
2026-04-30T00:00,Leuven,13.7,0.0,0.0,17.1,33.8,0
2026-04-30T01:00,Leuven,12.9,0.0,0.0,18.4,36.4,0
2026-04-30T02:00,Leuven,11.3,0.0,0.0,16.9,36.4,0
2026-04-30T03:00,Leuven,10.3,0.0,0.0,16.4,33.5,0
2026-04-30T04:00,Leuven,9.5,0.0,0.0,15.3,32.0,0
2026-04-30T05:00,Leuven,8.8,0.0,0.0,14.6,29.9,0
2026-04-30T06:00,Leuven,8.1,0.0,0.0,14.2,28.4,0
2026-04-30T07:00,Leuven,7.8,0.0,0.0,14.5,28.1,0
2026-04-30T08:00,Leuven,9.0,0.0,0.0,12.6,29.9,0
2026-04-30T09:00,Leuven,10.6,0.0,0.0,14.8,31.7,0
2026-04-30T10:00,Leuven,12.2,0.0,0.0,16.2,36.4,0
2026-04-30T11:00,Leuven,13.9,0.0,0.0,16.9,38.2,0
2026-04-30T12:00,Leuven,15.4,0.0,0.0,18.1,41.0,0
2026-04-30T13:00,Leuven,16.5,0.0,0.0,18.5,42.8,0
2026-04-30T14:00,Leuven,18.5,0.0,0.0,19.1,43.6,0
2026-04-30T15:00,Leuven,18.8,0.0,0.0,19.6,44.3,0
2026-04-30T16:00,Leuven,19.3,0.0,0.0,20.2,44.6,0
2026-04-30T17:00,Leuven,19.4,0.0,0.0,20.5,45.4,0
2026-04-30T18:00,Leuven,19.3,0.0,0.0,20.5,45.0,0
2026-04-30T19:00,Leuven,18.6,0.0,0.0,19.3,43.9,0
2026-04-30T20:00,Leuven,17.9,0.0,0.0,19.1,40.7,0
2026-04-30T21:00,Leuven,16.5,0.0,0.0,18.5,37.8,0
2026-04-30T22:00,Leuven,15.4,0.0,0.0,15.8,36.7,0
2026-04-30T23:00,Leuven,14.3,0.0,0.0,14.7,31.0,0
2026-05-01T00:00,Leuven,13.0,0.0,0.0,12.2,28.8,0
2026-05-01T01:00,Leuven,11.8,0.0,0.0,10.8,23.8,0
2026-05-01T02:00,Leuven,10.4,0.0,0.0,11.2,20.5,0
2026-05-01T03:00,Leuven,9.3,0.0,0.0,10.2,20.9,0
2026-05-01T04:00,Leuven,8.8,0.0,0.0,9.6,19.1,0
2026-05-01T05:00,Leuven,8.4,0.0,0.0,9.7,18.4,0
2026-05-01T06:00,Leuven,8.1,0.0,0.0,10.1,18.7,0
2026-05-01T07:00,Leuven,8.2,0.0,0.0,10.5,19.4,0
2026-05-01T08:00,Leuven,10.1,0.0,0.0,11.9,20.2,0
2026-05-01T09:00,Leuven,12.3,0.0,0.0,10.2,22.0,0
2026-05-01T10:00,Leuven,14.6,0.0,0.0,11.5,26.6,0
2026-05-01T11:00,Leuven,16.6,0.0,0.0,11.6,28.1,0
2026-05-01T12:00,Leuven,18.5,0.0,0.0,12.9,31.0,0
2026-05-01T13:00,Leuven,19.8,0.0,0.0,13.6,33.1,0
2026-05-01T14:00,Leuven,22.0,0.0,0.0,13.1,33.1,0
2026-05-01T15:00,Leuven,22.3,0.0,0.0,12.0,31.3,0
2026-05-01T16:00,Leuven,22.9,0.0,0.0,10.7,29.2,0
2026-05-01T17:00,Leuven,23.2,0.0,0.0,9.9,26.3,0
2026-05-01T18:00,Leuven,23.0,0.0,0.0,9.0,23.8,0
2026-05-01T19:00,Leuven,22.4,0.0,0.0,7.3,21.6,0
2026-05-01T20:00,Leuven,21.8,0.0,0.0,5.5,17.3,0
2026-05-01T21:00,Leuven,18.4,0.0,0.0,7.0,13.0,0
2026-05-01T22:00,Leuven,17.4,0.0,0.0,8.7,15.8,0
2026-05-01T23:00,Leuven,16.6,0.0,0.0,9.7,18.4,0
2026-05-02T00:00,Leuven,15.1,0.0,0.0,7.0,18.0,0
2026-05-02T01:00,Leuven,13.9,0.0,0.0,7.3,13.7,0
2026-05-02T02:00,Leuven,12.7,0.0,0.0,8.8,15.5,0
2026-05-02T03:00,Leuven,12.3,0.0,0.0,9.2,17.6,2
2026-05-02T04:00,Leuven,12.6,0.0,0.0,9.9,17.6,3
2026-05-02T05:00,Leuven,13.5,0.0,0.0,12.6,25.2,3
2026-05-02T06:00,Leuven,12.5,0.0,0.0,4.5,23.0,0
2026-05-02T07:00,Leuven,12.4,0.0,0.0,6.4,10.8,3
2026-05-02T08:00,Leuven,14.6,0.0,0.0,8.8,18.0,3
2026-05-02T09:00,Leuven,15.8,0.0,0.0,4.0,16.9,2
2026-05-02T10:00,Leuven,17.6,0.0,0.0,5.4,15.8,3
2026-05-02T11:00,Leuven,19.5,0.0,0.0,7.3,20.2,3
2026-05-02T12:00,Leuven,21.1,0.0,0.0,9.6,31.3,3
2026-05-02T13:00,Leuven,21.9,0.0,0.0,8.5,31.3,3
2026-05-02T14:00,Leuven,22.6,0.0,0.0,8.3,27.7,3
2026-05-02T15:00,Leuven,23.0,0.0,0.0,6.8,26.6,3
2026-05-02T16:00,Leuven,23.3,0.0,0.0,4.4,23.4,3
2026-05-02T17:00,Leuven,23.1,0.0,0.0,4.7,17.6,3
2026-05-02T18:00,Leuven,19.3,1.5,1.5,19.9,39.6,61
2026-05-02T19:00,Leuven,18.3,0.9,0.9,9.0,42.8,53
2026-05-02T20:00,Leuven,18.6,0.0,0.0,7.7,27.7,3
2026-05-02T21:00,Leuven,17.1,0.0,0.0,5.1,20.9,3
2026-05-02T22:00,Leuven,16.1,0.0,0.0,6.8,13.7,3
2026-05-02T23:00,Leuven,15.8,0.0,0.0,7.6,14.0,3
2026-05-03T00:00,Leuven,15.1,0.0,0.0,6.0,14.0,3
2026-05-03T01:00,Leuven,14.9,0.0,0.0,6.1,11.5,3
2026-05-03T02:00,Leuven,14.4,0.0,0.0,2.7,14.4,3
2026-05-03T03:00,Leuven,13.8,0.1,0.1,4.1,10.1,51
2026-05-03T04:00,Leuven,12.9,0.0,0.0,2.8,11.2,3
2026-05-03T05:00,Leuven,12.7,0.0,0.0,5.2,9.4,3
2026-05-03T06:00,Leuven,12.7,0.0,0.0,8.0,14.4,3
2026-05-03T07:00,Leuven,13.7,0.0,0.0,8.7,15.5,3
2026-05-03T08:00,Leuven,14.6,0.0,0.0,11.7,17.6,3
2026-05-03T09:00,Leuven,15.2,0.7,0.7,11.7,25.6,53
2026-05-03T10:00,Leuven,15.3,2.4,2.4,10.7,23.4,61
2026-05-03T11:00,Leuven,15.1,0.8,0.8,10.0,22.7,53
2026-05-03T12:00,Leuven,15.7,0.8,0.8,11.6,23.0,53
2026-05-03T13:00,Leuven,15.3,1.0,1.0,11.3,23.8,55
2026-05-03T14:00,Leuven,14.5,1.5,1.5,11.0,25.6,61
2026-05-03T15:00,Leuven,15.7,0.1,0.1,15.4,31.7,51
2026-05-03T16:00,Leuven,16.6,0.2,0.2,14.7,33.5,51
2026-05-03T17:00,Leuven,17.1,0.0,0.0,15.1,32.8,3
2026-05-03T18:00,Leuven,17.1,0.1,0.1,14.9,33.1,51
2026-05-03T19:00,Leuven,15.9,0.2,0.2,14.0,32.0,51
2026-05-03T20:00,Leuven,14.5,1.1,1.1,8.6,28.1,55
2026-05-03T21:00,Leuven,14.5,0.1,0.1,7.9,15.1,51
2026-05-03T22:00,Leuven,13.6,0.0,0.0,8.6,15.5,2
2026-05-03T23:00,Leuven,13.2,0.0,0.0,10.2,17.6,1
2026-05-04T00:00,Leuven,12.9,0.0,0.0,10.0,19.1,1
2026-05-04T01:00,Leuven,12.6,0.0,0.0,9.7,17.6,1
2026-05-04T02:00,Leuven,13.1,0.0,0.0,10.9,16.9,3
2026-05-04T03:00,Leuven,12.9,0.0,0.0,9.3,20.2,3
2026-05-04T04:00,Leuven,12.6,0.0,0.0,6.8,16.9,3
2026-05-04T05:00,Leuven,12.4,0.0,0.0,5.0,12.2,3
2026-05-04T06:00,Leuven,12.2,0.0,0.0,5.6,10.4,3
2026-05-04T07:00,Leuven,12.3,0.0,0.0,6.7,11.9,3
2026-05-04T08:00,Leuven,13.4,0.0,0.0,5.6,13.3,3
2026-05-04T09:00,Leuven,14.7,0.0,0.0,6.1,15.8,3
2026-05-04T10:00,Leuven,15.8,0.1,0.1,2.6,15.1,51
2026-05-04T11:00,Leuven,16.9,0.1,0.1,2.3,12.2,51
2026-05-04T12:00,Leuven,17.4,0.1,0.1,3.1,11.9,51
2026-05-04T13:00,Leuven,17.6,0.1,0.1,4.0,12.6,51
2026-05-04T14:00,Leuven,17.6,0.1,0.1,3.4,12.6,51
2026-05-04T15:00,Leuven,17.4,0.1,0.1,2.3,11.5,51
2026-05-04T16:00,Leuven,17.8,0.1,0.1,1.5,13.7,51
2026-05-04T17:00,Leuven,18.0,0.0,0.0,1.3,11.2,3
2026-05-04T18:00,Leuven,17.3,0.1,0.1,4.1,12.2,51
2026-05-04T19:00,Leuven,16.2,0.1,0.1,1.0,11.5,51
2026-05-04T20:00,Leuven,14.0,2.3,2.3,4.4,12.2,61
2026-05-04T21:00,Leuven,13.6,0.3,0.3,3.2,8.6,51
2026-05-04T22:00,Leuven,13.1,0.1,0.1,3.2,6.5,51
2026-05-04T23:00,Leuven,12.6,0.0,0.0,4.2,6.8,2
2026-05-05T00:00,Leuven,12.4,0.0,0.0,5.5,9.0,1
2026-05-05T01:00,Leuven,12.3,0.0,0.0,7.6,13.7,1
2026-05-05T02:00,Leuven,12.9,0.0,0.0,9.0,13.3,3
2026-05-05T03:00,Leuven,12.6,0.1,0.1,11.9,21.6,51
2026-05-05T04:00,Leuven,12.4,0.0,0.0,12.3,25.2,3
2026-05-05T05:00,Leuven,12.0,0.2,0.2,10.4,22.3,51
2026-05-05T06:00,Leuven,11.7,0.5,0.5,13.3,23.0,53
2026-05-05T07:00,Leuven,11.4,0.2,0.2,12.6,23.8,51
2026-05-05T08:00,Leuven,11.1,0.0,0.0,10.3,22.7,3
2026-05-05T09:00,Leuven,11.3,0.0,0.0,12.8,25.9,3
2026-05-05T10:00,Leuven,11.6,0.0,0.0,14.6,30.2,3
2026-05-05T11:00,Leuven,11.9,0.0,0.0,13.8,30.6,3
2026-05-05T12:00,Leuven,12.3,0.0,0.0,13.8,30.2,3
2026-05-05T13:00,Leuven,13.3,0.0,0.0,14.4,34.2,3
2026-05-05T14:00,Leuven,11.9,0.0,0.0,13.5,32.4,3
2026-05-05T15:00,Leuven,11.9,0.0,0.0,13.8,30.6,3
2026-05-05T16:00,Leuven,12.6,0.0,0.0,14.5,32.8,3
2026-05-05T17:00,Leuven,12.8,0.0,0.0,14.0,32.0,3
2026-05-05T18:00,Leuven,12.4,0.0,0.0,14.5,31.0,3
2026-05-05T19:00,Leuven,12.3,0.1,0.1,13.0,31.0,51
2026-05-05T20:00,Leuven,11.4,0.0,0.0,10.8,28.4,3
2026-05-05T21:00,Leuven,11.1,0.6,0.6,9.8,21.6,53
2026-05-05T22:00,Leuven,10.6,0.8,0.8,10.0,19.1,53
2026-05-05T23:00,Leuven,10.4,0.8,0.8,10.2,19.1,53
2026-05-06T00:00,Leuven,10.2,0.8,0.8,10.0,19.1,53
2026-05-06T01:00,Leuven,10.2,0.6,0.6,10.1,19.1,53
2026-05-06T02:00,Leuven,9.4,1.0,1.0,12.8,20.2,55
2026-05-06T03:00,Leuven,8.9,0.5,0.5,13.7,25.9,53
2026-05-06T04:00,Leuven,8.7,0.7,0.7,12.6,25.9,53
2026-05-06T05:00,Leuven,8.5,0.8,0.8,11.8,23.8,53
2026-05-06T06:00,Leuven,8.3,0.5,0.5,11.8,22.3,53
2026-05-06T07:00,Leuven,8.4,0.3,0.3,11.3,22.3,51
2026-05-06T08:00,Leuven,8.6,0.2,0.2,11.3,20.9,51
2026-05-06T09:00,Leuven,9.0,0.2,0.2,13.5,24.1,51
2026-05-06T10:00,Leuven,9.6,0.1,0.1,14.4,29.2,51
2026-05-06T11:00,Leuven,10.4,0.1,0.1,14.6,31.0,51
2026-05-06T12:00,Leuven,11.2,0.0,0.0,13.7,30.2,3
2026-05-06T13:00,Leuven,12.1,0.0,0.0,13.5,30.2,3
2026-05-06T14:00,Leuven,12.6,0.1,0.1,11.9,29.5,51
2026-05-06T15:00,Leuven,14.5,0.1,0.1,13.2,29.9,51
2026-05-06T16:00,Leuven,14.6,0.1,0.1,15.5,33.5,51
2026-05-06T17:00,Leuven,13.9,0.1,0.1,13.7,34.6,51
2026-05-06T18:00,Leuven,14.1,0.0,0.0,12.2,29.9,3
2026-05-06T19:00,Leuven,13.5,0.0,0.0,12.4,28.8,3
2026-05-06T20:00,Leuven,11.9,0.0,0.0,10.7,25.6,3
2026-05-06T21:00,Leuven,10.8,0.0,0.0,9.2,21.6,3
2026-05-06T22:00,Leuven,9.6,0.0,0.0,6.6,17.6,3
2026-05-06T23:00,Leuven,9.4,0.0,0.0,5.4,12.2,3
2026-05-07T00:00,Leuven,9.8,0.0,0.0,5.1,11.2,3
2026-05-07T01:00,Leuven,9.5,0.0,0.0,5.3,10.1,3
2026-05-07T02:00,Leuven,9.5,0.0,0.0,5.2,10.1,3
2026-05-07T03:00,Leuven,9.4,0.0,0.0,4.8,9.7,3
2026-05-07T04:00,Leuven,9.2,0.0,0.0,4.3,9.0,2
2026-05-07T05:00,Leuven,8.6,0.0,0.0,4.8,8.6,3
2026-05-07T06:00,Leuven,8.8,0.0,0.0,6.3,11.9,3
2026-05-07T07:00,Leuven,8.7,0.0,0.0,6.6,12.2,3
2026-05-07T08:00,Leuven,9.6,0.0,0.0,6.5,14.8,2
2026-05-07T09:00,Leuven,10.3,0.0,0.0,5.5,15.5,1
2026-05-07T10:00,Leuven,11.5,0.0,0.0,5.4,16.6,1
2026-05-07T11:00,Leuven,12.9,0.0,0.0,6.2,19.1,1
2026-05-07T12:00,Leuven,13.7,0.0,0.0,6.0,19.4,1
2026-05-07T13:00,Leuven,14.8,0.0,0.0,5.9,18.7,1
2026-05-07T14:00,Leuven,14.8,0.0,0.0,3.9,19.1,3
2026-05-07T15:00,Leuven,15.1,0.0,0.0,3.3,13.3,3
2026-05-07T16:00,Leuven,15.2,0.0,0.0,3.6,13.0,3
2026-05-07T17:00,Leuven,15.1,0.0,0.0,3.2,13.0,3
2026-05-07T18:00,Leuven,14.9,0.0,0.0,4.0,11.5,3
2026-05-07T19:00,Leuven,14.7,0.0,0.0,5.0,11.9,3
2026-05-07T20:00,Leuven,13.8,0.0,0.0,4.7,11.5,2
2026-05-07T21:00,Leuven,12.9,0.0,0.0,5.3,9.4,1
2026-05-07T22:00,Leuven,11.9,0.0,0.0,8.2,15.1,1
2026-05-07T23:00,Leuven,10.1,0.0,0.0,5.6,15.1,1
2026-05-08T00:00,Leuven,9.3,0.0,0.0,4.9,9.7,1
2026-05-08T01:00,Leuven,8.9,0.0,0.0,5.0,8.3,1
2026-05-08T02:00,Leuven,10.0,0.0,0.0,5.1,9.0,2
2026-05-08T03:00,Leuven,10.0,0.0,0.0,4.5,9.0,3
2026-05-08T04:00,Leuven,9.9,0.0,0.0,5.1,9.4,3
2026-05-08T05:00,Leuven,9.9,0.0,0.0,5.3,10.4,3
2026-05-08T06:00,Leuven,9.8,0.0,0.0,4.4,9.7,3
2026-05-08T07:00,Leuven,10.0,0.0,0.0,5.2,9.4,3
2026-05-08T08:00,Leuven,10.5,0.0,0.0,5.1,9.7,3
2026-05-08T09:00,Leuven,11.8,0.1,0.1,3.3,11.2,51
2026-05-08T10:00,Leuven,13.3,0.0,0.0,3.6,11.9,3
2026-05-08T11:00,Leuven,14.4,0.0,0.0,5.4,15.1,2
2026-05-08T12:00,Leuven,15.2,0.1,0.1,7.3,19.4,51
2026-05-08T13:00,Leuven,15.8,0.1,0.1,7.6,20.9,51
2026-05-08T14:00,Leuven,16.8,0.0,0.0,9.2,22.7,1
2026-05-08T15:00,Leuven,17.2,0.0,0.0,8.8,23.8,2
2026-05-08T16:00,Leuven,17.3,0.0,0.0,8.1,22.7,3
2026-05-08T17:00,Leuven,17.3,0.0,0.0,7.1,20.5,2
2026-05-08T18:00,Leuven,17.4,0.0,0.0,8.1,18.7,2
2026-05-08T19:00,Leuven,16.8,0.0,0.0,6.8,19.1,1
2026-05-08T20:00,Leuven,16.3,0.0,0.0,3.1,13.7,1
2026-05-08T21:00,Leuven,14.3,0.0,0.0,4.0,5.8,1
2026-05-08T22:00,Leuven,13.0,0.0,0.0,6.8,12.2,0
2026-05-08T23:00,Leuven,12.0,0.0,0.0,7.7,13.7,0
2026-05-09T00:00,Leuven,11.3,0.0,0.0,9.0,16.9,0
2026-05-09T01:00,Leuven,10.4,0.0,0.0,7.9,16.6,0
2026-05-09T02:00,Leuven,9.5,0.0,0.0,7.8,14.4,0
2026-05-09T03:00,Leuven,8.9,0.0,0.0,7.2,14.0,0
2026-05-09T04:00,Leuven,8.4,0.0,0.0,6.7,13.3,1
2026-05-09T05:00,Leuven,7.7,0.0,0.0,5.8,12.6,1
2026-05-09T06:00,Leuven,7.6,0.0,0.0,5.8,11.2,1
2026-05-09T07:00,Leuven,8.2,0.0,0.0,7.4,13.0,3
2026-05-09T08:00,Leuven,10.0,0.0,0.0,6.4,14.4,0
2026-05-09T09:00,Leuven,12.2,0.0,0.0,4.4,13.3,2
2026-05-09T10:00,Leuven,14.4,0.0,0.0,5.3,16.2,0
2026-05-09T11:00,Leuven,16.7,0.0,0.0,7.8,20.9,0
2026-05-09T12:00,Leuven,18.0,0.0,0.0,10.6,26.6,0
2026-05-09T13:00,Leuven,18.9,0.0,0.0,9.4,26.6,0
2026-05-09T14:00,Leuven,19.5,0.0,0.0,6.4,24.5,1
2026-05-09T15:00,Leuven,19.9,0.0,0.0,4.6,18.0,2
2026-05-09T16:00,Leuven,19.9,0.0,0.0,5.2,16.2,3
2026-05-09T17:00,Leuven,19.8,0.0,0.0,4.8,16.2,3
2026-05-09T18:00,Leuven,19.7,0.0,0.0,4.8,14.4,1
2026-05-09T19:00,Leuven,19.4,0.0,0.0,5.0,12.2,0
2026-05-09T20:00,Leuven,18.6,0.0,0.0,2.3,11.2,1
2026-05-09T21:00,Leuven,16.4,0.0,0.0,7.9,13.7,0
2026-05-09T22:00,Leuven,15.1,0.0,0.0,12.3,22.3,0
2026-05-09T23:00,Leuven,14.0,0.0,0.0,10.1,23.0,0
2026-05-10T00:00,Leuven,12.8,0.0,0.0,9.3,18.7,1
2026-05-10T01:00,Leuven,11.7,0.0,0.0,7.6,16.9,3
2026-05-10T02:00,Leuven,11.1,0.0,0.0,5.8,14.0,3
2026-05-10T03:00,Leuven,10.1,0.0,0.0,5.8,11.2,1
2026-05-10T04:00,Leuven,9.6,0.0,0.0,7.9,14.4,3
2026-05-10T05:00,Leuven,9.1,0.0,0.0,8.8,16.6,3
2026-05-10T06:00,Leuven,8.9,0.0,0.0,9.4,17.6,3
2026-05-10T07:00,Leuven,9.1,0.0,0.0,9.7,18.4,3
2026-05-10T08:00,Leuven,10.5,0.0,0.0,9.4,19.1,3
2026-05-10T09:00,Leuven,12.1,0.0,0.0,10.3,23.8,3
2026-05-10T10:00,Leuven,14.0,0.0,0.0,11.9,27.7,3
2026-05-10T11:00,Leuven,16.0,0.0,0.0,14.9,34.2,3
2026-05-10T12:00,Leuven,17.1,0.0,0.0,14.8,34.6,3
2026-05-10T13:00,Leuven,17.8,0.0,0.0,14.1,34.2,3
2026-05-10T14:00,Leuven,18.3,0.0,0.0,13.6,33.5,3
2026-05-10T15:00,Leuven,19.1,0.0,0.0,13.4,33.1,3
2026-05-10T16:00,Leuven,19.2,0.0,0.0,13.6,32.0,3
2026-05-10T17:00,Leuven,19.3,0.0,0.0,14.5,32.0,3
2026-05-10T18:00,Leuven,18.6,0.0,0.0,15.6,33.5,3
2026-05-10T19:00,Leuven,17.9,0.0,0.0,14.3,33.5,3
2026-05-10T20:00,Leuven,15.4,0.0,0.0,12.7,29.2,3
2026-05-10T21:00,Leuven,12.9,1.8,1.8,17.9,31.3,61
2026-05-10T22:00,Leuven,11.1,1.8,1.8,18.0,36.4,61
2026-05-10T23:00,Leuven,10.8,0.9,0.9,14.5,33.5,53
2026-05-11T00:00,Leuven,10.6,0.3,0.3,16.5,30.6,51
2026-05-11T01:00,Leuven,10.0,0.1,0.1,14.9,30.2,51
2026-05-11T02:00,Leuven,9.7,0.5,0.5,14.5,28.4,53
2026-05-11T03:00,Leuven,8.8,1.1,1.1,13.3,29.2,55
2026-05-11T04:00,Leuven,8.0,1.3,1.3,12.9,24.8,61
2026-05-11T05:00,Leuven,7.7,0.6,0.6,13.5,25.9,53
2026-05-11T06:00,Leuven,7.2,0.4,0.4,12.1,25.2,51
2026-05-11T07:00,Leuven,7.0,0.9,0.9,10.7,23.0,53
2026-05-11T08:00,Leuven,6.9,1.2,1.2,12.7,20.2,55
2026-05-11T09:00,Leuven,7.0,0.3,0.3,11.6,25.9,51
2026-05-11T10:00,Leuven,7.5,0.1,0.1,12.9,28.4,51
2026-05-11T11:00,Leuven,9.5,0.1,0.1,14.6,33.1,51
2026-05-11T12:00,Leuven,10.5,0.0,0.0,14.5,33.1,3
2026-05-11T13:00,Leuven,11.0,0.0,0.0,15.1,33.8,3
2026-05-11T14:00,Leuven,11.7,0.0,0.0,17.5,40.0,3
2026-05-11T15:00,Leuven,11.1,0.0,0.0,18.4,38.9,3
2026-05-11T16:00,Leuven,8.6,1.6,1.6,17.3,46.1,61
2026-05-11T17:00,Leuven,9.3,0.2,0.2,16.6,34.9,51
2026-05-11T18:00,Leuven,10.5,0.0,0.0,21.5,44.6,0
2026-05-11T19:00,Leuven,9.9,0.0,0.0,20.9,46.4,0
2026-05-11T20:00,Leuven,8.6,0.0,0.0,19.7,43.6,1
2026-05-11T21:00,Leuven,7.6,0.0,0.0,16.8,39.6,0
2026-05-11T22:00,Leuven,6.7,0.0,0.0,15.3,33.8,0
2026-05-11T23:00,Leuven,6.0,0.0,0.0,12.8,30.2,1
2026-05-12T00:00,Leuven,5.8,0.0,0.0,12.7,25.6,1
2026-05-12T01:00,Leuven,5.8,0.0,0.0,12.3,25.6,1
2026-05-12T02:00,Leuven,5.1,0.0,0.0,11.3,24.1,1
2026-05-12T03:00,Leuven,4.7,0.0,0.0,11.4,22.3,1
2026-05-12T04:00,Leuven,4.6,0.0,0.0,12.3,23.8,0
2026-05-12T05:00,Leuven,4.4,0.0,0.0,12.7,24.1,1
2026-05-12T06:00,Leuven,4.4,0.0,0.0,13.0,24.8,1
2026-05-12T07:00,Leuven,5.2,0.0,0.0,13.4,26.3,2
2026-05-12T08:00,Leuven,6.0,0.0,0.0,13.2,27.7,3
2026-05-12T09:00,Leuven,6.7,0.0,0.0,11.8,25.9,2
2026-05-12T10:00,Leuven,7.9,0.2,0.2,16.9,36.7,51
2026-05-12T11:00,Leuven,9.4,0.1,0.1,18.0,38.9,51
2026-05-12T12:00,Leuven,9.7,0.0,0.0,18.3,41.4,3
2026-05-12T13:00,Leuven,10.1,0.0,0.0,15.8,40.3,3
2026-05-12T14:00,Leuven,11.7,0.0,0.0,15.5,36.0,3
2026-05-12T15:00,Leuven,11.6,0.0,0.0,16.7,36.7,3
2026-05-12T16:00,Leuven,11.4,0.0,0.0,16.4,39.6,3
2026-05-12T17:00,Leuven,11.7,0.0,0.0,14.3,36.7,3
2026-05-12T18:00,Leuven,11.5,0.0,0.0,14.5,30.2,3
2026-05-12T19:00,Leuven,11.4,0.0,0.0,13.4,29.9,3
2026-05-12T20:00,Leuven,11.3,0.1,0.1,13.9,31.3,51
2026-05-12T21:00,Leuven,10.8,0.0,0.0,13.2,27.4,2
2026-05-12T22:00,Leuven,10.4,0.0,0.0,14.3,28.1,2
2026-05-12T23:00,Leuven,10.6,0.0,0.0,14.8,29.2,3
2026-05-13T00:00,Leuven,10.2,0.2,0.2,16.0,31.3,51
2026-05-13T01:00,Leuven,9.3,0.2,0.2,15.4,31.3,51
2026-05-13T02:00,Leuven,9.2,0.0,0.0,11.5,29.9,3
2026-05-13T03:00,Leuven,9.0,0.1,0.1,11.2,23.0,51
2026-05-13T04:00,Leuven,9.1,0.0,0.0,12.2,23.4,3
2026-05-13T05:00,Leuven,8.7,0.0,0.0,11.4,23.4,1
2026-05-13T06:00,Leuven,8.0,0.0,0.0,11.0,22.0,1
2026-05-13T07:00,Leuven,8.2,0.0,0.0,12.1,22.7,3
2026-05-13T08:00,Leuven,9.5,0.0,0.0,10.7,23.8,3
2026-05-13T09:00,Leuven,10.0,0.0,0.0,16.8,34.6,3
2026-05-13T10:00,Leuven,10.6,0.1,0.1,17.4,37.8,51
2026-05-13T11:00,Leuven,11.9,0.1,0.1,19.2,44.6,51
2026-05-13T12:00,Leuven,9.5,1.2,1.2,20.1,45.0,55
2026-05-13T13:00,Leuven,11.1,0.9,0.9,17.8,44.3,53
2026-05-13T14:00,Leuven,9.8,0.2,0.2,18.1,50.4,51
2026-05-13T15:00,Leuven,12.6,0.4,0.4,13.4,41.8,51
2026-05-13T16:00,Leuven,10.5,1.9,1.9,12.5,41.0,61
2026-05-13T17:00,Leuven,10.2,1.0,1.0,20.5,45.4,55
2026-05-13T18:00,Leuven,10.6,1.5,1.5,13.8,45.0,61
2026-05-13T19:00,Leuven,9.8,1.4,1.4,12.1,36.4,61
2026-05-13T20:00,Leuven,8.6,0.5,0.5,11.6,26.3,53
2026-05-13T21:00,Leuven,8.1,0.2,0.2,11.6,23.0,51
2026-05-13T22:00,Leuven,7.7,0.0,0.0,10.3,22.7,3
2026-05-13T23:00,Leuven,7.4,0.0,0.0,14.2,27.0,1
2026-05-14T00:00,Leuven,7.0,0.0,0.0,13.9,27.4,2
2026-05-14T01:00,Leuven,6.8,0.1,0.1,15.9,30.2,51
2026-05-14T02:00,Leuven,6.1,0.0,0.0,14.1,33.8,3
2026-05-14T03:00,Leuven,6.4,0.1,0.1,14.9,28.1,51
2026-05-14T04:00,Leuven,5.9,0.0,0.0,14.4,28.1,2
2026-05-14T05:00,Leuven,5.7,0.1,0.1,13.8,27.4,51
2026-05-14T06:00,Leuven,5.5,0.0,0.0,14.0,26.3,1
2026-05-14T07:00,Leuven,5.9,0.0,0.0,14.2,26.6,2
2026-05-14T08:00,Leuven,6.9,0.0,0.0,16.4,31.7,1
2026-05-14T09:00,Leuven,8.0,0.2,0.2,17.7,37.4,51
2026-05-14T10:00,Leuven,9.3,0.1,0.1,16.0,36.7,51
2026-05-14T11:00,Leuven,10.3,0.1,0.1,15.7,36.0,51
2026-05-14T12:00,Leuven,9.1,0.8,0.8,16.5,37.1,53
2026-05-14T13:00,Leuven,10.8,0.3,0.3,13.7,37.1,51
2026-05-14T14:00,Leuven,11.3,0.2,0.2,15.5,34.6,51
2026-05-14T15:00,Leuven,10.3,0.5,0.5,12.8,38.2,53
2026-05-14T16:00,Leuven,11.6,0.1,0.1,9.2,30.2,51
2026-05-14T17:00,Leuven,9.0,1.1,1.1,16.9,36.0,55
2026-05-14T18:00,Leuven,9.1,0.6,0.6,6.6,37.4,53
2026-05-14T19:00,Leuven,8.0,0.4,0.4,13.4,35.3,51
2026-05-14T20:00,Leuven,8.2,0.1,0.1,3.4,27.0,51
2026-05-14T21:00,Leuven,7.3,0.0,0.0,6.0,9.7,2
2026-05-14T22:00,Leuven,6.6,0.3,0.3,4.8,15.5,51
2026-05-14T23:00,Leuven,6.2,0.1,0.1,4.2,8.6,51
2026-05-15T00:00,Leuven,6.1,0.0,0.0,2.5,7.6,0
2026-05-15T01:00,Leuven,5.4,0.0,0.0,3.1,4.3,1
2026-05-15T02:00,Leuven,5.1,0.0,0.0,7.6,7.6,0
2026-05-15T03:00,Leuven,4.6,0.0,0.0,5.9,11.9,0
2026-05-15T04:00,Leuven,4.1,0.0,0.0,6.0,10.1,0
2026-05-15T05:00,Leuven,3.7,0.0,0.0,5.9,10.4,2
2026-05-15T06:00,Leuven,3.4,0.0,0.0,5.6,9.4,1
2026-05-15T07:00,Leuven,4.5,0.0,0.0,7.7,13.0,3
2026-05-15T08:00,Leuven,6.5,0.0,0.0,8.5,17.3,3
2026-05-15T09:00,Leuven,8.0,0.0,0.0,8.8,20.5,3
2026-05-15T10:00,Leuven,9.4,0.0,0.0,11.9,29.2,2
2026-05-15T11:00,Leuven,10.4,0.1,0.1,11.5,29.5,51
2026-05-15T12:00,Leuven,10.5,0.1,0.1,10.2,29.5,51
2026-05-15T13:00,Leuven,7.7,1.6,1.6,12.1,32.4,61
2026-05-15T14:00,Leuven,10.5,0.2,0.2,10.7,27.0,51
2026-05-15T15:00,Leuven,11.6,0.0,0.0,13.1,31.0,3
2026-05-15T16:00,Leuven,9.3,1.7,1.7,16.6,37.1,61
2026-05-15T17:00,Leuven,9.9,0.8,0.8,13.3,35.3,53
2026-05-15T18:00,Leuven,10.7,0.1,0.1,16.4,34.6,51
2026-05-15T19:00,Leuven,9.3,0.2,0.2,16.6,36.4,51
2026-05-15T20:00,Leuven,8.5,0.1,0.1,13.0,33.1,51
2026-05-15T21:00,Leuven,7.7,0.0,0.0,10.4,25.9,3
2026-05-15T22:00,Leuven,7.0,0.0,0.0,7.3,20.2,1
2026-05-15T23:00,Leuven,6.0,0.0,0.0,6.3,14.0,2
2026-05-16T00:00,Leuven,5.7,0.0,0.0,7.2,13.7,3
2026-05-16T01:00,Leuven,5.4,0.0,0.0,7.2,14.0,3
2026-05-16T02:00,Leuven,6.2,0.0,0.0,8.8,14.8,3
2026-05-16T03:00,Leuven,6.6,0.0,0.0,9.8,18.7,3
2026-05-16T04:00,Leuven,5.9,0.0,0.0,9.7,18.7,3
2026-05-16T05:00,Leuven,5.0,0.0,0.0,9.0,18.4,2
2026-05-16T06:00,Leuven,4.7,0.0,0.0,8.7,16.9,1
2026-05-16T07:00,Leuven,5.3,0.0,0.0,9.2,16.9,0
2026-05-16T08:00,Leuven,7.0,0.0,0.0,7.4,18.0,1
2026-05-16T09:00,Leuven,8.9,0.0,0.0,8.7,20.5,0
2026-05-16T10:00,Leuven,10.2,0.2,0.2,10.6,25.6,51
2026-05-16T11:00,Leuven,11.1,0.1,0.1,10.8,26.6,51
2026-05-16T12:00,Leuven,12.0,0.1,0.1,11.5,28.1,51
2026-05-16T13:00,Leuven,11.7,0.1,0.1,13.2,31.0,51
2026-05-16T14:00,Leuven,12.6,0.1,0.1,12.5,33.5,51
2026-05-16T15:00,Leuven,11.9,0.3,0.3,12.3,32.4,51
2026-05-16T16:00,Leuven,12.1,0.2,0.2,12.4,31.7,51
2026-05-16T17:00,Leuven,11.9,0.1,0.1,11.8,32.4,51
2026-05-16T18:00,Leuven,11.9,0.0,0.0,12.6,30.6,0
2026-05-16T19:00,Leuven,11.9,0.1,0.1,9.2,27.7,51
2026-05-16T20:00,Leuven,11.3,0.0,0.0,7.3,19.4,1
2026-05-16T21:00,Leuven,9.9,0.0,0.0,8.3,15.1,0
2026-05-16T22:00,Leuven,8.7,0.0,0.0,10.7,19.8,0
2026-05-16T23:00,Leuven,8.2,0.0,0.0,10.2,20.5,0
2026-05-17T00:00,Leuven,7.5,0.0,0.0,8.1,19.1,1
2026-05-17T01:00,Leuven,7.3,0.0,0.0,11.7,21.2,3
2026-05-17T02:00,Leuven,8.8,0.0,0.0,11.5,25.2,3
2026-05-17T03:00,Leuven,8.7,0.0,0.0,12.8,24.1,3
2026-05-17T04:00,Leuven,9.0,0.0,0.0,12.9,25.2,3
2026-05-17T05:00,Leuven,9.1,0.0,0.0,13.3,25.9,3
2026-05-17T06:00,Leuven,9.2,0.0,0.0,13.8,26.6,3
2026-05-17T07:00,Leuven,9.6,0.1,0.1,13.8,27.4,51
2026-05-17T08:00,Leuven,10.3,0.4,0.4,13.5,27.0,51
2026-05-17T09:00,Leuven,10.8,0.0,0.0,12.1,28.1,3
2026-05-17T10:00,Leuven,10.9,0.1,0.1,12.8,25.9,51
2026-05-17T11:00,Leuven,11.3,0.2,0.2,16.1,32.4,51
2026-05-17T12:00,Leuven,12.2,0.5,0.5,14.3,34.2,53
2026-05-17T13:00,Leuven,13.2,0.5,0.5,13.5,31.3,53
2026-05-17T14:00,Leuven,14.1,0.1,0.1,14.4,33.1,51
2026-05-17T15:00,Leuven,14.9,0.1,0.1,13.4,32.8,51
2026-05-17T16:00,Leuven,15.9,0.1,0.1,11.6,30.6,51
2026-05-17T17:00,Leuven,12.2,3.6,3.6,9.5,29.2,63
2026-05-17T18:00,Leuven,12.8,1.2,1.2,1.6,20.5,55
2026-05-17T19:00,Leuven,12.4,1.4,1.4,6.5,17.3,61
2026-05-17T20:00,Leuven,12.0,0.1,0.1,4.8,15.1,51
2026-05-17T21:00,Leuven,11.6,1.0,1.0,6.8,11.2,55
2026-05-17T22:00,Leuven,11.2,1.0,1.0,6.6,13.3,55
2026-05-17T23:00,Leuven,10.8,1.7,1.7,5.8,12.2,61
2026-05-18T00:00,Leuven,10.4,0.6,0.6,5.5,10.1,53
2026-05-18T01:00,Leuven,10.0,0.4,0.4,6.8,12.2,51
2026-05-18T02:00,Leuven,10.2,0.4,0.4,9.6,13.7,51
2026-05-18T03:00,Leuven,10.1,0.3,0.3,11.5,20.9,51
2026-05-18T04:00,Leuven,9.7,0.1,0.1,9.6,20.9,51
2026-05-18T05:00,Leuven,9.3,0.0,0.0,9.5,16.9,3
2026-05-18T06:00,Leuven,8.8,0.0,0.0,9.9,17.6,3
2026-05-18T07:00,Leuven,8.9,0.0,0.0,11.1,20.2,3
2026-05-18T08:00,Leuven,10.0,0.0,0.0,10.1,22.3,3
2026-05-18T09:00,Leuven,10.8,0.0,0.0,13.7,28.4,3
2026-05-18T10:00,Leuven,11.8,0.1,0.1,14.1,31.3,51
2026-05-18T11:00,Leuven,13.1,0.1,0.1,13.6,31.7,51
2026-05-18T12:00,Leuven,14.0,0.1,0.1,14.2,33.1,51
2026-05-18T13:00,Leuven,14.7,0.0,0.0,14.4,33.5,2
2026-05-18T14:00,Leuven,15.3,0.1,0.1,13.3,34.9,51
2026-05-18T15:00,Leuven,14.6,0.2,0.2,14.5,34.6,51
2026-05-18T16:00,Leuven,14.9,0.1,0.1,14.5,33.5,51
2026-05-18T17:00,Leuven,13.8,0.4,0.4,15.7,36.7,51
2026-05-18T18:00,Leuven,13.9,0.2,0.2,14.2,34.2,51
2026-05-18T19:00,Leuven,13.7,0.1,0.1,11.4,31.0,51
2026-05-18T20:00,Leuven,11.7,0.2,0.2,7.2,24.8,51
2026-05-18T21:00,Leuven,11.0,0.1,0.1,4.7,14.0,51
2026-05-18T22:00,Leuven,9.7,0.0,0.0,5.6,10.4,2
2026-05-18T23:00,Leuven,9.0,0.0,0.0,6.1,11.2,0
2026-05-19T00:00,Leuven,8.6,0.0,0.0,6.7,12.6,1
2026-05-19T01:00,Leuven,8.3,0.0,0.0,7.6,13.7,1
2026-05-19T02:00,Leuven,8.4,0.0,0.0,7.6,14.0,2
2026-05-19T03:00,Leuven,8.3,0.0,0.0,8.6,15.8,1
2026-05-19T04:00,Leuven,7.9,0.0,0.0,8.1,15.8,2
2026-05-19T05:00,Leuven,8.1,0.0,0.0,9.4,18.0,2
2026-05-19T06:00,Leuven,8.3,0.0,0.0,9.4,17.3,3
2026-05-19T07:00,Leuven,9.4,0.0,0.0,10.9,20.5,3
2026-05-19T08:00,Leuven,10.9,0.0,0.0,11.2,22.0,3
2026-05-19T09:00,Leuven,11.5,0.0,0.0,10.3,22.3,3
2026-05-19T10:00,Leuven,13.0,0.0,0.0,12.3,26.6,3
2026-05-19T11:00,Leuven,13.9,0.0,0.0,13.9,30.2,3
2026-05-19T12:00,Leuven,15.4,0.0,0.0,16.8,37.1,2
2026-05-19T13:00,Leuven,16.6,0.0,0.0,21.8,47.2,3
2026-05-19T14:00,Leuven,16.4,0.0,0.0,18.9,47.2,3
2026-05-19T15:00,Leuven,16.0,0.0,0.0,18.4,40.0,3
2026-05-19T16:00,Leuven,15.8,0.1,0.1,18.6,39.6,51
2026-05-19T17:00,Leuven,15.5,0.1,0.1,17.8,39.6,51
2026-05-19T18:00,Leuven,15.7,0.2,0.2,16.2,37.8,51
2026-05-19T19:00,Leuven,15.3,0.0,0.0,16.7,33.8,3
2026-05-19T20:00,Leuven,14.5,0.1,0.1,17.7,36.7,51
2026-05-19T21:00,Leuven,14.2,0.0,0.0,16.2,34.9,3
2026-05-19T22:00,Leuven,13.6,0.0,0.0,15.8,32.0,2
2026-05-19T23:00,Leuven,13.6,0.0,0.0,16.3,32.0,3
2026-05-20T00:00,Leuven,13.8,0.0,0.0,16.8,33.1,3
2026-05-20T01:00,Leuven,13.5,0.1,0.1,15.5,33.1,51
2026-05-20T02:00,Leuven,12.7,0.1,0.1,13.0,30.2,51
2026-05-20T03:00,Leuven,12.5,1.5,1.5,12.9,23.4,61
2026-05-20T04:00,Leuven,12.4,1.1,1.1,13.1,26.3,55
2026-05-20T05:00,Leuven,12.5,0.2,0.2,13.5,24.1,51
2026-05-20T06:00,Leuven,12.1,0.0,0.0,14.9,27.0,1
2026-05-20T07:00,Leuven,12.4,0.0,0.0,17.5,32.4,1
2026-05-20T08:00,Leuven,12.8,0.0,0.0,17.8,35.3,2
2026-05-20T09:00,Leuven,13.7,0.1,0.1,15.3,34.9,51
2026-05-20T10:00,Leuven,14.5,0.3,0.3,19.9,44.3,51
2026-05-20T11:00,Leuven,14.9,0.1,0.1,18.2,46.1,51
2026-05-20T12:00,Leuven,15.2,0.8,0.8,20.5,48.2,53
2026-05-20T13:00,Leuven,16.9,0.2,0.2,23.0,52.9,51
2026-05-20T14:00,Leuven,17.0,0.4,0.4,21.2,51.1,51
2026-05-20T15:00,Leuven,17.7,0.1,0.1,20.3,49.7,51
2026-05-20T16:00,Leuven,17.8,0.2,0.2,22.7,48.2,51
2026-05-20T17:00,Leuven,18.4,0.1,0.1,22.8,47.5,51
2026-05-20T18:00,Leuven,17.9,0.0,0.0,21.0,48.2,3
2026-05-20T19:00,Leuven,16.9,0.0,0.0,17.7,44.6,2
2026-05-20T20:00,Leuven,15.9,0.1,0.1,16.6,37.8,51
2026-05-20T21:00,Leuven,15.3,0.0,0.0,15.8,33.1,1
2026-05-20T22:00,Leuven,14.6,0.0,0.0,13.8,31.3,1
2026-05-20T23:00,Leuven,14.0,0.0,0.0,13.1,27.0,0
2026-05-21T00:00,Leuven,13.5,0.0,0.0,13.4,26.3,1
2026-05-21T01:00,Leuven,12.9,0.0,0.0,13.4,25.9,1
2026-05-21T02:00,Leuven,13.5,0.0,0.0,12.9,25.9,0
2026-05-21T03:00,Leuven,12.5,0.0,0.0,12.8,25.2,0
2026-05-21T04:00,Leuven,11.5,0.0,0.0,11.2,24.8,2
2026-05-21T05:00,Leuven,10.8,0.0,0.0,9.7,21.6,0
2026-05-21T06:00,Leuven,10.3,0.0,0.0,8.9,18.4,0
2026-05-21T07:00,Leuven,11.0,0.0,0.0,9.4,17.3,1
2026-05-21T08:00,Leuven,12.6,0.0,0.0,8.4,17.6,2
2026-05-21T09:00,Leuven,13.9,0.0,0.0,8.9,21.2,3
2026-05-21T10:00,Leuven,15.2,0.0,0.0,8.7,22.3,3
2026-05-21T11:00,Leuven,16.5,0.0,0.0,8.2,22.7,3
2026-05-21T12:00,Leuven,17.7,0.0,0.0,8.6,23.0,3
2026-05-21T13:00,Leuven,18.7,0.0,0.0,9.2,24.1,3
2026-05-21T14:00,Leuven,19.7,0.0,0.0,10.7,28.8,3
2026-05-21T15:00,Leuven,19.9,0.0,0.0,8.6,24.8,3
2026-05-21T16:00,Leuven,20.2,0.0,0.0,6.7,22.0,3
2026-05-21T17:00,Leuven,20.2,0.0,0.0,4.6,18.0,2
2026-05-21T18:00,Leuven,20.4,0.0,0.0,3.2,13.7,2
2026-05-21T19:00,Leuven,20.3,0.0,0.0,2.4,10.4,0
2026-05-21T20:00,Leuven,19.8,0.0,0.0,3.6,7.2,1
2026-05-21T21:00,Leuven,17.7,0.0,0.0,3.1,7.2,2
2026-05-21T22:00,Leuven,16.3,0.0,0.0,2.9,4.7,1
2026-05-21T23:00,Leuven,15.2,0.0,0.0,3.3,5.4,0
2026-05-22T00:00,Leuven,14.2,0.0,0.0,4.1,5.8,0
2026-05-22T01:00,Leuven,13.4,0.0,0.0,5.6,9.7,0
2026-05-22T02:00,Leuven,12.5,0.0,0.0,6.0,11.2,0
2026-05-22T03:00,Leuven,11.8,0.0,0.0,5.9,11.2,0
2026-05-22T04:00,Leuven,11.2,0.0,0.0,5.6,10.1,0
2026-05-22T05:00,Leuven,11.2,0.0,0.0,6.4,11.2,2
2026-05-22T06:00,Leuven,11.0,0.0,0.0,6.5,12.2,1
2026-05-22T07:00,Leuven,12.2,0.0,0.0,7.9,14.0,2
2026-05-22T08:00,Leuven,14.5,0.0,0.0,8.3,15.1,0
2026-05-22T09:00,Leuven,16.9,0.0,0.0,4.4,15.5,0
2026-05-22T10:00,Leuven,19.4,0.0,0.0,4.6,14.4,0
2026-05-22T11:00,Leuven,21.4,0.0,0.0,5.1,16.2,0
2026-05-22T12:00,Leuven,22.5,0.0,0.0,5.5,17.3,0
2026-05-22T13:00,Leuven,23.3,0.0,0.0,5.2,17.3,0
2026-05-22T14:00,Leuven,24.4,0.0,0.0,3.8,16.9,0
2026-05-22T15:00,Leuven,24.8,0.0,0.0,3.4,14.4,0
2026-05-22T16:00,Leuven,24.9,0.0,0.0,3.2,13.3,0
2026-05-22T17:00,Leuven,25.0,0.0,0.0,3.3,12.6,0
2026-05-22T18:00,Leuven,24.8,0.0,0.0,3.2,11.5,0
2026-05-22T19:00,Leuven,24.4,0.0,0.0,3.3,10.1,0
2026-05-22T20:00,Leuven,23.4,0.0,0.0,2.4,7.9,0
2026-05-22T21:00,Leuven,21.3,0.0,0.0,4.0,5.8,0
2026-05-22T22:00,Leuven,19.3,0.0,0.0,4.5,6.8,0
2026-05-22T23:00,Leuven,18.1,0.0,0.0,5.0,8.3,0
2026-05-23T00:00,Leuven,17.4,0.0,0.0,5.8,10.1,0
2026-05-23T01:00,Leuven,16.5,0.0,0.0,5.7,10.1,0
2026-05-23T02:00,Leuven,15.3,0.0,0.0,5.8,10.4,0
2026-05-23T03:00,Leuven,14.6,0.0,0.0,6.1,11.2,0
2026-05-23T04:00,Leuven,14.1,0.0,0.0,6.7,11.9,0
2026-05-23T05:00,Leuven,14.0,0.0,0.0,6.5,12.2,0
2026-05-23T06:00,Leuven,13.8,0.0,0.0,6.2,11.5,3
2026-05-23T07:00,Leuven,15.1,0.0,0.0,7.3,12.6,3
2026-05-23T08:00,Leuven,18.2,0.0,0.0,7.1,14.4,2
2026-05-23T09:00,Leuven,21.1,0.0,0.0,4.2,13.3,3
2026-05-23T10:00,Leuven,23.5,0.0,0.0,4.6,13.3,2
2026-05-23T11:00,Leuven,24.8,0.0,0.0,7.9,19.1,0
2026-05-23T12:00,Leuven,25.9,0.0,0.0,6.8,20.2,0
2026-05-23T13:00,Leuven,26.7,0.0,0.0,5.7,18.0,1
2026-05-23T14:00,Leuven,27.7,0.0,0.0,5.6,16.9,0
2026-05-23T15:00,Leuven,28.0,0.0,0.0,5.3,16.6,0
2026-05-23T16:00,Leuven,28.2,0.0,0.0,5.5,15.8,0
2026-05-23T17:00,Leuven,28.2,0.0,0.0,5.3,15.1,0
2026-05-23T18:00,Leuven,27.9,0.0,0.0,5.5,14.0,0
2026-05-23T19:00,Leuven,27.4,0.0,0.0,4.2,12.6,0
2026-05-23T20:00,Leuven,26.3,0.0,0.0,3.5,8.6,0
2026-05-23T21:00,Leuven,24.3,0.0,0.0,4.6,7.2,0
2026-05-23T22:00,Leuven,22.4,0.0,0.0,5.3,8.3,0
2026-05-23T23:00,Leuven,21.5,0.0,0.0,7.0,11.9,0
2026-05-24T00:00,Leuven,19.9,0.0,0.0,8.5,17.6,0
2026-05-24T01:00,Leuven,18.2,0.0,0.0,6.4,15.8,1
2026-05-24T02:00,Leuven,17.3,0.0,0.0,4.3,11.9,2
2026-05-24T03:00,Leuven,16.9,0.0,0.0,2.3,5.8,2
2026-05-24T04:00,Leuven,16.3,0.0,0.0,1.9,3.6,1
2026-05-24T05:00,Leuven,15.4,0.0,0.0,3.6,5.0,0
2026-05-24T06:00,Leuven,15.2,0.0,0.0,4.8,8.6,0
2026-05-24T07:00,Leuven,16.1,0.0,0.0,6.9,11.9,0
2026-05-24T08:00,Leuven,17.9,0.0,0.0,5.2,13.0,0
2026-05-24T09:00,Leuven,19.7,0.0,0.0,5.4,15.5,2
2026-05-24T10:00,Leuven,21.6,0.0,0.0,5.8,17.3,1
2026-05-24T11:00,Leuven,23.3,0.0,0.0,6.9,19.1,1
2026-05-24T12:00,Leuven,24.7,0.0,0.0,7.1,20.2,1
2026-05-24T13:00,Leuven,25.8,0.0,0.0,6.2,19.8,0
2026-05-24T14:00,Leuven,26.8,0.0,0.0,5.0,18.7,1
2026-05-24T15:00,Leuven,27.3,0.0,0.0,4.0,16.2,2
2026-05-24T16:00,Leuven,27.6,0.0,0.0,3.2,14.4,2
2026-05-24T17:00,Leuven,27.8,0.0,0.0,2.5,12.6,2
2026-05-24T18:00,Leuven,27.8,0.0,0.0,2.0,10.4,2
2026-05-24T19:00,Leuven,27.6,0.0,0.0,2.7,8.3,1
2026-05-24T20:00,Leuven,26.3,0.0,0.0,4.4,9.4,3
2026-05-24T21:00,Leuven,24.0,0.0,0.0,9.2,16.6,3
2026-05-24T22:00,Leuven,22.2,0.0,0.0,10.2,19.8,2
2026-05-24T23:00,Leuven,20.8,0.0,0.0,8.6,18.4,1
2026-05-25T00:00,Leuven,19.6,0.0,0.0,7.6,15.5,0
2026-05-25T01:00,Leuven,18.4,0.0,0.0,6.0,13.7,0
2026-05-25T02:00,Leuven,17.3,0.0,0.0,5.8,10.4,0
2026-05-25T03:00,Leuven,16.4,0.0,0.0,5.2,9.4,0
2026-05-25T04:00,Leuven,15.6,0.0,0.0,5.1,8.3,0
2026-05-25T05:00,Leuven,14.9,0.0,0.0,4.9,8.3,0
2026-05-25T06:00,Leuven,14.3,0.0,0.0,4.8,8.3,0
2026-05-25T07:00,Leuven,15.4,0.0,0.0,5.9,9.7,0
2026-05-25T08:00,Leuven,17.6,0.0,0.0,3.1,10.4,0
2026-05-25T09:00,Leuven,20.1,0.0,0.0,1.5,9.4,0
2026-05-25T10:00,Leuven,22.8,0.0,0.0,2.7,11.5,0
2026-05-25T11:00,Leuven,24.8,0.0,0.0,5.1,15.1,0
2026-05-25T12:00,Leuven,25.8,0.0,0.0,4.7,15.8,0
2026-05-25T13:00,Leuven,26.8,0.0,0.0,3.5,15.5,0
2026-05-25T14:00,Leuven,27.5,0.0,0.0,2.6,13.3,0
2026-05-25T15:00,Leuven,28.1,0.0,0.0,1.0,12.2,0
2026-05-25T16:00,Leuven,28.6,0.0,0.0,1.2,9.7,2
2026-05-25T17:00,Leuven,29.2,0.0,0.0,2.6,9.4,2
2026-05-25T18:00,Leuven,29.4,0.0,0.0,5.2,12.6,3
2026-05-25T19:00,Leuven,28.3,0.0,0.0,6.0,14.4,3
2026-05-25T20:00,Leuven,26.8,0.0,0.0,6.2,13.3,2
2026-05-25T21:00,Leuven,24.8,0.0,0.0,8.2,15.1,1
2026-05-25T22:00,Leuven,22.9,0.0,0.0,8.4,17.6,0
2026-05-25T23:00,Leuven,20.7,0.0,0.0,6.5,15.5,0
2026-05-26T00:00,Leuven,19.4,0.0,0.0,5.7,10.8,0
2026-05-26T01:00,Leuven,18.4,0.0,0.0,5.4,8.6,0
2026-05-26T02:00,Leuven,16.5,0.0,0.0,5.8,8.3,0
2026-05-26T03:00,Leuven,15.5,0.0,0.0,6.0,10.4,0
2026-05-26T04:00,Leuven,14.8,0.0,0.0,5.5,10.4,0
2026-05-26T05:00,Leuven,14.0,0.0,0.0,5.0,9.0,0
2026-05-26T06:00,Leuven,13.5,0.0,0.0,3.9,7.9,0
2026-05-26T07:00,Leuven,14.9,0.0,0.0,5.3,8.6,0
2026-05-26T08:00,Leuven,17.7,0.0,0.0,4.5,12.2,0
2026-05-26T09:00,Leuven,20.2,0.0,0.0,3.8,11.9,0
2026-05-26T10:00,Leuven,22.7,0.0,0.0,4.1,14.0,0
2026-05-26T11:00,Leuven,25.0,0.0,0.0,3.8,14.4,0
2026-05-26T12:00,Leuven,26.9,0.0,0.0,3.3,13.7,0
2026-05-26T13:00,Leuven,28.1,0.0,0.0,3.1,13.3,0
2026-05-26T14:00,Leuven,29.1,0.0,0.0,2.7,13.3,0
2026-05-26T15:00,Leuven,29.5,0.0,0.0,2.9,12.6,0
2026-05-26T16:00,Leuven,29.7,0.0,0.0,3.6,12.6,0
2026-05-26T17:00,Leuven,29.7,0.0,0.0,3.9,12.6,0
2026-05-26T18:00,Leuven,29.5,0.0,0.0,3.5,11.9,0
2026-05-26T19:00,Leuven,29.3,0.0,0.0,2.4,9.7,0
2026-05-26T20:00,Leuven,27.7,0.0,0.0,4.7,7.6,0
2026-05-26T21:00,Leuven,26.2,0.0,0.0,6.0,10.1,0
2026-05-26T22:00,Leuven,25.1,0.0,0.0,10.7,19.1,0
2026-05-26T23:00,Leuven,24.0,0.0,0.0,11.2,22.7,0
2026-05-27T00:00,Leuven,22.9,0.0,0.0,8.2,20.5,0
2026-05-27T01:00,Leuven,22.0,0.0,0.0,8.5,15.5,0
2026-05-27T02:00,Leuven,20.1,0.0,0.0,9.9,18.7,0
2026-05-27T03:00,Leuven,19.1,0.0,0.0,8.0,18.4,0
2026-05-27T04:00,Leuven,18.1,0.0,0.0,6.1,14.4,0
2026-05-27T05:00,Leuven,17.4,0.0,0.0,6.2,11.5,1
2026-05-27T06:00,Leuven,16.8,0.0,0.0,7.4,13.3,0
2026-05-27T07:00,Leuven,17.5,0.0,0.0,9.2,16.9,0
2026-05-27T08:00,Leuven,19.0,0.0,0.0,9.6,20.9,0
2026-05-27T09:00,Leuven,20.3,0.0,0.0,9.4,23.0,0
2026-05-27T10:00,Leuven,21.9,0.0,0.0,9.4,23.4,0
2026-05-27T11:00,Leuven,23.6,0.0,0.0,9.6,24.1,0
2026-05-27T12:00,Leuven,25.0,0.0,0.0,10.5,26.3,0
2026-05-27T13:00,Leuven,26.1,0.0,0.0,10.6,26.3,0
2026-05-27T14:00,Leuven,26.3,0.0,0.0,11.5,27.0,1
2026-05-27T15:00,Leuven,26.5,0.0,0.0,11.1,27.7,1
2026-05-27T16:00,Leuven,26.9,0.0,0.0,11.3,27.0,0
2026-05-27T17:00,Leuven,26.9,0.0,0.0,12.0,27.4,0
2026-05-27T18:00,Leuven,26.5,0.0,0.0,12.5,28.1,0
2026-05-27T19:00,Leuven,25.7,0.0,0.0,11.8,27.7,0
2026-05-27T20:00,Leuven,24.5,0.0,0.0,11.8,25.9,0
2026-05-27T21:00,Leuven,22.8,0.0,0.0,9.9,23.0,0
2026-05-27T22:00,Leuven,21.4,0.0,0.0,10.8,20.5,0
2026-05-27T23:00,Leuven,20.4,0.0,0.0,10.4,20.5,0
2026-05-28T00:00,Leuven,19.5,0.0,0.0,9.7,19.8,0
2026-05-28T01:00,Leuven,18.7,0.0,0.0,10.2,19.1,0
2026-05-28T02:00,Leuven,17.4,0.0,0.0,9.6,19.1,0
2026-05-28T03:00,Leuven,16.6,0.0,0.0,10.1,19.1,0
2026-05-28T04:00,Leuven,15.8,0.0,0.0,9.9,19.1,0
2026-05-28T05:00,Leuven,15.0,0.0,0.0,9.7,18.7,0
2026-05-28T06:00,Leuven,14.4,0.0,0.0,9.0,18.4,0
2026-05-28T07:00,Leuven,14.9,0.0,0.0,8.8,17.3,0
2026-05-28T08:00,Leuven,16.2,0.0,0.0,8.4,18.4,0
2026-05-28T09:00,Leuven,17.7,0.0,0.0,7.6,19.8,0
2026-05-28T10:00,Leuven,19.6,0.0,0.0,7.4,20.2,0
2026-05-28T11:00,Leuven,21.7,0.0,0.0,7.6,21.2,0
2026-05-28T12:00,Leuven,23.4,0.0,0.0,8.0,22.3,0
2026-05-28T13:00,Leuven,24.8,0.0,0.0,8.3,23.4,0
2026-05-28T14:00,Leuven,25.8,0.0,0.0,9.4,22.7,0
2026-05-28T15:00,Leuven,26.2,0.0,0.0,8.1,24.8,0
2026-05-28T16:00,Leuven,26.5,0.0,0.0,6.1,21.6,0
2026-05-28T17:00,Leuven,26.6,0.0,0.0,7.0,19.1,0
2026-05-28T18:00,Leuven,26.4,0.0,0.0,7.7,19.1,0
2026-05-28T19:00,Leuven,25.8,0.0,0.0,7.8,19.4,0
2026-05-28T20:00,Leuven,25.1,0.0,0.0,8.4,18.4,0
2026-05-28T21:00,Leuven,23.6,0.0,0.0,5.1,16.6,0
2026-05-28T22:00,Leuven,22.1,0.0,0.0,6.5,11.5,0
2026-05-28T23:00,Leuven,21.5,0.0,0.0,9.5,17.6,0
2026-05-29T00:00,Leuven,20.6,0.0,0.0,8.6,17.6,2
2026-05-29T01:00,Leuven,20.0,0.0,0.0,9.8,18.7,2
2026-05-29T02:00,Leuven,19.1,0.0,0.0,12.1,18.7,2
2026-05-29T03:00,Leuven,19.1,0.0,0.0,7.7,23.4,1
2026-05-29T04:00,Leuven,18.1,0.0,0.0,9.7,17.6,2
2026-05-29T05:00,Leuven,18.0,0.0,0.0,9.7,18.0,2
2026-05-29T06:00,Leuven,18.7,0.0,0.0,9.9,18.4,2
2026-05-29T07:00,Leuven,20.1,0.0,0.0,10.5,19.8,0
2026-05-29T08:00,Leuven,22.6,0.0,0.0,14.0,20.2,0
2026-05-29T09:00,Leuven,24.4,0.0,0.0,11.4,25.6,1
2026-05-29T10:00,Leuven,24.5,0.1,0.1,11.6,28.4,51
2026-05-29T11:00,Leuven,25.9,0.4,0.4,5.2,30.6,51
2026-05-29T12:00,Leuven,27.9,0.0,0.0,9.4,22.3,3
2026-05-29T13:00,Leuven,28.5,0.0,0.0,11.2,25.6,3
2026-05-29T14:00,Leuven,31.5,0.0,0.0,16.5,32.0,3
2026-05-29T15:00,Leuven,31.5,0.0,0.0,12.7,36.0,3
2026-05-29T16:00,Leuven,30.7,0.0,0.0,13.6,33.1,3
2026-05-29T17:00,Leuven,30.6,0.0,0.0,10.2,30.2,3
2026-05-29T18:00,Leuven,20.9,2.9,2.9,8.4,51.8,63
2026-05-29T19:00,Leuven,21.0,0.9,0.9,4.8,18.4,53
2026-05-29T20:00,Leuven,22.7,0.0,0.0,6.2,16.9,3
2026-05-29T21:00,Leuven,20.6,0.4,0.4,6.8,14.4,51
2026-05-29T22:00,Leuven,19.4,0.6,0.6,12.2,26.3,53
2026-05-29T23:00,Leuven,19.0,0.1,0.1,10.9,21.2,51
2026-05-30T00:00,Leuven,18.7,0.0,0.0,4.2,18.7,3
2026-05-30T01:00,Leuven,18.2,0.0,0.0,4.7,9.4,3
2026-05-30T02:00,Leuven,19.1,0.0,0.0,8.9,8.3,3
2026-05-30T03:00,Leuven,18.3,0.0,0.0,6.2,18.7,0
2026-05-30T04:00,Leuven,17.6,0.0,0.0,3.1,11.2,0
2026-05-30T05:00,Leuven,17.1,0.4,0.4,9.8,20.9,51
2026-05-30T06:00,Leuven,17.0,0.4,0.4,0.7,18.0,51
2026-05-30T07:00,Leuven,17.1,0.7,0.7,5.8,14.4,53
2026-05-30T08:00,Leuven,17.0,0.8,0.8,9.1,19.8,53
2026-05-30T09:00,Leuven,16.9,5.1,5.1,15.4,33.8,63
2026-05-30T10:00,Leuven,17.9,5.6,5.6,9.3,33.1,63
2026-05-30T11:00,Leuven,19.0,2.5,2.5,9.9,23.8,63
2026-05-30T12:00,Leuven,19.4,1.0,1.0,2.7,22.7,55
2026-05-30T13:00,Leuven,22.5,0.1,0.1,1.7,14.4,51
2026-05-30T14:00,Leuven,20.7,0.0,0.0,10.1,13.3,3
2026-05-30T15:00,Leuven,23.9,0.0,0.0,5.5,25.2,3
2026-05-30T16:00,Leuven,25.1,0.0,0.0,5.2,18.4,2
2026-05-30T17:00,Leuven,25.9,0.0,0.0,5.8,19.1,3
2026-05-30T18:00,Leuven,22.5,1.4,1.4,7.1,37.1,61
2026-05-30T19:00,Leuven,21.9,0.1,0.1,1.5,18.4,51
2026-05-30T20:00,Leuven,19.5,0.0,0.0,9.3,8.6,3
2026-05-30T21:00,Leuven,20.5,0.7,0.7,6.2,15.8,53
2026-05-30T22:00,Leuven,19.9,0.1,0.1,11.2,20.2,51
2026-05-30T23:00,Leuven,19.3,0.2,0.2,15.3,25.2,51
2026-05-31T00:00,Leuven,19.1,0.0,0.0,4.3,27.4,3
2026-05-31T01:00,Leuven,18.4,0.0,0.0,6.9,13.0,2
2026-05-31T02:00,Leuven,18.1,0.0,0.0,17.1,11.9,3
2026-05-31T03:00,Leuven,17.8,0.1,0.1,15.2,30.2,51
2026-05-31T04:00,Leuven,17.7,0.4,0.4,16.0,28.8,51
2026-05-31T05:00,Leuven,17.3,0.8,0.8,17.2,38.5,53
2026-05-31T06:00,Leuven,17.1,0.3,0.3,10.8,31.0,51
2026-05-31T07:00,Leuven,17.6,0.0,0.0,14.0,25.6,2
2026-05-31T08:00,Leuven,18.2,0.0,0.0,10.7,27.7,3
2026-05-31T09:00,Leuven,18.8,0.0,0.0,13.2,29.2,3
2026-05-31T10:00,Leuven,19.1,0.0,0.0,14.5,32.0,3
2026-05-31T11:00,Leuven,20.3,0.0,0.0,15.5,34.6,3
2026-05-31T12:00,Leuven,22.0,0.0,0.0,16.2,37.1,3
2026-05-31T13:00,Leuven,22.9,0.0,0.0,16.4,37.1,3
2026-05-31T14:00,Leuven,22.2,0.0,0.0,17.1,37.1,3
2026-05-31T15:00,Leuven,22.2,0.0,0.0,18.0,39.2,3
2026-05-31T16:00,Leuven,22.2,0.0,0.0,19.1,41.4,3
2026-05-31T17:00,Leuven,22.0,0.0,0.0,18.3,41.4,3
2026-05-31T18:00,Leuven,21.3,0.0,0.0,17.1,38.9,3
2026-05-31T19:00,Leuven,20.9,0.1,0.1,16.7,36.0,51
2026-05-31T20:00,Leuven,20.0,0.0,0.0,16.0,34.9,3
2026-05-31T21:00,Leuven,19.0,0.1,0.1,11.8,32.0,51
2026-05-31T22:00,Leuven,18.0,0.0,0.0,9.4,23.8,2
2026-05-31T23:00,Leuven,17.2,0.0,0.0,8.7,18.0,1
2026-06-01T00:00,Leuven,16.8,0.0,0.0,11.6,22.0,0
2026-06-01T01:00,Leuven,15.8,0.0,0.0,10.7,23.8,0
2026-06-01T02:00,Leuven,14.4,0.0,0.0,8.0,20.5,0
2026-06-01T03:00,Leuven,13.8,0.0,0.0,8.7,16.6,0
2026-06-01T04:00,Leuven,13.3,0.0,0.0,9.2,17.6,0
2026-06-01T05:00,Leuven,12.9,0.0,0.0,9.0,17.6,0
2026-06-01T06:00,Leuven,12.8,0.0,0.0,9.2,17.6,0
2026-06-01T07:00,Leuven,13.6,0.0,0.0,8.3,18.4,0
2026-06-01T08:00,Leuven,15.2,0.0,0.0,7.7,19.1,3
2026-06-01T09:00,Leuven,16.8,0.0,0.0,7.3,19.4,3
2026-06-01T10:00,Leuven,18.3,0.0,0.0,6.7,19.4,3
2026-06-01T11:00,Leuven,19.8,0.0,0.0,7.6,21.2,3
2026-06-01T12:00,Leuven,20.9,0.0,0.0,9.1,24.1,3
2026-06-01T13:00,Leuven,22.0,0.0,0.0,12.0,28.8,3
2026-06-01T14:00,Leuven,22.5,0.0,0.0,12.3,29.5,3
2026-06-01T15:00,Leuven,22.0,0.0,0.0,11.8,28.1,3
2026-06-01T16:00,Leuven,22.1,0.0,0.0,10.7,27.4,2
2026-06-01T17:00,Leuven,22.6,0.0,0.0,10.7,25.2,3
2026-06-01T18:00,Leuven,22.2,0.0,0.0,9.4,24.5,3
2026-06-01T19:00,Leuven,22.3,0.0,0.0,9.8,22.7,3
2026-06-01T20:00,Leuven,21.9,0.0,0.0,8.0,21.6,3
2026-06-01T21:00,Leuven,20.4,0.0,0.0,5.2,15.5,3
2026-06-01T22:00,Leuven,19.9,0.0,0.0,6.5,11.9,3
2026-06-01T23:00,Leuven,19.1,0.0,0.0,7.4,13.7,3
2026-06-02T00:00,Leuven,18.4,0.0,0.0,7.9,14.8,3
2026-06-02T01:00,Leuven,17.8,0.0,0.0,8.1,15.1,3
2026-06-02T02:00,Leuven,16.8,0.0,0.0,8.7,16.9,3
2026-06-02T03:00,Leuven,16.8,0.0,0.0,10.4,19.4,3
2026-06-02T04:00,Leuven,17.0,0.0,0.0,11.9,22.0,3
2026-06-02T05:00,Leuven,17.2,0.0,0.0,13.8,26.3,3
2026-06-02T06:00,Leuven,17.2,0.0,0.0,14.0,27.0,3
2026-06-02T07:00,Leuven,17.8,0.0,0.0,17.9,34.6,3
2026-06-02T08:00,Leuven,18.2,1.3,1.3,15.9,36.0,61
2026-06-02T09:00,Leuven,16.5,2.9,2.9,13.7,32.4,63
2026-06-02T10:00,Leuven,18.1,0.1,0.1,13.8,28.1,51
2026-06-02T11:00,Leuven,20.1,0.8,0.8,14.4,37.8,53
2026-06-02T12:00,Leuven,20.3,0.1,0.1,16.2,39.6,51
2026-06-02T13:00,Leuven,20.9,0.1,0.1,17.3,42.1,51
2026-06-02T14:00,Leuven,21.0,2.7,2.7,21.6,43.6,63
2026-06-02T15:00,Leuven,19.9,0.1,0.1,19.5,46.1,51
2026-06-02T16:00,Leuven,19.6,0.4,0.4,24.3,50.0,51
2026-06-02T17:00,Leuven,18.1,0.2,0.2,19.1,50.8,51
2026-06-02T18:00,Leuven,18.8,0.0,0.0,18.4,41.8,3
2026-06-02T19:00,Leuven,18.0,0.0,0.0,18.7,39.2,1
2026-06-02T20:00,Leuven,17.0,0.0,0.0,16.5,38.9,2
2026-06-02T21:00,Leuven,16.5,0.0,0.0,15.7,32.8,3
2026-06-02T22:00,Leuven,15.4,0.0,0.0,15.2,31.7,1
2026-06-02T23:00,Leuven,14.7,0.0,0.0,15.7,31.0,0
2026-06-03T00:00,Leuven,14.2,0.0,0.0,16.7,32.8,0
2026-06-03T01:00,Leuven,13.6,0.0,0.0,17.1,34.6,0
2026-06-03T02:00,Leuven,12.1,0.0,0.0,17.8,35.6,2
2026-06-03T03:00,Leuven,11.9,0.2,0.2,16.7,35.3,51
2026-06-03T04:00,Leuven,12.4,0.2,0.2,16.4,32.4,51
2026-06-03T05:00,Leuven,12.4,0.2,0.2,14.7,31.7,51
2026-06-03T06:00,Leuven,12.4,0.1,0.1,15.6,30.2,51
2026-06-03T07:00,Leuven,12.9,0.2,0.2,17.1,32.8,51
2026-06-03T08:00,Leuven,13.9,0.4,0.4,16.7,34.9,51
2026-06-03T09:00,Leuven,14.4,0.2,0.2,15.6,35.3,51
2026-06-03T10:00,Leuven,15.6,0.1,0.1,19.2,41.0,51
2026-06-03T11:00,Leuven,16.7,0.1,0.1,19.0,41.0,51
2026-06-03T12:00,Leuven,17.7,0.2,0.2,21.4,46.8,51
2026-06-03T13:00,Leuven,18.1,0.1,0.1,22.9,49.0,51
2026-06-03T14:00,Leuven,18.6,0.0,0.0,22.5,49.7,3
2026-06-03T15:00,Leuven,18.4,0.0,0.0,23.3,49.0,3
2026-06-03T16:00,Leuven,18.9,0.0,0.0,24.2,51.8,3
2026-06-03T17:00,Leuven,18.2,0.1,0.1,20.7,51.1,51
2026-06-03T18:00,Leuven,17.4,0.4,0.4,20.1,42.5,51
2026-06-03T19:00,Leuven,15.9,1.8,1.8,23.2,45.0,61
2026-06-03T20:00,Leuven,15.7,0.2,0.2,23.0,50.4,51
2026-06-03T21:00,Leuven,15.7,0.4,0.4,24.3,47.9,51
2026-06-03T22:00,Leuven,16.2,0.1,0.1,25.4,50.8,51
2026-06-03T23:00,Leuven,15.8,0.5,0.5,22.2,50.4,53
2026-06-04T00:00,Leuven,15.1,1.3,1.3,17.6,47.9,61
2026-06-04T01:00,Leuven,15.1,0.5,0.5,16.1,35.6,53
2026-06-04T02:00,Leuven,13.9,0.0,0.0,16.1,32.4,3
2026-06-04T03:00,Leuven,13.8,0.1,0.1,14.5,31.0,51
2026-06-04T04:00,Leuven,13.9,0.0,0.0,13.3,27.4,3
2026-06-04T05:00,Leuven,13.9,0.3,0.3,16.7,31.7,51
2026-06-04T06:00,Leuven,14.2,0.1,0.1,20.0,38.9,51
2026-06-04T07:00,Leuven,14.2,0.0,0.0,18.7,39.2,3
2026-06-04T08:00,Leuven,14.6,0.0,0.0,20.0,39.6,3
2026-06-04T09:00,Leuven,14.9,0.2,0.2,18.5,41.8,51
2026-06-04T10:00,Leuven,15.2,0.3,0.3,19.9,42.8,51
2026-06-04T11:00,Leuven,15.6,0.4,0.4,21.9,45.4,51
2026-06-04T12:00,Leuven,17.0,0.6,0.6,25.5,52.6,53
2026-06-04T13:00,Leuven,16.9,0.8,0.8,25.8,59.8,53
2026-06-04T14:00,Leuven,17.8,0.6,0.6,19.7,59.0,53
2026-06-04T15:00,Leuven,14.8,2.7,2.7,19.9,54.4,63
2026-06-04T16:00,Leuven,17.1,0.1,0.1,24.5,58.7,51
2026-06-04T17:00,Leuven,17.5,0.1,0.1,25.3,55.8,51
2026-06-04T18:00,Leuven,17.2,0.2,0.2,23.4,53.3,51
2026-06-04T19:00,Leuven,16.9,0.0,0.0,20.5,51.1,0
2026-06-04T20:00,Leuven,16.7,0.0,0.0,17.7,41.8,2
2026-06-04T21:00,Leuven,15.6,0.0,0.0,17.6,39.2,1
2026-06-04T22:00,Leuven,14.8,0.0,0.0,16.8,35.6,0
2026-06-04T23:00,Leuven,14.2,0.0,0.0,18.6,37.4,0
2026-06-05T00:00,Leuven,13.6,0.0,0.0,17.7,37.4,0
2026-06-05T01:00,Leuven,13.2,0.0,0.0,18.3,36.7,0
2026-06-05T02:00,Leuven,13.2,0.0,0.0,17.7,36.7,0
2026-06-05T03:00,Leuven,12.9,0.0,0.0,17.2,34.9,1
2026-06-05T04:00,Leuven,12.9,0.0,0.0,18.0,35.6,1
2026-06-05T05:00,Leuven,12.7,0.0,0.0,17.8,36.4,3
2026-06-05T06:00,Leuven,12.8,0.0,0.0,17.0,35.3,3
2026-06-05T07:00,Leuven,13.2,0.0,0.0,17.7,36.4,3
2026-06-05T08:00,Leuven,13.4,0.0,0.0,16.7,38.9,3
2026-06-05T09:00,Leuven,13.7,0.1,0.1,17.6,38.2,51
2026-06-05T10:00,Leuven,15.3,0.2,0.2,18.4,39.6,51
2026-06-05T11:00,Leuven,15.9,0.1,0.1,16.1,39.6,51
2026-06-05T12:00,Leuven,17.1,0.0,0.0,15.1,35.3,1
2026-06-05T13:00,Leuven,17.4,0.0,0.0,15.6,37.1,3
2026-06-05T14:00,Leuven,18.1,0.1,0.1,16.7,36.7,51
2026-06-05T15:00,Leuven,16.0,1.8,1.8,15.9,37.1,61
2026-06-05T16:00,Leuven,17.4,0.1,0.1,12.0,33.8,51
2026-06-05T17:00,Leuven,17.8,0.2,0.2,15.0,34.2,51
2026-06-05T18:00,Leuven,17.0,0.6,0.6,13.6,34.6,53
2026-06-05T19:00,Leuven,16.9,0.2,0.2,12.7,28.4,51
2026-06-05T20:00,Leuven,16.1,0.1,0.1,7.0,26.3,51
2026-06-05T21:00,Leuven,15.3,0.0,0.0,2.2,13.3,1
2026-06-05T22:00,Leuven,13.8,0.0,0.0,3.8,5.4,1
2026-06-05T23:00,Leuven,13.2,0.0,0.0,5.3,9.4,2
2026-06-06T00:00,Leuven,12.8,0.0,0.0,6.4,11.5,1
2026-06-06T01:00,Leuven,12.2,0.0,0.0,6.0,12.2,0
2026-06-06T02:00,Leuven,11.2,0.0,0.0,7.2,11.2,3
2026-06-06T03:00,Leuven,11.0,0.0,0.0,7.6,14.0,3
2026-06-06T04:00,Leuven,11.1,0.0,0.0,9.2,16.9,3
2026-06-06T05:00,Leuven,11.2,0.0,0.0,10.7,19.4,3
2026-06-06T06:00,Leuven,11.3,0.0,0.0,11.0,20.5,3
2026-06-06T07:00,Leuven,12.2,0.0,0.0,11.4,21.2,3
2026-06-06T08:00,Leuven,13.3,0.0,0.0,9.5,22.7,3
2026-06-06T09:00,Leuven,15.1,0.0,0.0,11.6,24.8,1
2026-06-06T10:00,Leuven,17.0,0.0,0.0,15.4,33.5,2
2026-06-06T11:00,Leuven,18.3,0.0,0.0,17.8,38.9,3
2026-06-06T12:00,Leuven,17.8,0.0,0.0,16.1,39.2,3
2026-06-06T13:00,Leuven,18.8,0.0,0.0,19.1,40.3,3
2026-06-06T14:00,Leuven,19.7,0.0,0.0,21.9,46.1,2
2026-06-06T15:00,Leuven,18.4,0.2,0.2,20.2,47.9,51
2026-06-06T16:00,Leuven,16.7,0.7,0.7,16.5,43.2,53
2026-06-06T17:00,Leuven,16.8,0.0,0.0,18.3,37.1,2
2026-06-06T18:00,Leuven,18.2,0.1,0.1,20.3,43.2,51
2026-06-06T19:00,Leuven,17.3,0.4,0.4,19.8,42.5,51
2026-06-06T20:00,Leuven,13.7,1.5,1.5,13.0,47.5,61
2026-06-06T21:00,Leuven,14.2,0.0,0.0,14.7,26.6,1
2026-06-06T22:00,Leuven,14.0,0.0,0.0,18.9,35.6,3
2026-06-06T23:00,Leuven,14.1,0.0,0.0,18.9,37.8,3
2026-06-07T00:00,Leuven,14.1,0.0,0.0,20.6,40.7,3
2026-06-07T01:00,Leuven,13.8,0.0,0.0,23.1,46.1,1
2026-06-07T02:00,Leuven,13.5,0.0,0.0,22.4,46.1,2
2026-06-07T03:00,Leuven,12.8,0.0,0.0,21.0,45.4,2
2026-06-07T04:00,Leuven,12.4,0.0,0.0,20.0,42.1,3
2026-06-07T05:00,Leuven,12.1,0.0,0.0,19.8,40.0,3
2026-06-07T06:00,Leuven,12.0,0.0,0.0,19.1,39.6,2
2026-06-07T07:00,Leuven,12.3,0.0,0.0,18.4,38.5,1
2026-06-07T08:00,Leuven,12.8,0.0,0.0,18.6,37.8,2
2026-06-07T09:00,Leuven,13.6,0.0,0.0,20.8,43.6,3
2026-06-07T10:00,Leuven,14.2,0.0,0.0,19.1,43.2,3
2026-06-07T11:00,Leuven,14.8,0.0,0.0,18.6,40.7,3
2026-06-07T12:00,Leuven,15.3,0.0,0.0,17.3,39.6,3
2026-06-07T13:00,Leuven,16.1,0.1,0.1,16.0,37.8,51
2026-06-07T14:00,Leuven,16.9,0.0,0.0,15.8,35.6,3
2026-06-07T15:00,Leuven,17.6,0.0,0.0,14.9,34.6,3
2026-06-07T16:00,Leuven,18.0,0.0,0.0,13.6,33.1,3
2026-06-07T17:00,Leuven,17.7,0.0,0.0,13.2,30.6,3
2026-06-07T18:00,Leuven,17.6,0.0,0.0,11.4,30.2,3
2026-06-07T19:00,Leuven,17.7,0.0,0.0,10.4,24.5,3
2026-06-07T20:00,Leuven,16.8,0.0,0.0,8.6,22.7,3
2026-06-07T21:00,Leuven,16.3,0.0,0.0,5.7,16.6,3
2026-06-07T22:00,Leuven,15.1,0.0,0.0,3.8,10.4,1
2026-06-07T23:00,Leuven,14.3,0.0,0.0,4.3,7.9,2
2026-06-08T00:00,Leuven,13.7,0.0,0.0,3.4,7.9,3
2026-06-08T01:00,Leuven,13.0,0.0,0.0,6.0,11.2,3
2026-06-08T02:00,Leuven,12.0,0.0,0.0,5.3,12.6,3
2026-06-08T03:00,Leuven,12.0,0.0,0.0,6.7,12.2,3
2026-06-08T04:00,Leuven,11.8,0.0,0.0,8.1,14.8,3
2026-06-08T05:00,Leuven,11.7,0.0,0.0,7.9,15.1,3
2026-06-08T06:00,Leuven,11.5,0.0,0.0,7.5,14.4,3
2026-06-08T07:00,Leuven,12.7,0.0,0.0,8.6,15.5,3
2026-06-08T08:00,Leuven,14.0,0.0,0.0,9.2,16.6,3
2026-06-08T09:00,Leuven,15.5,0.0,0.0,7.9,17.6,3
2026-06-08T10:00,Leuven,17.0,0.0,0.0,8.1,18.4,3
2026-06-08T11:00,Leuven,18.7,0.0,0.0,8.1,19.8,3
2026-06-08T12:00,Leuven,19.6,0.0,0.0,8.5,19.8,3
2026-06-08T13:00,Leuven,20.0,0.0,0.0,11.5,25.2,3
2026-06-08T14:00,Leuven,21.0,0.0,0.0,10.8,27.7,3
2026-06-08T15:00,Leuven,20.5,0.0,0.0,12.0,28.4,3
2026-06-08T16:00,Leuven,21.2,0.0,0.0,12.3,33.1,0
2026-06-08T17:00,Leuven,21.3,0.1,0.1,15.3,34.9,51
2026-06-08T18:00,Leuven,19.9,0.3,0.3,16.6,36.4,51
2026-06-08T19:00,Leuven,16.4,0.4,0.4,18.0,43.2,51
2026-06-08T20:00,Leuven,15.0,0.1,0.1,14.1,35.6,51
2026-06-08T21:00,Leuven,14.6,0.2,0.2,11.4,27.4,51
2026-06-08T22:00,Leuven,13.5,0.1,0.1,15.3,28.8,51
2026-06-08T23:00,Leuven,12.9,0.0,0.0,14.8,29.2,3
2026-06-09T00:00,Leuven,12.5,0.0,0.0,15.8,30.6,3
2026-06-09T01:00,Leuven,12.2,0.0,0.0,16.7,32.8,3
2026-06-09T02:00,Leuven,12.5,0.0,0.0,16.5,33.1,3
2026-06-09T03:00,Leuven,11.7,0.2,0.2,16.8,33.8,51
2026-06-09T04:00,Leuven,11.5,0.1,0.1,17.9,34.6,51
2026-06-09T05:00,Leuven,10.9,0.2,0.2,15.5,34.9,51
2026-06-09T06:00,Leuven,10.5,0.0,0.0,14.3,29.9,2
2026-06-09T07:00,Leuven,11.1,0.0,0.0,15.5,30.6,0
2026-06-09T08:00,Leuven,12.1,0.0,0.0,15.5,31.3,1
2026-06-09T09:00,Leuven,12.8,0.1,0.1,15.2,32.8,51
2026-06-09T10:00,Leuven,14.0,0.0,0.0,16.9,37.4,0
2026-06-09T11:00,Leuven,15.0,0.0,0.0,18.4,40.7,0
2026-06-09T12:00,Leuven,15.5,0.1,0.1,19.8,43.6,51
2026-06-09T13:00,Leuven,15.5,0.2,0.2,19.4,44.3,51
2026-06-09T14:00,Leuven,15.5,0.2,0.2,20.3,43.9,51
2026-06-09T15:00,Leuven,15.5,0.6,0.6,18.6,48.2,53
2026-06-09T16:00,Leuven,13.7,1.5,1.5,20.0,47.9,61
2026-06-09T17:00,Leuven,15.8,0.3,0.3,17.2,41.4,51
2026-06-09T18:00,Leuven,14.1,0.8,0.8,21.4,43.6,53
2026-06-09T19:00,Leuven,13.7,1.3,1.3,9.3,44.6,61
2026-06-09T20:00,Leuven,14.1,0.5,0.5,13.9,33.5,53
2026-06-09T21:00,Leuven,13.7,0.0,0.0,12.3,28.8,1
2026-06-09T22:00,Leuven,13.0,0.0,0.0,13.8,26.3,1
2026-06-09T23:00,Leuven,12.4,0.0,0.0,13.5,27.0,1
2026-06-10T00:00,Leuven,11.6,0.0,0.0,12.9,26.3,3
2026-06-10T01:00,Leuven,11.2,0.0,0.0,12.7,24.5,2
2026-06-10T02:00,Leuven,10.6,0.0,0.0,12.9,24.8,2
2026-06-10T03:00,Leuven,10.1,0.0,0.0,12.6,24.8,1
2026-06-10T04:00,Leuven,9.8,0.0,0.0,12.2,24.5,1
2026-06-10T05:00,Leuven,9.4,0.0,0.0,11.8,23.4,1
2026-06-10T06:00,Leuven,9.2,0.0,0.0,12.4,23.8,1
2026-06-10T07:00,Leuven,10.1,0.0,0.0,13.4,26.3,2
2026-06-10T08:00,Leuven,11.8,0.0,0.0,13.6,27.0,2
2026-06-10T09:00,Leuven,13.0,0.0,0.0,14.9,32.0,3
2026-06-10T10:00,Leuven,14.1,0.0,0.0,14.2,33.5,3
2026-06-10T11:00,Leuven,15.2,0.0,0.0,13.9,33.5,2
2026-06-10T12:00,Leuven,15.8,0.0,0.0,14.9,36.0,2
2026-06-10T13:00,Leuven,16.0,0.1,0.1,13.9,35.6,51
2026-06-10T14:00,Leuven,16.7,0.1,0.1,13.7,33.5,51
2026-06-10T15:00,Leuven,16.1,0.3,0.3,14.8,37.1,51
2026-06-10T16:00,Leuven,13.4,1.9,1.9,18.3,41.0,61
2026-06-10T17:00,Leuven,13.9,0.6,0.6,6.7,41.0,53
2026-06-10T18:00,Leuven,14.4,0.7,0.7,8.9,27.7,53
2026-06-10T19:00,Leuven,14.1,0.3,0.3,7.5,26.6,51
2026-06-10T20:00,Leuven,11.7,2.4,2.4,8.3,28.4,61
2026-06-10T21:00,Leuven,11.9,0.0,0.0,2.7,13.7,2
2026-06-10T22:00,Leuven,10.8,0.1,0.1,4.9,5.0,51
2026-06-10T23:00,Leuven,10.5,0.0,0.0,8.7,13.0,3
2026-06-11T00:00,Leuven,10.5,0.0,0.0,9.8,17.6,2
2026-06-11T01:00,Leuven,10.2,0.1,0.1,11.4,18.4,51
2026-06-11T02:00,Leuven,10.2,0.0,0.0,11.6,20.9,1
2026-06-11T03:00,Leuven,10.3,0.0,0.0,12.1,22.7,0
2026-06-11T04:00,Leuven,9.6,0.0,0.0,12.0,22.7,0
2026-06-11T05:00,Leuven,9.2,0.0,0.0,11.0,22.7,0
2026-06-11T06:00,Leuven,9.0,0.0,0.0,11.2,20.9,0
2026-06-11T07:00,Leuven,9.8,0.0,0.0,11.6,23.0,1
2026-06-11T08:00,Leuven,11.5,0.0,0.0,10.2,26.6,1
2026-06-11T09:00,Leuven,12.7,0.1,0.1,11.2,25.9,51
2026-06-11T10:00,Leuven,13.9,0.1,0.1,11.1,26.6,51
2026-06-11T11:00,Leuven,15.1,0.1,0.1,12.9,30.2,51
2026-06-11T12:00,Leuven,15.9,0.2,0.2,13.5,31.7,51
2026-06-11T13:00,Leuven,16.5,0.0,0.0,14.1,32.4,3
2026-06-11T14:00,Leuven,16.9,0.0,0.0,15.0,36.7,3
2026-06-11T15:00,Leuven,16.3,0.0,0.0,16.5,35.6,3
2026-06-11T16:00,Leuven,15.5,0.2,0.2,18.6,38.9,51
2026-06-11T17:00,Leuven,13.7,0.9,0.9,15.3,39.6,53
2026-06-11T18:00,Leuven,13.0,0.8,0.8,11.9,30.2,53
2026-06-11T19:00,Leuven,12.5,0.9,0.9,12.3,22.7,53
2026-06-11T20:00,Leuven,12.2,0.7,0.7,14.4,28.1,53
2026-06-11T21:00,Leuven,12.0,1.0,1.0,17.8,32.8,55
2026-06-11T22:00,Leuven,12.1,0.2,0.2,21.6,41.0,51
2026-06-11T23:00,Leuven,12.4,0.2,0.2,21.9,41.4,51
2026-06-12T00:00,Leuven,12.7,0.3,0.3,21.7,42.5,51
2026-06-12T01:00,Leuven,13.0,0.4,0.4,20.1,41.4,51
2026-06-12T02:00,Leuven,13.4,0.3,0.3,18.3,37.8,51
2026-06-12T03:00,Leuven,13.8,0.4,0.4,17.7,34.6,51
2026-06-12T04:00,Leuven,14.1,0.4,0.4,17.2,33.5,51
2026-06-12T05:00,Leuven,14.2,0.2,0.2,17.6,33.5,51
2026-06-12T06:00,Leuven,14.4,0.4,0.4,17.8,33.8,51
2026-06-12T07:00,Leuven,14.6,0.6,0.6,17.5,34.2,53
2026-06-12T08:00,Leuven,14.9,0.2,0.2,17.9,34.9,51
2026-06-12T09:00,Leuven,15.2,0.2,0.2,18.4,35.6,51
2026-06-12T10:00,Leuven,15.6,0.1,0.1,18.4,35.6,51
2026-06-12T11:00,Leuven,15.6,0.2,0.2,18.5,37.8,51
2026-06-12T12:00,Leuven,16.0,0.1,0.1,15.7,37.1,51
2026-06-12T13:00,Leuven,17.2,0.1,0.1,19.1,40.7,51
2026-06-12T14:00,Leuven,17.3,0.1,0.1,19.0,45.0,51
2026-06-12T15:00,Leuven,17.9,0.1,0.1,20.9,43.2,51
2026-06-12T16:00,Leuven,18.0,0.1,0.1,21.5,45.4,51
2026-06-12T17:00,Leuven,18.6,0.1,0.1,22.4,49.3,51
2026-06-12T18:00,Leuven,18.2,0.0,0.0,18.4,45.7,3
2026-06-12T19:00,Leuven,18.5,0.1,0.1,21.3,46.4,51
2026-06-12T20:00,Leuven,17.4,0.0,0.0,17.8,44.6,3
2026-06-12T21:00,Leuven,16.9,0.0,0.0,17.4,36.0,1
2026-06-12T22:00,Leuven,16.2,0.0,0.0,18.3,36.4,1
2026-06-12T23:00,Leuven,15.8,0.0,0.0,18.0,36.4,3
2026-06-13T00:00,Leuven,15.8,0.0,0.0,17.4,35.6,3
2026-06-13T01:00,Leuven,15.5,0.0,0.0,17.1,35.3,3
2026-06-13T02:00,Leuven,15.5,0.0,0.0,17.0,34.2,3
2026-06-13T03:00,Leuven,15.1,0.0,0.0,15.4,34.2,3
2026-06-13T04:00,Leuven,14.9,0.0,0.0,15.3,31.0,3
2026-06-13T05:00,Leuven,14.7,0.0,0.0,14.5,30.6,3
2026-06-13T06:00,Leuven,14.6,0.0,0.0,14.7,29.9,3
2026-06-13T07:00,Leuven,14.6,0.0,0.0,16.8,33.8,3
2026-06-13T08:00,Leuven,14.6,0.0,0.0,16.5,37.8,3
2026-06-13T09:00,Leuven,14.7,0.0,0.0,17.4,40.0,3
2026-06-13T10:00,Leuven,15.3,0.0,0.0,19.4,43.6,2
2026-06-13T11:00,Leuven,16.7,0.1,0.1,21.4,45.7,51
2026-06-13T12:00,Leuven,18.0,0.0,0.0,21.3,46.8,0
2026-06-13T13:00,Leuven,18.7,0.0,0.0,22.0,47.5,1
2026-06-13T14:00,Leuven,19.3,0.0,0.0,20.5,47.9,1
2026-06-13T15:00,Leuven,19.4,0.0,0.0,19.7,44.3,2
2026-06-13T16:00,Leuven,19.3,0.0,0.0,20.0,43.6,3
2026-06-13T17:00,Leuven,18.7,0.0,0.0,18.7,43.9,2
2026-06-13T18:00,Leuven,18.3,0.0,0.0,15.9,41.8,1
2026-06-13T19:00,Leuven,17.1,0.0,0.0,16.0,34.2,1
2026-06-13T20:00,Leuven,16.1,0.0,0.0,12.2,33.8,1
2026-06-13T21:00,Leuven,15.3,0.0,0.0,6.4,24.1,1
2026-06-13T22:00,Leuven,14.0,0.0,0.0,2.5,12.2,1
2026-06-13T23:00,Leuven,13.4,0.0,0.0,4.4,7.2,1
2026-06-14T00:00,Leuven,12.9,0.0,0.0,6.0,10.8,3
2026-06-14T01:00,Leuven,13.3,0.0,0.0,6.7,12.6,3
2026-06-14T02:00,Leuven,13.5,0.0,0.0,8.8,13.0,3
2026-06-14T03:00,Leuven,13.5,0.0,0.0,10.1,19.1,3
2026-06-14T04:00,Leuven,13.6,0.0,0.0,11.9,23.4,3
2026-06-14T05:00,Leuven,13.3,0.0,0.0,11.2,23.4,1
2026-06-14T06:00,Leuven,12.7,0.0,0.0,10.9,22.0,0
2026-06-14T07:00,Leuven,12.7,0.0,0.0,11.1,22.0,0
2026-06-14T08:00,Leuven,14.0,0.0,0.0,12.0,22.3,0
2026-06-14T09:00,Leuven,14.8,0.0,0.0,13.9,31.0,1
2026-06-14T10:00,Leuven,15.3,0.0,0.0,15.1,33.1,2
2026-06-14T11:00,Leuven,15.9,0.0,0.0,15.4,34.6,2
2026-06-14T12:00,Leuven,16.3,0.0,0.0,14.4,34.6,3
2026-06-14T13:00,Leuven,16.6,0.0,0.0,14.0,32.8,2
2026-06-14T14:00,Leuven,16.6,0.0,0.0,13.5,32.8,3
2026-06-14T15:00,Leuven,16.8,0.0,0.0,13.7,31.0,3
2026-06-14T16:00,Leuven,16.8,0.0,0.0,14.8,33.5,3
2026-06-14T17:00,Leuven,16.7,0.1,0.1,15.2,34.2,51
2026-06-14T18:00,Leuven,16.7,0.1,0.1,15.3,34.2,51
2026-06-14T19:00,Leuven,16.4,0.0,0.0,15.2,35.3,1
2026-06-14T20:00,Leuven,15.6,0.0,0.0,13.3,35.3,2
2026-06-14T21:00,Leuven,14.5,0.0,0.0,11.0,27.0,1
2026-06-14T22:00,Leuven,13.1,0.0,0.0,8.0,22.0,0
2026-06-14T23:00,Leuven,11.9,0.0,0.0,5.4,15.1,0
2026-06-15T00:00,Leuven,11.2,0.0,0.0,5.4,10.1,0
2026-06-15T01:00,Leuven,10.9,0.0,0.0,5.6,10.8,1
2026-06-15T02:00,Leuven,10.3,0.0,0.0,6.0,10.8,1
2026-06-15T03:00,Leuven,10.0,0.0,0.0,6.5,12.2,1
2026-06-15T04:00,Leuven,10.1,0.0,0.0,7.2,13.7,3
2026-06-15T05:00,Leuven,10.5,0.0,0.0,6.7,14.4,3
2026-06-15T06:00,Leuven,10.7,0.0,0.0,6.5,12.6,3
2026-06-15T07:00,Leuven,11.6,0.0,0.0,5.9,13.0,3
2026-06-15T08:00,Leuven,12.8,0.0,0.0,10.4,14.8,2
2026-06-15T09:00,Leuven,13.7,0.1,0.1,11.9,26.6,51
2026-06-15T10:00,Leuven,14.4,0.1,0.1,10.8,27.0,51
2026-06-15T11:00,Leuven,15.5,0.1,0.1,10.0,25.2,51
2026-06-15T12:00,Leuven,15.7,0.0,0.0,7.9,24.8,3
2026-06-15T13:00,Leuven,17.1,0.0,0.0,6.9,21.6,3
2026-06-15T14:00,Leuven,17.5,0.0,0.0,4.1,19.8,3
2026-06-15T15:00,Leuven,17.9,0.0,0.0,1.3,13.7,3
2026-06-15T16:00,Leuven,18.7,0.0,0.0,2.9,14.0,3
2026-06-15T17:00,Leuven,18.4,0.0,0.0,3.0,13.7,3
2026-06-15T18:00,Leuven,18.2,0.0,0.0,5.3,11.9,3
2026-06-15T19:00,Leuven,18.4,0.0,0.0,5.9,14.8,3
2026-06-15T20:00,Leuven,18.1,0.0,0.0,4.8,14.4,3
2026-06-15T21:00,Leuven,17.1,0.0,0.0,4.0,9.7,3
2026-06-15T22:00,Leuven,15.6,0.0,0.0,8.5,15.5,3
2026-06-15T23:00,Leuven,15.1,0.1,0.1,10.3,18.7,51
2026-06-16T00:00,Leuven,14.8,0.0,0.0,10.7,20.9,3
2026-06-16T01:00,Leuven,14.7,0.0,0.0,9.5,19.8,3
2026-06-16T02:00,Leuven,15.0,0.0,0.0,9.7,17.3,3
2026-06-16T03:00,Leuven,15.7,0.0,0.0,10.1,18.0,3
2026-06-16T04:00,Leuven,16.7,0.0,0.0,13.0,23.8,3
2026-06-16T05:00,Leuven,16.9,0.0,0.0,13.2,25.6,3
2026-06-16T06:00,Leuven,17.4,0.0,0.0,16.8,32.0,3
2026-06-16T07:00,Leuven,17.4,0.0,0.0,14.5,33.5,3
2026-06-16T08:00,Leuven,17.5,0.0,0.0,12.3,27.7,3
2026-06-16T09:00,Leuven,18.1,0.0,0.0,9.9,23.8,3
2026-06-16T10:00,Leuven,19.0,0.0,0.0,8.4,20.5,2
2026-06-16T11:00,Leuven,20.9,0.0,0.0,9.7,23.8,3
2026-06-16T12:00,Leuven,21.4,0.0,0.0,10.2,24.5,1
2026-06-16T13:00,Leuven,23.2,0.0,0.0,11.9,29.2,1
2026-06-16T14:00,Leuven,24.7,0.0,0.0,14.2,34.2,2
2026-06-16T15:00,Leuven,24.4,0.0,0.0,14.3,33.1,2
2026-06-16T16:00,Leuven,24.1,0.0,0.0,13.4,32.8,3
2026-06-16T17:00,Leuven,23.6,0.0,0.0,13.8,30.6,1
2026-06-16T18:00,Leuven,23.5,0.0,0.0,14.0,32.0,2
2026-06-16T19:00,Leuven,22.8,0.0,0.0,12.6,30.6,2
2026-06-16T20:00,Leuven,22.6,0.0,0.0,11.0,27.4,1
2026-06-16T21:00,Leuven,20.4,0.0,0.0,11.6,23.4,1
2026-06-16T22:00,Leuven,18.3,0.0,0.0,7.4,23.4,0
2026-06-16T23:00,Leuven,17.3,0.0,0.0,5.0,13.7,1
2026-06-17T00:00,Leuven,16.6,0.0,0.0,2.7,9.0,2
2026-06-17T01:00,Leuven,16.4,0.0,0.0,1.1,4.3,3
2026-06-17T02:00,Leuven,15.9,0.0,0.0,5.1,4.0,1
2026-06-17T03:00,Leuven,15.9,0.0,0.0,5.7,11.2,1
2026-06-17T04:00,Leuven,15.6,0.0,0.0,6.3,12.2,1
2026-06-17T05:00,Leuven,14.9,0.0,0.0,7.5,14.0,2
2026-06-17T06:00,Leuven,14.8,0.0,0.0,8.2,15.1,2
2026-06-17T07:00,Leuven,15.8,0.0,0.0,9.9,20.2,2
2026-06-17T08:00,Leuven,17.2,0.0,0.0,10.3,23.0,3
2026-06-17T09:00,Leuven,17.9,0.0,0.0,10.9,23.4,1
2026-06-17T10:00,Leuven,19.8,0.0,0.0,12.1,28.1,1
2026-06-17T11:00,Leuven,21.6,0.0,0.0,15.8,36.4,2
2026-06-17T12:00,Leuven,22.4,0.0,0.0,14.0,36.0,3
2026-06-17T13:00,Leuven,23.2,0.0,0.0,13.2,32.0,3
2026-06-17T14:00,Leuven,24.7,0.0,0.0,11.5,32.0,3
2026-06-17T15:00,Leuven,24.6,0.0,0.0,12.6,28.4,3
2026-06-17T16:00,Leuven,25.0,0.0,0.0,10.2,29.2,0
2026-06-17T17:00,Leuven,26.1,0.0,0.0,11.2,26.6,1
2026-06-17T18:00,Leuven,26.1,0.0,0.0,9.6,27.0,1
2026-06-17T19:00,Leuven,25.7,0.0,0.0,10.0,22.7,0
2026-06-17T20:00,Leuven,25.7,0.0,0.0,9.2,20.9,1
2026-06-17T21:00,Leuven,24.2,0.0,0.0,5.8,17.6,1
2026-06-17T22:00,Leuven,22.9,0.0,0.0,4.4,10.8,0
2026-06-17T23:00,Leuven,22.0,0.0,0.0,4.4,6.8,0
2026-06-18T00:00,Leuven,20.9,0.0,0.0,5.0,7.9,0
2026-06-18T01:00,Leuven,20.2,0.0,0.0,5.4,8.6,1
2026-06-18T02:00,Leuven,19.9,0.0,0.0,6.6,10.8,0
2026-06-18T03:00,Leuven,19.2,0.0,0.0,7.0,13.3,1
2026-06-18T04:00,Leuven,18.2,0.0,0.0,4.3,13.0,1
2026-06-18T05:00,Leuven,17.7,0.0,0.0,4.1,6.5,1
2026-06-18T06:00,Leuven,17.3,0.0,0.0,4.3,6.5,0
2026-06-18T07:00,Leuven,18.4,0.0,0.0,5.1,8.6,0
2026-06-18T08:00,Leuven,20.2,0.0,0.0,3.1,9.7,0
2026-06-18T09:00,Leuven,21.8,0.0,0.0,1.3,9.7,1
2026-06-18T10:00,Leuven,23.6,0.0,0.0,0.3,9.0,1
2026-06-18T11:00,Leuven,25.2,0.0,0.0,0.9,10.4,1
2026-06-18T12:00,Leuven,26.7,0.0,0.0,1.8,12.2,0
2026-06-18T13:00,Leuven,28.0,0.0,0.0,1.9,12.2,1
2026-06-18T14:00,Leuven,29.3,0.0,0.0,3.5,14.4,2
2026-06-18T15:00,Leuven,30.3,0.0,0.0,5.0,16.2,3
2026-06-18T16:00,Leuven,31.1,0.0,0.0,5.4,16.6,1
2026-06-18T17:00,Leuven,31.7,0.0,0.0,6.1,18.0,1
2026-06-18T18:00,Leuven,31.8,0.0,0.0,6.2,17.6,1
2026-06-18T19:00,Leuven,31.4,0.0,0.0,3.6,15.5,1
2026-06-18T20:00,Leuven,29.6,0.0,0.0,11.6,11.5,3
2026-06-18T21:00,Leuven,26.4,0.0,0.0,10.9,28.1,3
2026-06-18T22:00,Leuven,25.3,0.0,0.0,7.7,20.5,3
2026-06-18T23:00,Leuven,24.0,0.1,0.1,9.4,17.3,51
2026-06-19T00:00,Leuven,22.5,0.0,0.0,9.8,18.7,3
2026-06-19T01:00,Leuven,21.7,0.0,0.0,5.6,18.0,3
2026-06-19T02:00,Leuven,19.8,0.0,0.0,11.9,11.9,3
2026-06-19T03:00,Leuven,19.7,0.0,0.0,13.6,24.8,3
2026-06-19T04:00,Leuven,19.8,0.0,0.0,10.6,23.8,3
2026-06-19T05:00,Leuven,19.7,0.0,0.0,10.6,18.4,1
2026-06-19T06:00,Leuven,20.0,0.0,0.0,10.4,19.4,2
2026-06-19T07:00,Leuven,20.9,0.0,0.0,11.7,20.9,0
2026-06-19T08:00,Leuven,22.7,0.0,0.0,13.3,20.9,0
2026-06-19T09:00,Leuven,24.9,0.0,0.0,10.7,23.8,1
2026-06-19T10:00,Leuven,26.4,0.0,0.0,9.4,22.3,1
2026-06-19T11:00,Leuven,28.6,0.0,0.0,11.8,26.3,0
2026-06-19T12:00,Leuven,30.4,0.0,0.0,13.0,28.8,1
2026-06-19T13:00,Leuven,31.1,0.0,0.0,12.2,29.2,2
2026-06-19T14:00,Leuven,31.7,0.0,0.0,10.2,27.7,0
2026-06-19T15:00,Leuven,32.7,0.0,0.0,8.1,23.4,2
2026-06-19T16:00,Leuven,32.9,0.0,0.0,10.6,23.4,2
2026-06-19T17:00,Leuven,31.9,0.0,0.0,15.3,30.2,3
2026-06-19T18:00,Leuven,23.7,6.5,6.5,6.4,37.4,63
2026-06-19T19:00,Leuven,24.8,0.1,0.1,9.3,22.0,51
2026-06-19T20:00,Leuven,27.4,0.0,0.0,3.3,18.7,2
2026-06-19T21:00,Leuven,26.5,0.0,0.0,7.1,13.7,3
2026-06-19T22:00,Leuven,25.4,0.0,0.0,2.1,13.3,1
2026-06-19T23:00,Leuven,23.3,0.0,0.0,6.5,13.3,0
2026-06-20T00:00,Leuven,22.2,0.0,0.0,3.0,12.2,0
2026-06-20T01:00,Leuven,21.6,0.0,0.0,4.0,5.0,0
2026-06-20T02:00,Leuven,20.8,0.0,0.0,10.3,6.5,0
2026-06-20T03:00,Leuven,19.9,0.0,0.0,9.3,24.8,0
2026-06-20T04:00,Leuven,19.0,0.0,0.0,3.3,16.9,0
2026-06-20T05:00,Leuven,18.5,0.0,0.0,2.1,14.4,0
2026-06-20T06:00,Leuven,18.4,0.0,0.0,5.5,10.4,2
2026-06-20T07:00,Leuven,19.6,0.0,0.0,4.6,10.4,3
2026-06-20T08:00,Leuven,21.4,0.0,0.0,9.2,15.1,1
2026-06-20T09:00,Leuven,22.6,0.0,0.0,7.5,20.2,0
2026-06-20T10:00,Leuven,24.1,0.0,0.0,4.7,19.1,0
2026-06-20T11:00,Leuven,25.6,0.0,0.0,4.2,15.8,0
2026-06-20T12:00,Leuven,26.9,0.0,0.0,7.4,20.9,0
2026-06-20T13:00,Leuven,27.8,0.0,0.0,8.8,23.8,1
2026-06-20T14:00,Leuven,28.7,0.0,0.0,11.3,26.3,0
2026-06-20T15:00,Leuven,28.9,0.0,0.0,8.2,26.6,1
2026-06-20T16:00,Leuven,28.7,0.0,0.0,8.9,22.7,1
2026-06-20T17:00,Leuven,28.7,0.0,0.0,6.9,22.7,0
2026-06-20T18:00,Leuven,28.7,0.0,0.0,5.6,18.7,1
2026-06-20T19:00,Leuven,28.5,0.0,0.0,6.7,15.5,3
2026-06-20T20:00,Leuven,26.6,0.0,0.0,4.2,14.8,3
2026-06-20T21:00,Leuven,26.5,0.0,0.0,3.1,15.5,3
2026-06-20T22:00,Leuven,21.9,0.4,0.4,11.3,31.3,51
2026-06-20T23:00,Leuven,21.3,0.0,0.0,7.8,20.9,3
2026-06-21T00:00,Leuven,20.7,0.0,0.0,10.4,22.0,3
2026-06-21T01:00,Leuven,20.2,0.0,0.0,7.3,19.1,3
2026-06-21T02:00,Leuven,19.8,0.0,0.0,13.0,13.7,3
2026-06-21T03:00,Leuven,19.5,1.5,1.5,15.9,29.2,61
2026-06-21T04:00,Leuven,19.2,0.0,0.0,9.3,28.8,3
2026-06-21T05:00,Leuven,19.0,0.0,0.0,12.9,24.1,3
2026-06-21T06:00,Leuven,19.2,0.0,0.0,7.8,28.4,3
2026-06-21T07:00,Leuven,19.7,0.0,0.0,6.8,12.2,1
2026-06-21T08:00,Leuven,19.8,0.0,0.0,9.9,13.7,2
2026-06-21T09:00,Leuven,21.6,0.1,0.1,2.4,17.6,51
2026-06-21T10:00,Leuven,22.2,0.4,0.4,8.1,25.2,51
2026-06-21T11:00,Leuven,24.1,0.0,0.0,3.7,19.1,0
2026-06-21T12:00,Leuven,26.3,0.0,0.0,3.1,14.8,1
2026-06-21T13:00,Leuven,27.8,0.0,0.0,3.9,15.8,1
2026-06-21T14:00,Leuven,28.5,0.0,0.0,5.1,19.4,3
2026-06-21T15:00,Leuven,29.0,0.0,0.0,5.6,18.0,0
2026-06-21T16:00,Leuven,29.6,0.0,0.0,4.6,18.0,0
2026-06-21T17:00,Leuven,29.7,0.0,0.0,5.2,16.2,1
2026-06-21T18:00,Leuven,29.7,0.0,0.0,4.9,15.8,1
2026-06-21T19:00,Leuven,29.5,0.0,0.0,4.5,14.0,0
2026-06-21T20:00,Leuven,28.4,0.0,0.0,7.5,11.2,2
2026-06-21T21:00,Leuven,27.1,0.0,0.0,5.8,15.1,2
2026-06-21T22:00,Leuven,25.6,0.0,0.0,6.7,12.2,3
2026-06-21T23:00,Leuven,24.4,0.0,0.0,7.9,14.8,3
2026-06-22T00:00,Leuven,23.4,0.0,0.0,6.8,14.4,3
2026-06-22T01:00,Leuven,22.5,0.0,0.0,5.6,12.6,2
2026-06-22T02:00,Leuven,22.0,0.0,0.0,6.8,10.1,3
2026-06-22T03:00,Leuven,21.4,0.0,0.0,7.1,13.3,2
2026-06-22T04:00,Leuven,20.7,0.0,0.0,6.9,13.3,0
2026-06-22T05:00,Leuven,20.1,0.0,0.0,7.7,14.0,0
2026-06-22T06:00,Leuven,19.7,0.0,0.0,8.1,15.1,0
2026-06-22T07:00,Leuven,20.2,0.0,0.0,7.9,16.9,0
2026-06-22T08:00,Leuven,21.4,0.0,0.0,7.9,19.8,0
2026-06-22T09:00,Leuven,22.5,0.0,0.0,7.0,19.1,0
2026-06-22T10:00,Leuven,23.9,0.0,0.0,6.5,19.1,2
2026-06-22T11:00,Leuven,25.3,0.0,0.0,7.3,20.9,3
2026-06-22T12:00,Leuven,26.6,0.0,0.0,8.5,23.0,1
2026-06-22T13:00,Leuven,27.8,0.0,0.0,8.3,23.8,0
2026-06-22T14:00,Leuven,28.5,0.0,0.0,8.5,23.0,1
2026-06-22T15:00,Leuven,29.1,0.0,0.0,8.5,23.0,1
2026-06-22T16:00,Leuven,29.3,0.0,0.0,8.7,23.0,1
2026-06-22T17:00,Leuven,29.5,0.0,0.0,8.1,22.3,1
2026-06-22T18:00,Leuven,29.3,0.0,0.0,7.7,20.5,2
2026-06-22T19:00,Leuven,28.8,0.0,0.0,7.8,19.1,1
2026-06-22T20:00,Leuven,28.3,0.0,0.0,5.7,17.3,0
2026-06-22T21:00,Leuven,26.8,0.0,0.0,5.1,11.2,0
2026-06-22T22:00,Leuven,25.0,0.0,0.0,9.0,16.2,1
2026-06-22T23:00,Leuven,23.7,0.0,0.0,7.3,17.6,1
2026-06-23T00:00,Leuven,22.5,0.0,0.0,5.7,13.3,2
2026-06-23T01:00,Leuven,21.7,0.0,0.0,6.8,12.2,3
2026-06-23T02:00,Leuven,20.9,0.0,0.0,8.6,15.5,1
2026-06-23T03:00,Leuven,20.0,0.0,0.0,8.0,16.2,1
2026-06-23T04:00,Leuven,19.1,0.0,0.0,5.1,15.1,3
2026-06-23T05:00,Leuven,18.6,0.0,0.0,6.0,11.2,3
2026-06-23T06:00,Leuven,18.5,0.0,0.0,9.1,17.3,2
2026-06-23T07:00,Leuven,19.1,0.0,0.0,6.1,18.4,3
2026-06-23T08:00,Leuven,20.2,0.0,0.0,6.0,16.2,3
2026-06-23T09:00,Leuven,21.3,0.0,0.0,6.7,18.0,3
2026-06-23T10:00,Leuven,21.7,0.0,0.0,7.1,17.6,3
2026-06-23T11:00,Leuven,22.5,0.0,0.0,5.4,18.7,3
2026-06-23T12:00,Leuven,22.7,0.5,0.5,1.5,15.5,53
2026-06-23T13:00,Leuven,24.8,0.2,0.2,5.4,16.9,51
2026-06-23T14:00,Leuven,27.2,0.0,0.0,6.7,18.7,0
2026-06-23T15:00,Leuven,28.0,0.0,0.0,5.4,20.2,2
2026-06-23T16:00,Leuven,28.5,0.0,0.0,5.3,18.0,1
2026-06-23T17:00,Leuven,28.7,0.0,0.0,6.0,17.3,0
2026-06-23T18:00,Leuven,28.6,0.0,0.0,7.2,18.4,0
2026-06-23T19:00,Leuven,28.3,0.0,0.0,5.8,18.4,0
2026-06-23T20:00,Leuven,28.0,0.0,0.0,4.1,14.0,0
2026-06-23T21:00,Leuven,26.6,0.0,0.0,2.7,7.9,1
2026-06-23T22:00,Leuven,24.6,0.0,0.0,3.6,5.0,0
2026-06-23T23:00,Leuven,23.5,0.0,0.0,5.4,9.0,0
2026-06-24T00:00,Leuven,22.7,0.0,0.0,5.8,10.1,0
2026-06-24T01:00,Leuven,22.2,0.0,0.0,8.5,15.1,0
2026-06-24T02:00,Leuven,21.0,0.0,0.0,8.1,16.2,0
2026-06-24T03:00,Leuven,20.7,0.0,0.0,8.4,15.5,0
2026-06-24T04:00,Leuven,20.3,0.0,0.0,8.5,15.5,0
2026-06-24T05:00,Leuven,19.9,0.0,0.0,7.6,15.5,0
2026-06-24T06:00,Leuven,19.6,0.0,0.0,7.2,14.0,0
2026-06-24T07:00,Leuven,20.8,0.0,0.0,7.4,13.3,0
2026-06-24T08:00,Leuven,23.0,0.0,0.0,6.3,13.7,0
2026-06-24T09:00,Leuven,25.8,0.0,0.0,3.8,14.4,0
2026-06-24T10:00,Leuven,28.3,0.0,0.0,4.2,13.7,0
2026-06-24T11:00,Leuven,30.4,0.0,0.0,4.7,15.1,0
2026-06-24T12:00,Leuven,32.0,0.0,0.0,4.6,15.5,0
2026-06-24T13:00,Leuven,32.9,0.0,0.0,3.8,15.1,0
2026-06-24T14:00,Leuven,33.2,0.0,0.0,5.7,14.8,0
2026-06-24T15:00,Leuven,33.7,0.0,0.0,6.4,18.0,1
2026-06-24T16:00,Leuven,33.7,0.0,0.0,6.3,18.0,1
2026-06-24T17:00,Leuven,33.7,0.0,0.0,6.6,17.3,0
2026-06-24T18:00,Leuven,33.4,0.0,0.0,7.1,17.3,0
2026-06-24T19:00,Leuven,32.9,0.0,0.0,6.9,17.3,0
2026-06-24T20:00,Leuven,31.7,0.0,0.0,6.7,15.8,2
2026-06-24T21:00,Leuven,30.4,0.0,0.0,3.6,12.2,1
2026-06-24T22:00,Leuven,28.8,0.0,0.0,3.3,5.8,1
2026-06-24T23:00,Leuven,27.8,0.0,0.0,0.6,5.4,1
2026-06-25T00:00,Leuven,26.5,0.0,0.0,5.6,8.6,0
2026-06-25T01:00,Leuven,25.8,0.0,0.0,2.8,8.6,0
2026-06-25T02:00,Leuven,24.2,0.0,0.0,5.2,6.1,0
2026-06-25T03:00,Leuven,23.6,0.0,0.0,6.0,10.8,0
2026-06-25T04:00,Leuven,23.2,0.0,0.0,7.3,13.3,0
2026-06-25T05:00,Leuven,22.7,0.0,0.0,5.8,13.3,0
2026-06-25T06:00,Leuven,22.3,0.0,0.0,5.6,10.4,0
2026-06-25T07:00,Leuven,23.3,0.0,0.0,7.9,14.4,0
2026-06-25T08:00,Leuven,24.9,0.0,0.0,6.2,15.5,0
2026-06-25T09:00,Leuven,26.8,0.0,0.0,6.5,16.9,0
2026-06-25T10:00,Leuven,28.7,0.0,0.0,6.8,18.7,0
2026-06-25T11:00,Leuven,30.6,0.0,0.0,7.2,19.8,0
2026-06-25T12:00,Leuven,32.3,0.0,0.0,8.7,22.3,0
2026-06-25T13:00,Leuven,33.5,0.0,0.0,10.3,25.2,0
2026-06-25T14:00,Leuven,34.3,0.0,0.0,11.1,26.3,0
2026-06-25T15:00,Leuven,34.5,0.0,0.0,10.6,26.6,1
2026-06-25T16:00,Leuven,34.5,0.0,0.0,9.5,25.6,3
2026-06-25T17:00,Leuven,34.3,0.0,0.0,9.6,22.7,3
2026-06-25T18:00,Leuven,33.6,0.0,0.0,7.0,22.3,3
2026-06-25T19:00,Leuven,33.3,0.0,0.0,7.8,19.4,3
2026-06-25T20:00,Leuven,31.5,0.0,0.0,10.2,17.3,2
2026-06-25T21:00,Leuven,30.3,0.0,0.0,10.5,19.4,2
2026-06-25T22:00,Leuven,29.3,0.0,0.0,13.6,25.9,2
2026-06-25T23:00,Leuven,28.2,0.0,0.0,12.4,25.9,3
2026-06-26T00:00,Leuven,27.1,0.0,0.0,11.5,23.4,1
2026-06-26T01:00,Leuven,26.2,0.0,0.0,11.0,21.6,1
2026-06-26T02:00,Leuven,25.4,0.0,0.0,10.6,21.2,0
2026-06-26T03:00,Leuven,24.8,0.0,0.0,10.2,19.8,1
2026-06-26T04:00,Leuven,24.1,0.0,0.0,9.6,18.7,2
2026-06-26T05:00,Leuven,23.5,0.0,0.0,10.1,18.7,2
2026-06-26T06:00,Leuven,23.4,0.0,0.0,10.3,19.1,3
2026-06-26T07:00,Leuven,24.7,0.0,0.0,9.5,19.1,3
2026-06-26T08:00,Leuven,26.7,0.0,0.0,9.9,18.4,3
2026-06-26T09:00,Leuven,28.9,0.0,0.0,7.9,17.6,2
2026-06-26T10:00,Leuven,30.9,0.0,0.0,8.6,20.9,1
2026-06-26T11:00,Leuven,32.8,0.0,0.0,8.0,20.9,3
2026-06-26T12:00,Leuven,34.3,0.0,0.0,6.8,20.5,2
2026-06-26T13:00,Leuven,35.7,0.0,0.0,7.0,19.1,0
2026-06-26T14:00,Leuven,37.1,0.0,0.0,8.5,24.5,1
2026-06-26T15:00,Leuven,35.2,0.0,0.0,6.1,24.8,1
2026-06-26T16:00,Leuven,36.5,0.0,0.0,4.2,17.3,1
2026-06-26T17:00,Leuven,36.0,0.0,0.0,6.3,16.2,3
2026-06-26T18:00,Leuven,35.6,0.0,0.0,6.9,16.6,3
2026-06-26T19:00,Leuven,33.9,0.0,0.0,11.1,24.5,3
2026-06-26T20:00,Leuven,31.5,0.0,0.0,7.1,24.8,3
2026-06-26T21:00,Leuven,31.4,0.0,0.0,1.8,12.2,3
2026-06-26T22:00,Leuven,29.4,0.0,0.0,4.0,7.9,2
2026-06-26T23:00,Leuven,28.1,0.0,0.0,4.3,9.0,0
2026-06-27T00:00,Leuven,27.3,0.0,0.0,3.7,9.0,1
2026-06-27T01:00,Leuven,27.1,0.0,0.0,5.8,11.9,1
2026-06-27T02:00,Leuven,24.5,0.0,0.0,7.3,12.2,0
2026-06-27T03:00,Leuven,23.5,0.0,0.0,4.1,12.6,0
2026-06-27T04:00,Leuven,23.0,0.0,0.0,5.2,10.8,0
2026-06-27T05:00,Leuven,22.4,0.0,0.0,0.7,9.7,2
2026-06-27T06:00,Leuven,22.2,0.0,0.0,3.6,7.2,2
2026-06-27T07:00,Leuven,23.2,0.0,0.0,3.4,7.2,2
2026-06-27T08:00,Leuven,24.6,0.0,0.0,5.4,14.0,3
2026-06-27T09:00,Leuven,26.1,0.0,0.0,8.1,20.9,3
2026-06-27T10:00,Leuven,26.6,0.0,0.0,10.2,23.4,3
2026-06-27T11:00,Leuven,26.3,0.0,0.0,11.4,25.9,3
2026-06-27T12:00,Leuven,28.9,0.0,0.0,10.2,28.1,3
2026-06-27T13:00,Leuven,30.6,0.0,0.0,8.9,27.4,2
2026-06-27T14:00,Leuven,32.3,0.0,0.0,11.9,26.3,0
2026-06-27T15:00,Leuven,33.6,0.0,0.0,10.1,28.4,0
2026-06-27T16:00,Leuven,34.7,0.0,0.0,7.9,25.2,0
2026-06-27T17:00,Leuven,34.9,0.0,0.0,5.7,20.2,1
2026-06-27T18:00,Leuven,34.4,0.0,0.0,6.2,16.9,2
2026-06-27T19:00,Leuven,34.0,0.0,0.0,8.0,19.1,3
2026-06-27T20:00,Leuven,28.2,0.0,0.0,2.9,19.4,3
2026-06-27T21:00,Leuven,28.0,0.2,0.2,10.0,16.9,51
2026-06-27T22:00,Leuven,27.3,0.0,0.0,10.9,22.7,1
2026-06-27T23:00,Leuven,26.6,0.0,0.0,15.5,29.5,3
2026-06-28T00:00,Leuven,25.2,0.0,0.0,9.6,31.0,2
2026-06-28T01:00,Leuven,24.5,0.0,0.0,6.6,18.7,3
2026-06-28T02:00,Leuven,23.9,0.0,0.0,9.1,16.2,3
2026-06-28T03:00,Leuven,22.8,0.0,0.0,3.6,18.4,3
2026-06-28T04:00,Leuven,21.6,0.0,0.0,1.7,7.9,0
2026-06-28T05:00,Leuven,21.2,0.0,0.0,5.8,12.2,0
2026-06-28T06:00,Leuven,20.6,0.0,0.0,7.9,15.1,0
2026-06-28T07:00,Leuven,21.4,0.0,0.0,7.7,15.1,0
2026-06-28T08:00,Leuven,23.2,0.0,0.0,6.3,15.1,0
2026-06-28T09:00,Leuven,25.1,0.0,0.0,10.3,23.8,0
2026-06-28T10:00,Leuven,26.2,0.0,0.0,11.6,28.1,0
2026-06-28T11:00,Leuven,27.4,0.0,0.0,11.0,28.4,0
2026-06-28T12:00,Leuven,28.6,0.0,0.0,11.0,28.1,3
2026-06-28T13:00,Leuven,29.8,0.0,0.0,13.3,34.2,3
2026-06-28T14:00,Leuven,28.1,0.1,0.1,14.5,35.6,51
2026-06-28T15:00,Leuven,27.8,0.3,0.3,10.9,35.6,51
2026-06-28T16:00,Leuven,27.9,0.0,0.0,10.6,25.6,3
2026-06-28T17:00,Leuven,27.8,0.0,0.0,10.4,25.6,2
2026-06-28T18:00,Leuven,28.6,0.0,0.0,10.4,30.6,1
2026-06-28T19:00,Leuven,26.9,0.2,0.2,12.7,27.7,51
2026-06-28T20:00,Leuven,25.4,0.3,0.3,13.3,31.0,51
2026-06-28T21:00,Leuven,24.5,0.0,0.0,10.1,29.5,2
2026-06-28T22:00,Leuven,23.3,0.0,0.0,10.1,22.3,1
2026-06-28T23:00,Leuven,22.0,0.0,0.0,6.5,20.2,3
2026-06-29T00:00,Leuven,21.6,0.1,0.1,3.4,12.2,51
2026-06-29T01:00,Leuven,21.1,0.0,0.0,4.4,7.9,0
2026-06-29T02:00,Leuven,20.5,0.0,0.0,9.8,14.0,3
2026-06-29T03:00,Leuven,19.9,0.0,0.0,10.1,20.9,3
2026-06-29T04:00,Leuven,19.3,0.2,0.2,10.8,20.2,51
2026-06-29T05:00,Leuven,18.2,0.0,0.0,11.3,23.8,3
2026-06-29T06:00,Leuven,17.5,0.0,0.0,8.1,21.6,3
2026-06-29T07:00,Leuven,17.5,0.0,0.0,9.1,18.7,1
2026-06-29T08:00,Leuven,17.8,0.0,0.0,10.0,21.2,2
2026-06-29T09:00,Leuven,18.9,0.0,0.0,8.9,22.7,1
2026-06-29T10:00,Leuven,20.2,0.0,0.0,8.0,22.3,2
2026-06-29T11:00,Leuven,21.6,0.0,0.0,8.0,22.7,2
2026-06-29T12:00,Leuven,22.8,0.0,0.0,7.3,22.7,0
2026-06-29T13:00,Leuven,23.6,0.0,0.0,8.3,24.1,2
2026-06-29T14:00,Leuven,24.3,0.0,0.0,8.0,24.1,2
2026-06-29T15:00,Leuven,24.5,0.0,0.0,7.8,23.0,1
2026-06-29T16:00,Leuven,24.8,0.0,0.0,7.1,23.0,1
2026-06-29T17:00,Leuven,24.8,0.0,0.0,7.9,22.3,0
2026-06-29T18:00,Leuven,24.6,0.0,0.0,9.1,23.0,2
2026-06-29T19:00,Leuven,24.0,0.0,0.0,9.5,23.0,0
2026-06-29T20:00,Leuven,23.3,0.0,0.0,9.4,22.7,0
2026-06-29T21:00,Leuven,22.3,0.0,0.0,7.4,20.5,0
2026-06-29T22:00,Leuven,20.6,0.0,0.0,11.8,23.0,0
2026-06-29T23:00,Leuven,19.0,0.0,0.0,8.7,23.8,0
2026-06-30T00:00,Leuven,18.0,0.0,0.0,7.9,16.6,0
2026-06-30T01:00,Leuven,17.0,0.0,0.0,6.7,15.1,0
2026-06-30T02:00,Leuven,15.7,0.0,0.0,6.3,12.6,0
2026-06-30T03:00,Leuven,15.2,0.0,0.0,3.9,11.5,0
2026-06-30T04:00,Leuven,14.8,0.0,0.0,4.1,7.6,2
2026-06-30T05:00,Leuven,14.6,0.0,0.0,3.3,7.6,1
2026-06-30T06:00,Leuven,14.7,0.0,0.0,0.7,5.8,2
2026-06-30T07:00,Leuven,15.7,0.0,0.0,1.8,4.3,2
2026-06-30T08:00,Leuven,17.3,0.0,0.0,2.9,9.0,3
2026-06-30T09:00,Leuven,19.1,0.0,0.0,1.3,10.4,2
2026-06-30T10:00,Leuven,20.9,0.0,0.0,2.6,13.0,3
2026-06-30T11:00,Leuven,21.5,0.0,0.0,3.5,13.7,3
2026-06-30T12:00,Leuven,21.5,0.0,0.0,3.4,13.7,3
2026-06-30T13:00,Leuven,21.5,0.0,0.0,6.3,16.6,3
2026-06-30T14:00,Leuven,23.1,0.0,0.0,8.4,18.4,3
2026-06-30T15:00,Leuven,21.4,0.0,0.0,10.8,24.5,3
2026-06-30T16:00,Leuven,22.2,0.0,0.0,10.1,28.1,3
2026-06-30T17:00,Leuven,21.2,0.0,0.0,8.9,25.2,3
2026-06-30T18:00,Leuven,21.6,0.0,0.0,7.5,22.0,3
2026-06-30T19:00,Leuven,21.5,0.0,0.0,6.2,19.1,3
2026-06-30T20:00,Leuven,21.1,0.0,0.0,8.7,16.2,1
2026-06-30T21:00,Leuven,20.3,0.0,0.0,7.1,18.7,2
2026-06-30T22:00,Leuven,19.0,0.0,0.0,5.9,14.8,1
2026-06-30T23:00,Leuven,17.8,0.0,0.0,3.8,11.2,1
2026-07-01T00:00,Leuven,17.2,0.0,0.0,3.1,6.1,1
2026-07-01T01:00,Leuven,16.6,0.0,0.0,5.1,9.4,0
2026-07-01T02:00,Leuven,15.4,0.0,0.0,5.1,9.4,0
2026-07-01T03:00,Leuven,14.7,0.0,0.0,4.6,9.0,0
2026-07-01T04:00,Leuven,14.4,0.0,0.0,5.5,9.7,0
2026-07-01T05:00,Leuven,14.2,0.0,0.0,7.4,13.3,0
2026-07-01T06:00,Leuven,13.7,0.0,0.0,8.5,15.8,0
2026-07-01T07:00,Leuven,14.2,0.0,0.0,7.2,16.2,0
2026-07-01T08:00,Leuven,15.5,0.0,0.0,6.0,16.6,0
2026-07-01T09:00,Leuven,17.1,0.0,0.0,6.3,18.0,0
2026-07-01T10:00,Leuven,18.6,0.0,0.0,6.6,19.8,0
2026-07-01T11:00,Leuven,20.2,0.0,0.0,6.7,20.9,0
2026-07-01T12:00,Leuven,21.6,0.0,0.0,6.0,20.5,1
2026-07-01T13:00,Leuven,22.6,0.1,0.1,7.5,22.0,51
2026-07-01T14:00,Leuven,23.1,0.2,0.2,11.0,24.8,51
2026-07-01T15:00,Leuven,22.8,0.8,0.8,10.5,28.1,53
2026-07-01T16:00,Leuven,23.5,0.5,0.5,11.6,28.4,53
2026-07-01T17:00,Leuven,23.7,0.0,0.0,12.1,29.5,0
2026-07-01T18:00,Leuven,23.5,0.0,0.0,12.6,29.9,0
2026-07-01T19:00,Leuven,22.9,0.0,0.0,12.7,29.2,1
2026-07-01T20:00,Leuven,22.5,0.0,0.0,11.9,28.4,1
2026-07-01T21:00,Leuven,21.5,0.0,0.0,10.3,24.5,1
2026-07-01T22:00,Leuven,19.9,0.0,0.0,7.6,20.9,2
2026-07-01T23:00,Leuven,18.7,0.0,0.0,4.8,14.4,1
2026-07-02T00:00,Leuven,17.9,0.0,0.0,4.3,9.4,0
2026-07-02T01:00,Leuven,17.4,0.0,0.0,4.3,7.2,0
2026-07-02T02:00,Leuven,16.7,0.0,0.0,7.7,11.5,0
2026-07-02T03:00,Leuven,16.4,0.0,0.0,9.7,18.7,0
2026-07-02T04:00,Leuven,15.8,0.0,0.0,11.3,21.6,0
2026-07-02T05:00,Leuven,15.5,0.0,0.0,12.6,24.1,0
2026-07-02T06:00,Leuven,15.3,0.0,0.0,14.1,27.0,0
2026-07-02T07:00,Leuven,16.1,0.0,0.0,12.9,28.1,0
2026-07-02T08:00,Leuven,17.4,0.0,0.0,15.8,32.0,0
2026-07-02T09:00,Leuven,18.5,0.0,0.0,16.9,36.7,1
2026-07-02T10:00,Leuven,19.7,0.0,0.0,18.0,40.0,1
2026-07-02T11:00,Leuven,21.1,0.0,0.0,22.7,49.3,3
2026-07-02T12:00,Leuven,20.0,0.0,0.0,21.0,49.7,3
2026-07-02T13:00,Leuven,19.6,0.1,0.1,20.3,45.4,51
2026-07-02T14:00,Leuven,18.8,0.2,0.2,18.8,45.7,51
2026-07-02T15:00,Leuven,19.2,0.2,0.2,15.4,37.1,51
2026-07-02T16:00,Leuven,20.5,0.3,0.3,14.5,37.1,51
2026-07-02T17:00,Leuven,22.4,0.2,0.2,13.8,33.5,51
2026-07-02T18:00,Leuven,23.5,0.0,0.0,14.3,31.3,0
2026-07-02T19:00,Leuven,22.9,0.0,0.0,16.9,36.0,0
2026-07-02T20:00,Leuven,21.4,0.0,0.0,17.0,37.1,1
2026-07-02T21:00,Leuven,19.9,0.0,0.0,11.8,34.6,0
2026-07-02T22:00,Leuven,18.2,0.0,0.0,7.2,23.4,0
2026-07-02T23:00,Leuven,16.8,0.0,0.0,5.7,13.3,0
2026-07-03T00:00,Leuven,15.8,0.0,0.0,3.2,10.4,0
2026-07-03T01:00,Leuven,15.3,0.0,0.0,2.3,5.4,0
2026-07-03T02:00,Leuven,13.6,0.0,0.0,2.2,4.3,0
2026-07-03T03:00,Leuven,13.2,0.0,0.0,2.3,4.0,0
2026-07-03T04:00,Leuven,12.7,0.0,0.0,2.5,4.3,0
2026-07-03T05:00,Leuven,12.2,0.0,0.0,2.5,4.3,1
2026-07-03T06:00,Leuven,11.9,0.0,0.0,3.5,5.0,2
2026-07-03T07:00,Leuven,13.4,0.0,0.0,5.2,8.3,3
2026-07-03T08:00,Leuven,15.4,0.0,0.0,4.9,11.9,2
2026-07-03T09:00,Leuven,17.6,0.0,0.0,5.1,14.8,2
2026-07-03T10:00,Leuven,19.1,0.0,0.0,5.8,17.3,2
2026-07-03T11:00,Leuven,20.3,0.0,0.0,8.6,22.7,2
2026-07-03T12:00,Leuven,21.4,0.0,0.0,10.7,27.4,2
2026-07-03T13:00,Leuven,21.7,0.0,0.0,10.6,27.4,1
2026-07-03T14:00,Leuven,22.7,0.0,0.0,11.6,27.7,1
2026-07-03T15:00,Leuven,23.0,0.0,0.0,10.5,29.2,1
2026-07-03T16:00,Leuven,23.3,0.0,0.0,10.6,27.4,2
2026-07-03T17:00,Leuven,23.0,0.0,0.0,14.0,32.0,2
2026-07-03T18:00,Leuven,21.6,0.0,0.0,15.9,36.4,1
2026-07-03T19:00,Leuven,20.5,0.0,0.0,14.8,36.0,1
2026-07-03T20:00,Leuven,19.8,0.0,0.0,13.6,32.4,1
2026-07-03T21:00,Leuven,18.5,0.0,0.0,10.1,27.7,1
2026-07-03T22:00,Leuven,17.0,0.0,0.0,6.8,20.2,1
2026-07-03T23:00,Leuven,15.9,0.0,0.0,3.5,13.0,0
2026-07-04T00:00,Leuven,15.4,0.0,0.0,1.7,5.8,0
2026-07-04T01:00,Leuven,15.0,0.0,0.0,0.7,2.9,0
2026-07-04T02:00,Leuven,13.4,0.0,0.0,3.6,5.8,0
2026-07-04T03:00,Leuven,13.2,0.0,0.0,5.2,9.0,0
2026-07-04T04:00,Leuven,13.2,0.0,0.0,5.8,10.4,0
2026-07-04T05:00,Leuven,13.1,0.0,0.0,7.1,13.3,0
2026-07-04T06:00,Leuven,13.3,0.0,0.0,9.6,17.6,0
2026-07-04T07:00,Leuven,14.7,0.0,0.0,11.3,21.2,0
2026-07-04T08:00,Leuven,16.5,0.0,0.0,10.9,22.3,0
2026-07-04T09:00,Leuven,18.7,0.0,0.0,11.6,25.2,0
2026-07-04T10:00,Leuven,20.5,0.0,0.0,13.3,30.2,0
2026-07-04T11:00,Leuven,21.8,0.0,0.0,14.3,32.8,0
2026-07-04T12:00,Leuven,23.0,0.0,0.0,15.7,36.4,0
2026-07-04T13:00,Leuven,23.8,0.0,0.0,16.3,37.8,0
2026-07-04T14:00,Leuven,25.3,0.0,0.0,17.8,42.5,3
2026-07-04T15:00,Leuven,25.5,0.0,0.0,16.8,39.6,2
2026-07-04T16:00,Leuven,25.9,0.0,0.0,17.7,39.2,3
2026-07-04T17:00,Leuven,25.8,0.0,0.0,17.0,39.2,3
2026-07-04T18:00,Leuven,25.5,0.0,0.0,16.1,37.1,3
2026-07-04T19:00,Leuven,25.0,0.0,0.0,15.5,34.6,3
2026-07-04T20:00,Leuven,24.1,0.0,0.0,15.3,34.6,3
2026-07-04T21:00,Leuven,22.5,0.0,0.0,9.1,31.7,0
2026-07-04T22:00,Leuven,21.2,0.0,0.0,7.5,18.7,1
2026-07-04T23:00,Leuven,20.7,0.0,0.0,5.4,14.4,1
2026-07-05T00:00,Leuven,20.3,0.0,0.0,10.2,18.7,1
2026-07-05T01:00,Leuven,19.4,0.0,0.0,10.4,21.6,1
2026-07-05T02:00,Leuven,18.1,0.0,0.0,10.6,20.5,1
2026-07-05T03:00,Leuven,17.9,0.0,0.0,10.9,21.6,3
2026-07-05T04:00,Leuven,17.5,0.0,0.0,10.1,21.6,2
2026-07-05T05:00,Leuven,17.2,0.0,0.0,9.2,19.8,1
2026-07-05T06:00,Leuven,16.7,0.0,0.0,8.3,17.6,1
2026-07-05T07:00,Leuven,17.4,0.0,0.0,8.1,16.2,1
2026-07-05T08:00,Leuven,18.8,0.0,0.0,7.8,17.6,2
2026-07-05T09:00,Leuven,20.0,0.0,0.0,10.9,24.8,2
2026-07-05T10:00,Leuven,20.9,0.0,0.0,11.8,28.1,3
2026-07-05T11:00,Leuven,21.0,0.1,0.1,15.1,33.5,51
2026-07-05T12:00,Leuven,21.6,0.3,0.3,16.1,35.6,51
2026-07-05T13:00,Leuven,23.1,0.2,0.2,17.8,40.0,51
2026-07-05T14:00,Leuven,22.4,0.0,0.0,16.8,42.5,3
2026-07-05T15:00,Leuven,22.4,0.1,0.1,17.4,37.8,51
2026-07-05T16:00,Leuven,23.9,0.0,0.0,18.2,40.7,3
2026-07-05T17:00,Leuven,23.4,0.0,0.0,18.6,41.0,3
2026-07-05T18:00,Leuven,23.2,0.0,0.0,17.6,41.0,2
2026-07-05T19:00,Leuven,22.7,0.0,0.0,16.3,38.5,3
2026-07-05T20:00,Leuven,21.9,0.0,0.0,13.5,35.6,3
2026-07-05T21:00,Leuven,21.1,0.0,0.0,11.3,29.2,3
2026-07-05T22:00,Leuven,19.9,0.0,0.0,6.8,23.0,3
2026-07-05T23:00,Leuven,18.9,0.0,0.0,3.7,13.3,2
2026-07-06T00:00,Leuven,18.3,0.0,0.0,4.1,7.2,3
2026-07-06T01:00,Leuven,18.1,0.0,0.0,4.0,7.6,3
2026-07-06T02:00,Leuven,17.2,0.0,0.0,5.3,10.8,2
2026-07-06T03:00,Leuven,16.9,0.0,0.0,8.8,16.2,1
2026-07-06T04:00,Leuven,16.9,0.0,0.0,10.8,20.2,1
2026-07-06T05:00,Leuven,16.8,0.0,0.0,12.6,23.8,1
2026-07-06T06:00,Leuven,16.9,0.0,0.0,14.5,27.7,3
2026-07-06T07:00,Leuven,17.6,0.0,0.0,15.0,30.2,3
2026-07-06T08:00,Leuven,18.2,0.0,0.0,12.1,30.6,3
2026-07-06T09:00,Leuven,19.7,0.0,0.0,12.4,28.4,1
2026-07-06T10:00,Leuven,21.6,0.0,0.0,12.8,29.9,1
2026-07-06T11:00,Leuven,23.3,0.0,0.0,13.3,32.0,0
2026-07-06T12:00,Leuven,24.8,0.0,0.0,14.2,33.8,1
2026-07-06T13:00,Leuven,26.1,0.0,0.0,15.4,36.4,1
2026-07-06T14:00,Leuven,27.5,0.0,0.0,15.9,39.2,2
2026-07-06T15:00,Leuven,28.1,0.0,0.0,16.9,38.9,1
2026-07-06T16:00,Leuven,28.6,0.0,0.0,16.9,38.9,2
2026-07-06T17:00,Leuven,28.8,0.0,0.0,16.4,38.2,2
2026-07-06T18:00,Leuven,28.9,0.0,0.0,16.1,36.4,1
2026-07-06T19:00,Leuven,28.5,0.0,0.0,16.0,34.9,1
2026-07-06T20:00,Leuven,27.8,0.0,0.0,15.9,34.6,0
2026-07-06T21:00,Leuven,26.6,0.0,0.0,12.9,31.7,0
2026-07-06T22:00,Leuven,25.0,0.0,0.0,13.2,26.3,1
2026-07-06T23:00,Leuven,23.9,0.0,0.0,14.4,28.4,2
2026-07-07T00:00,Leuven,23.0,0.0,0.0,14.8,28.8,2
2026-07-07T01:00,Leuven,22.3,0.0,0.0,15.5,30.6,2
2026-07-07T02:00,Leuven,20.9,0.0,0.0,14.7,30.2,2
2026-07-07T03:00,Leuven,20.3,0.0,0.0,13.1,28.4,3
2026-07-07T04:00,Leuven,19.7,0.0,0.0,12.6,25.2,3
2026-07-07T05:00,Leuven,19.4,0.0,0.0,13.4,25.9,3
2026-07-07T06:00,Leuven,19.3,0.0,0.0,12.7,25.9,3
2026-07-07T07:00,Leuven,19.2,0.0,0.0,12.2,24.5,3
2026-07-07T08:00,Leuven,19.8,0.0,0.0,11.9,24.1,3
2026-07-07T09:00,Leuven,21.3,0.0,0.0,13.4,28.8,3
2026-07-07T10:00,Leuven,22.9,0.0,0.0,14.9,33.1,3
2026-07-07T11:00,Leuven,24.4,0.0,0.0,14.8,34.6,3
2026-07-07T12:00,Leuven,26.0,0.0,0.0,14.9,34.6,3
2026-07-07T13:00,Leuven,25.9,0.0,0.0,16.4,36.4,3
2026-07-07T14:00,Leuven,27.8,0.0,0.0,16.9,37.8,3
2026-07-07T15:00,Leuven,28.2,0.0,0.0,17.6,40.3,3
2026-07-07T16:00,Leuven,27.7,0.0,0.0,17.5,40.3,3
2026-07-07T17:00,Leuven,28.2,0.0,0.0,17.1,39.2,2
2026-07-07T18:00,Leuven,28.0,0.0,0.0,17.6,38.9,2
2026-07-07T19:00,Leuven,26.8,0.0,0.0,16.5,38.5,2
2026-07-07T20:00,Leuven,25.5,0.0,0.0,14.7,35.6,2
2026-07-07T21:00,Leuven,24.1,0.0,0.0,9.3,30.2,1
2026-07-07T22:00,Leuven,22.8,0.0,0.0,5.6,19.1,1
2026-07-07T23:00,Leuven,21.9,0.0,0.0,8.8,17.3,2
2026-07-08T00:00,Leuven,20.7,0.0,0.0,4.5,16.9,2
2026-07-08T01:00,Leuven,20.1,0.0,0.0,3.3,8.6,2
2026-07-08T02:00,Leuven,19.1,0.0,0.0,3.0,6.5,2
2026-07-08T03:00,Leuven,18.7,0.0,0.0,3.3,6.1,1
2026-07-08T04:00,Leuven,18.5,0.0,0.0,3.6,6.8,2
2026-07-08T05:00,Leuven,18.7,0.0,0.0,4.4,8.3,3
2026-07-08T06:00,Leuven,18.9,0.0,0.0,4.8,9.7,3
2026-07-08T07:00,Leuven,19.3,0.0,0.0,5.5,11.2,3
2026-07-08T08:00,Leuven,19.9,0.0,0.0,6.7,15.1,3
2026-07-08T09:00,Leuven,20.7,0.0,0.0,8.7,21.2,3
2026-07-08T10:00,Leuven,21.2,0.0,0.0,7.9,20.9,2
2026-07-08T11:00,Leuven,23.2,0.0,0.0,8.9,23.8,1
2026-07-08T12:00,Leuven,24.3,0.0,0.0,11.2,28.8,3
2026-07-08T13:00,Leuven,24.4,0.0,0.0,11.4,28.8,3
2026-07-08T14:00,Leuven,25.0,0.0,0.0,10.9,29.9,3
2026-07-08T15:00,Leuven,25.5,0.0,0.0,11.9,29.2,2
2026-07-08T16:00,Leuven,26.4,0.0,0.0,12.4,30.2,1
2026-07-08T17:00,Leuven,26.5,0.0,0.0,12.1,30.2,1
2026-07-08T18:00,Leuven,26.5,0.0,0.0,13.6,31.3,1
2026-07-08T19:00,Leuven,25.7,0.0,0.0,12.2,31.3,0
2026-07-08T20:00,Leuven,24.9,0.0,0.0,10.1,27.4,0
2026-07-08T21:00,Leuven,23.8,0.0,0.0,10.0,22.3,0
2026-07-08T22:00,Leuven,22.4,0.0,0.0,7.7,21.2,0
2026-07-08T23:00,Leuven,21.2,0.0,0.0,6.7,15.5,0
2026-07-09T00:00,Leuven,20.2,0.0,0.0,6.5,13.0,0
2026-07-09T01:00,Leuven,19.2,0.0,0.0,6.1,12.6,0
2026-07-09T02:00,Leuven,17.5,0.0,0.0,4.9,12.2,0
2026-07-09T03:00,Leuven,16.7,0.0,0.0,4.0,9.0,0
2026-07-09T04:00,Leuven,16.1,0.0,0.0,3.9,7.6,0
2026-07-09T05:00,Leuven,15.5,0.0,0.0,3.5,7.2,0
2026-07-09T06:00,Leuven,15.0,0.0,0.0,3.7,6.5,0
2026-07-09T07:00,Leuven,16.0,0.0,0.0,4.7,9.7,0
2026-07-09T08:00,Leuven,17.7,0.0,0.0,2.4,9.7,0
2026-07-09T09:00,Leuven,19.7,0.0,0.0,3.8,13.7,0
2026-07-09T10:00,Leuven,21.2,0.0,0.0,4.1,15.8,0
2026-07-09T11:00,Leuven,22.7,0.0,0.0,5.1,17.6,0
2026-07-09T12:00,Leuven,24.0,0.0,0.0,5.2,18.7,0
2026-07-09T13:00,Leuven,25.2,0.0,0.0,4.9,19.1,0
2026-07-09T14:00,Leuven,26.2,0.0,0.0,5.9,19.1,0
2026-07-09T15:00,Leuven,26.9,0.0,0.0,6.9,21.6,0
2026-07-09T16:00,Leuven,27.5,0.0,0.0,7.9,23.0,0
2026-07-09T17:00,Leuven,27.8,0.0,0.0,8.6,23.4,2
2026-07-09T18:00,Leuven,27.7,0.0,0.0,9.2,23.4,1
2026-07-09T19:00,Leuven,27.4,0.0,0.0,10.6,24.5,1
2026-07-09T20:00,Leuven,26.9,0.0,0.0,10.6,25.6,2
2026-07-09T21:00,Leuven,25.4,0.0,0.0,10.8,23.0,2
2026-07-09T22:00,Leuven,23.7,0.0,0.0,10.9,23.0,1
2026-07-09T23:00,Leuven,22.5,0.0,0.0,9.6,22.0,1
2026-07-10T00:00,Leuven,21.5,0.0,0.0,8.9,19.1,1
2026-07-10T01:00,Leuven,20.7,0.0,0.0,7.9,17.3,0
2026-07-10T02:00,Leuven,19.1,0.0,0.0,9.7,16.2,2
2026-07-10T03:00,Leuven,18.7,0.0,0.0,9.0,18.0,0
2026-07-10T04:00,Leuven,18.1,0.0,0.0,8.9,17.3,0
2026-07-10T05:00,Leuven,17.4,0.0,0.0,8.5,16.9,0
2026-07-10T06:00,Leuven,16.9,0.0,0.0,9.0,16.9,2
2026-07-10T07:00,Leuven,17.5,0.0,0.0,8.6,18.7,3
2026-07-10T08:00,Leuven,18.9,0.0,0.0,7.9,19.1,3
2026-07-10T09:00,Leuven,20.7,0.0,0.0,8.5,20.9,3
2026-07-10T10:00,Leuven,22.5,0.0,0.0,9.8,24.5,3
2026-07-10T11:00,Leuven,24.2,0.0,0.0,10.7,27.0,3
2026-07-10T12:00,Leuven,25.7,0.0,0.0,11.5,28.8,3
2026-07-10T13:00,Leuven,27.2,0.0,0.0,12.2,30.2,3
2026-07-10T14:00,Leuven,28.4,0.0,0.0,12.3,31.3,3
2026-07-10T15:00,Leuven,29.2,0.0,0.0,12.5,31.0,3
2026-07-10T16:00,Leuven,30.0,0.0,0.0,12.7,30.6,2
2026-07-10T17:00,Leuven,30.1,0.0,0.0,13.5,31.3,0
2026-07-10T18:00,Leuven,29.7,0.0,0.0,15.1,33.8,1
2026-07-10T19:00,Leuven,28.8,0.0,0.0,15.6,34.6,0
2026-07-10T20:00,Leuven,27.8,0.0,0.0,15.7,34.6,0
2026-07-10T21:00,Leuven,26.3,0.0,0.0,12.7,32.0,0
2026-07-10T22:00,Leuven,24.9,0.0,0.0,11.9,25.9,0
2026-07-10T23:00,Leuven,24.0,0.0,0.0,12.0,23.8,0
2026-07-11T00:00,Leuven,23.0,0.0,0.0,11.5,23.8,0
2026-07-11T01:00,Leuven,22.1,0.0,0.0,11.5,22.3,0
2026-07-11T02:00,Leuven,20.6,0.0,0.0,11.6,22.3,0
2026-07-11T03:00,Leuven,20.1,0.0,0.0,10.2,21.6,0
2026-07-11T04:00,Leuven,19.3,0.0,0.0,9.5,19.4,0
2026-07-11T05:00,Leuven,18.6,0.0,0.0,9.2,18.0,0
2026-07-11T06:00,Leuven,17.9,0.0,0.0,9.0,17.6,0
2026-07-11T07:00,Leuven,18.5,0.0,0.0,9.0,18.7,0
2026-07-11T08:00,Leuven,20.0,0.0,0.0,9.4,21.2,0
2026-07-11T09:00,Leuven,21.9,0.0,0.0,9.7,23.4,0
2026-07-11T10:00,Leuven,24.1,0.0,0.0,10.4,25.6,0
2026-07-11T11:00,Leuven,26.0,0.0,0.0,12.4,29.9,0
2026-07-11T12:00,Leuven,27.3,0.0,0.0,13.2,32.0,0
2026-07-11T13:00,Leuven,28.4,0.0,0.0,13.7,33.5,0
2026-07-11T14:00,Leuven,29.5,0.0,0.0,12.7,33.5,1
2026-07-11T15:00,Leuven,30.0,0.0,0.0,11.4,31.0,1
2026-07-11T16:00,Leuven,30.5,0.0,0.0,11.3,28.8,0
2026-07-11T17:00,Leuven,30.7,0.0,0.0,11.7,28.4,0
2026-07-11T18:00,Leuven,30.5,0.0,0.0,13.4,30.6,0
2026-07-11T19:00,Leuven,29.8,0.0,0.0,15.1,33.1,0
2026-07-11T20:00,Leuven,28.9,0.0,0.0,16.4,34.2,0
2026-07-11T21:00,Leuven,27.6,0.0,0.0,12.5,33.8,0
2026-07-11T22:00,Leuven,26.3,0.0,0.0,11.1,25.6,0
2026-07-11T23:00,Leuven,25.3,0.0,0.0,10.5,22.0,0
2026-07-12T00:00,Leuven,24.4,0.0,0.0,10.7,20.5,0
2026-07-12T01:00,Leuven,23.4,0.0,0.0,12.0,22.7,0
2026-07-12T02:00,Leuven,21.6,0.0,0.0,11.7,22.7,0
2026-07-12T03:00,Leuven,21.0,0.0,0.0,11.2,22.0,0
2026-07-12T04:00,Leuven,20.3,0.0,0.0,11.2,21.6,0
2026-07-12T05:00,Leuven,19.8,0.0,0.0,9.7,21.2,0
2026-07-12T06:00,Leuven,19.3,0.0,0.0,9.3,18.7,0
2026-07-12T07:00,Leuven,19.9,0.0,0.0,9.7,19.4,0
2026-07-12T08:00,Leuven,21.2,0.0,0.0,9.2,20.2,0
2026-07-12T09:00,Leuven,23.0,0.0,0.0,9.0,21.6,0
2026-07-12T10:00,Leuven,25.0,0.0,0.0,8.9,22.7,0
2026-07-12T11:00,Leuven,27.1,0.0,0.0,10.0,25.2,0
2026-07-12T12:00,Leuven,28.7,0.0,0.0,12.0,29.2,2
2026-07-12T13:00,Leuven,29.6,0.0,0.0,13.1,31.7,1
2026-07-12T14:00,Leuven,30.9,0.0,0.0,13.8,32.8,1
2026-07-12T15:00,Leuven,31.0,0.0,0.0,14.1,33.5,0
2026-07-12T16:00,Leuven,31.2,0.0,0.0,13.8,33.5,0
2026-07-12T17:00,Leuven,31.2,0.0,0.0,14.1,32.8,0
2026-07-12T18:00,Leuven,30.6,0.0,0.0,15.9,35.3,0
2026-07-12T19:00,Leuven,29.7,0.0,0.0,16.2,36.0,0
2026-07-12T20:00,Leuven,28.9,0.0,0.0,16.8,35.6,1
2026-07-12T21:00,Leuven,27.6,0.0,0.0,15.9,34.2,0
2026-07-12T22:00,Leuven,26.5,0.0,0.0,15.3,32.8,0
2026-07-12T23:00,Leuven,24.8,0.0,0.0,17.6,35.6,0
2026-07-13T00:00,Leuven,23.1,0.0,0.0,16.0,35.6,0
2026-07-13T01:00,Leuven,21.8,0.0,0.0,14.9,32.0,0
2026-07-13T02:00,Leuven,20.0,0.0,0.0,14.5,30.2,0
2026-07-13T03:00,Leuven,19.1,0.0,0.0,14.0,29.5,0
2026-07-13T04:00,Leuven,18.2,0.0,0.0,14.0,28.4,0
2026-07-13T05:00,Leuven,17.4,0.0,0.0,13.6,28.8,0
2026-07-13T06:00,Leuven,16.7,0.0,0.0,12.7,27.7,0
2026-07-13T07:00,Leuven,16.9,0.0,0.0,11.1,25.6,0
2026-07-13T08:00,Leuven,17.6,0.0,0.0,10.9,25.6,0
2026-07-13T09:00,Leuven,19.3,0.0,0.0,11.4,26.6,2
2026-07-13T10:00,Leuven,21.3,0.0,0.0,11.9,28.8,3
2026-07-13T11:00,Leuven,23.5,0.0,0.0,12.1,29.9,3
2026-07-13T12:00,Leuven,25.5,0.0,0.0,11.0,29.9,3
2026-07-13T13:00,Leuven,27.4,0.0,0.0,10.7,28.4,3
2026-07-13T14:00,Leuven,28.8,0.0,0.0,11.4,28.8,3
2026-07-13T15:00,Leuven,29.7,0.0,0.0,11.6,28.8,3
2026-07-13T16:00,Leuven,30.4,0.0,0.0,11.9,29.2,3
2026-07-13T17:00,Leuven,30.3,0.0,0.0,13.2,30.2,3
2026-07-13T18:00,Leuven,29.9,0.0,0.0,14.3,32.4,3
2026-07-13T19:00,Leuven,29.3,0.0,0.0,14.3,32.4,3
2026-07-13T20:00,Leuven,28.5,0.0,0.0,12.8,31.3,3
2026-07-13T21:00,Leuven,27.4,0.0,0.0,12.1,25.9,3
2026-07-13T22:00,Leuven,26.2,0.0,0.0,12.7,25.2,3
2026-07-13T23:00,Leuven,24.6,0.0,0.0,13.0,25.9,1
2026-07-14T00:00,Leuven,23.2,0.0,0.0,11.7,25.9,3
2026-07-14T01:00,Leuven,22.1,0.0,0.0,10.4,23.0,0
2026-07-14T02:00,Leuven,20.7,0.0,0.0,10.4,21.2,1
2026-07-14T03:00,Leuven,20.1,0.0,0.0,10.5,20.5,2
2026-07-14T04:00,Leuven,19.5,0.0,0.0,7.7,20.5,2
2026-07-14T05:00,Leuven,19.1,0.0,0.0,7.2,14.8,2
2026-07-14T06:00,Leuven,18.7,0.0,0.0,8.2,15.5,2
2026-07-14T07:00,Leuven,19.4,0.0,0.0,7.6,16.6,0
2026-07-14T08:00,Leuven,20.5,0.0,0.0,7.2,16.9,0
2026-07-14T09:00,Leuven,22.5,0.0,0.0,7.3,19.1,0
2026-07-14T10:00,Leuven,24.4,0.0,0.0,8.5,22.3,0
2026-07-14T11:00,Leuven,26.3,0.0,0.0,8.8,23.8,0
2026-07-14T12:00,Leuven,28.2,0.0,0.0,11.0,27.4,0
2026-07-14T13:00,Leuven,29.6,0.0,0.0,12.6,31.3,1
2026-07-14T14:00,Leuven,30.7,0.0,0.0,13.3,31.3,0
2026-07-14T15:00,Leuven,31.2,0.0,0.0,11.3,31.3,1
2026-07-14T16:00,Leuven,31.2,0.0,0.0,11.4,28.1,1
2026-07-14T17:00,Leuven,30.9,0.0,0.0,12.9,29.9,0
2026-07-14T18:00,Leuven,30.5,0.0,0.0,13.5,31.0,0
2026-07-14T19:00,Leuven,29.9,0.0,0.0,13.9,31.3,0
2026-07-14T20:00,Leuven,29.3,0.0,0.0,14.2,31.0,0
2026-07-14T21:00,Leuven,27.8,0.0,0.0,12.8,29.2,0
2026-07-14T22:00,Leuven,26.5,0.0,0.0,13.9,27.7,0
2026-07-14T23:00,Leuven,25.5,0.0,0.0,12.4,27.7,0
2026-07-15T00:00,Leuven,24.5,0.0,0.0,11.6,24.5,0
2026-07-15T01:00,Leuven,23.5,0.0,0.0,12.4,24.5,1
2026-07-15T02:00,Leuven,21.8,0.0,0.0,10.7,24.1,1
2026-07-15T03:00,Leuven,21.5,0.0,0.0,10.5,20.9,1
2026-07-15T04:00,Leuven,20.8,0.0,0.0,9.9,20.5,0
2026-07-15T05:00,Leuven,20.1,0.0,0.0,8.9,19.1,0
2026-07-15T06:00,Leuven,19.4,0.0,0.0,9.1,17.6,0
2026-07-15T07:00,Leuven,19.8,0.0,0.0,9.7,20.2,1
2026-07-15T08:00,Leuven,20.7,0.0,0.0,11.6,25.2,1
2026-07-15T09:00,Leuven,22.2,0.0,0.0,11.3,26.3,2
2026-07-15T10:00,Leuven,23.8,0.0,0.0,11.6,28.1,0
2026-07-15T11:00,Leuven,25.8,0.0,0.0,14.4,33.1,0
2026-07-15T12:00,Leuven,27.1,0.0,0.0,16.3,37.8,0
2026-07-15T13:00,Leuven,28.2,0.0,0.0,15.4,38.9,0
2026-07-15T14:00,Leuven,28.7,0.0,0.0,16.5,37.1,1
2026-07-15T15:00,Leuven,28.8,0.0,0.0,16.3,38.2,0
2026-07-15T16:00,Leuven,28.9,0.0,0.0,15.0,37.8,0
2026-07-15T17:00,Leuven,29.1,0.0,0.0,14.8,34.9,0
2026-07-15T18:00,Leuven,28.8,0.0,0.0,14.9,34.2,0
2026-07-15T19:00,Leuven,28.2,0.0,0.0,13.6,33.5,0
2026-07-15T20:00,Leuven,27.7,0.0,0.0,14.0,30.2,0
2026-07-15T21:00,Leuven,26.4,0.0,0.0,11.2,28.4,0
2026-07-15T22:00,Leuven,25.2,0.0,0.0,10.8,23.4,0
2026-07-15T23:00,Leuven,24.1,0.0,0.0,8.8,20.9,0
2026-07-16T00:00,Leuven,23.5,0.0,0.0,10.5,20.2,0
2026-07-16T01:00,Leuven,22.6,0.0,0.0,10.8,21.2,0
2026-07-16T02:00,Leuven,21.4,0.0,0.0,11.5,21.2,0
2026-07-16T03:00,Leuven,20.4,0.0,0.0,9.6,21.6,0
2026-07-16T04:00,Leuven,19.6,0.0,0.0,8.9,18.4,0
2026-07-16T05:00,Leuven,18.9,0.0,0.0,7.4,16.9,0
2026-07-16T06:00,Leuven,18.3,0.0,0.0,8.2,15.5,0
2026-07-16T07:00,Leuven,18.8,0.0,0.0,7.5,15.8,0
2026-07-16T08:00,Leuven,20.0,0.0,0.0,7.2,16.6,0
2026-07-16T09:00,Leuven,21.8,0.0,0.0,7.9,20.2,0
2026-07-16T10:00,Leuven,23.8,0.0,0.0,7.8,21.2,0
2026-07-16T11:00,Leuven,25.6,0.0,0.0,7.8,22.0,0
2026-07-16T12:00,Leuven,27.2,0.0,0.0,7.9,23.4,1
2026-07-16T13:00,Leuven,28.1,0.0,0.0,6.6,22.7,0
2026-07-16T14:00,Leuven,28.9,0.0,0.0,6.8,20.5,2
2026-07-16T15:00,Leuven,29.3,0.0,0.0,6.5,20.9,2
2026-07-16T16:00,Leuven,29.7,0.0,0.0,6.2,20.2,1
2026-07-16T17:00,Leuven,29.8,0.0,0.0,7.3,20.2,0
2026-07-16T18:00,Leuven,29.5,0.0,0.0,8.1,20.2,1
2026-07-16T19:00,Leuven,29.1,0.0,0.0,8.5,20.9,0
2026-07-16T20:00,Leuven,28.0,0.0,0.0,12.8,20.2,0
2026-07-16T21:00,Leuven,26.4,0.0,0.0,12.6,26.6,0
2026-07-16T22:00,Leuven,25.1,0.0,0.0,9.2,25.6,0
2026-07-16T23:00,Leuven,24.1,0.0,0.0,13.1,26.3,0
2026-07-17T00:00,Leuven,22.6,0.0,0.0,10.5,25.9,0
2026-07-17T01:00,Leuven,21.5,0.0,0.0,7.0,20.2,0
2026-07-17T02:00,Leuven,19.7,0.0,0.0,4.9,13.7,1
2026-07-17T03:00,Leuven,19.0,0.0,0.0,8.0,14.4,1
2026-07-17T04:00,Leuven,18.1,0.0,0.0,6.5,16.2,2
2026-07-17T05:00,Leuven,17.4,0.0,0.0,5.4,12.2,2
2026-07-17T06:00,Leuven,16.9,0.0,0.0,5.3,10.8,2
2026-07-17T07:00,Leuven,17.3,0.0,0.0,6.8,13.7,1
2026-07-17T08:00,Leuven,18.0,0.0,0.0,7.5,15.8,3
2026-07-17T09:00,Leuven,19.3,0.0,0.0,5.8,18.4,3
2026-07-17T10:00,Leuven,20.8,0.0,0.0,6.2,18.7,3
2026-07-17T11:00,Leuven,22.1,0.0,0.0,6.7,20.2,0
2026-07-17T12:00,Leuven,23.6,0.0,0.0,8.4,24.8,1
2026-07-17T13:00,Leuven,24.5,0.0,0.0,9.4,25.9,0
2026-07-17T14:00,Leuven,25.1,0.0,0.0,11.6,28.1,1
2026-07-17T15:00,Leuven,25.4,0.0,0.0,12.9,32.0,1
2026-07-17T16:00,Leuven,25.2,0.0,0.0,15.8,37.4,0
2026-07-17T17:00,Leuven,24.8,0.0,0.0,14.4,37.8,0
2026-07-17T18:00,Leuven,24.5,0.0,0.0,14.3,34.2,0
2026-07-17T19:00,Leuven,23.5,0.0,0.0,14.8,33.8,0
2026-07-17T20:00,Leuven,22.5,0.0,0.0,14.1,33.5,0
2026-07-17T21:00,Leuven,21.0,0.0,0.0,12.4,30.2,0
2026-07-17T22:00,Leuven,19.8,0.0,0.0,11.6,26.3,0
2026-07-17T23:00,Leuven,19.0,0.0,0.0,9.8,24.1,0
2026-07-18T00:00,Leuven,18.3,0.0,0.0,9.3,20.2,0
2026-07-18T01:00,Leuven,17.7,0.0,0.0,8.4,18.7,0
2026-07-18T02:00,Leuven,16.6,0.0,0.0,8.8,16.9,0
2026-07-18T03:00,Leuven,16.3,0.0,0.0,7.7,16.6,0
2026-07-18T04:00,Leuven,15.9,0.0,0.0,7.6,15.5,1
2026-07-18T05:00,Leuven,15.9,0.0,0.0,6.5,15.1,3
2026-07-18T06:00,Leuven,15.9,0.0,0.0,3.9,13.0,2
2026-07-18T07:00,Leuven,16.8,0.0,0.0,4.3,10.1,3
2026-07-18T08:00,Leuven,17.4,0.0,0.0,6.0,15.1,3
2026-07-18T09:00,Leuven,18.2,0.0,0.0,7.2,18.4,3
2026-07-18T10:00,Leuven,19.3,0.0,0.0,10.0,24.8,3
2026-07-18T11:00,Leuven,20.1,0.0,0.0,11.2,27.4,3
2026-07-18T12:00,Leuven,20.5,0.0,0.0,12.7,30.6,3
2026-07-18T13:00,Leuven,20.6,0.0,0.0,12.2,30.6,3
2026-07-18T14:00,Leuven,21.0,0.0,0.0,12.9,31.7,3
2026-07-18T15:00,Leuven,20.8,0.0,0.0,14.1,31.7,3
2026-07-18T16:00,Leuven,20.7,0.0,0.0,15.5,35.3,3
2026-07-18T17:00,Leuven,20.4,0.0,0.0,15.2,35.6,3
2026-07-18T18:00,Leuven,19.7,0.0,0.0,15.7,34.9,3
2026-07-18T19:00,Leuven,18.9,0.0,0.0,14.9,34.9,3
2026-07-18T20:00,Leuven,19.0,0.0,0.0,13.8,32.8,3
2026-07-18T21:00,Leuven,18.1,0.0,0.0,17.5,36.0,3
2026-07-18T22:00,Leuven,17.4,0.0,0.0,14.8,36.7,3
2026-07-18T23:00,Leuven,17.4,0.0,0.0,12.9,31.0,1
2026-07-19T00:00,Leuven,16.2,0.0,0.0,12.0,27.0,0
2026-07-19T01:00,Leuven,15.3,0.0,0.0,9.0,24.5,0
2026-07-19T02:00,Leuven,14.7,0.0,0.0,8.2,18.0,1
2026-07-19T03:00,Leuven,14.3,0.0,0.0,7.7,15.5,0
2026-07-19T04:00,Leuven,13.8,0.0,0.0,6.4,14.8,0
2026-07-19T05:00,Leuven,13.3,0.0,0.0,4.9,12.2,0
2026-07-19T06:00,Leuven,13.1,0.0,0.0,5.6,10.8,0
2026-07-19T07:00,Leuven,13.9,0.0,0.0,7.9,15.1,0
2026-07-19T08:00,Leuven,15.4,0.0,0.0,8.1,19.8,1
2026-07-19T09:00,Leuven,16.1,0.1,0.1,12.5,28.8,51
2026-07-19T10:00,Leuven,17.0,0.1,0.1,12.9,30.6,51
2026-07-19T11:00,Leuven,17.7,0.2,0.2,12.9,31.7,51
2026-07-19T12:00,Leuven,19.3,0.2,0.2,12.9,31.3,51
2026-07-19T13:00,Leuven,20.7,0.0,0.0,13.2,32.8,1
2026-07-19T14:00,Leuven,20.6,0.0,0.0,12.3,33.1,2
2026-07-19T15:00,Leuven,21.0,0.0,0.0,13.0,31.7,3
2026-07-19T16:00,Leuven,21.4,0.0,0.0,13.5,32.4,3
2026-07-19T17:00,Leuven,20.7,0.0,0.0,15.7,35.3,1
2026-07-19T18:00,Leuven,20.7,0.0,0.0,16.6,37.1,1
2026-07-19T19:00,Leuven,19.7,0.0,0.0,17.1,37.8,1
2026-07-19T20:00,Leuven,18.8,0.0,0.0,17.2,37.8,1
2026-07-19T21:00,Leuven,17.7,0.0,0.0,14.0,38.2,0
2026-07-19T22:00,Leuven,16.5,0.0,0.0,10.2,28.4,0
2026-07-19T23:00,Leuven,15.8,0.0,0.0,11.0,22.0,0
2026-07-20T00:00,Leuven,14.9,0.0,0.0,8.8,21.6,0
2026-07-20T01:00,Leuven,14.1,0.0,0.0,7.1,16.9,0
2026-07-20T02:00,Leuven,12.9,0.0,0.0,5.4,13.7,0
2026-07-20T03:00,Leuven,12.6,0.0,0.0,5.4,10.8,2
2026-07-20T04:00,Leuven,12.9,0.0,0.0,5.8,11.5,2
2026-07-20T05:00,Leuven,13.1,0.0,0.0,6.0,11.9,3
2026-07-20T06:00,Leuven,13.3,0.0,0.0,6.5,11.9,2
2026-07-20T07:00,Leuven,14.0,0.0,0.0,7.7,14.4,1
2026-07-20T08:00,Leuven,15.2,0.0,0.0,7.1,16.2,0
2026-07-20T09:00,Leuven,16.6,0.0,0.0,9.2,23.0,0
2026-07-20T10:00,Leuven,17.8,0.0,0.0,9.8,25.2,2
2026-07-20T11:00,Leuven,18.6,0.0,0.0,10.6,26.6,2
2026-07-20T12:00,Leuven,19.9,0.0,0.0,10.8,28.1,2
2026-07-20T13:00,Leuven,20.5,0.0,0.0,10.2,28.1,2
2026-07-20T14:00,Leuven,21.2,0.0,0.0,12.1,28.1,3
2026-07-20T15:00,Leuven,21.2,0.0,0.0,11.3,28.8,3
2026-07-20T16:00,Leuven,21.8,0.0,0.0,12.1,29.5,3
2026-07-20T17:00,Leuven,22.5,0.0,0.0,11.5,29.2,2
2026-07-20T18:00,Leuven,21.5,0.0,0.0,13.9,31.0,3
2026-07-20T19:00,Leuven,21.0,0.0,0.0,13.2,31.7,3
2026-07-20T20:00,Leuven,20.5,0.0,0.0,13.0,28.8,3
2026-07-20T21:00,Leuven,19.3,0.0,0.0,12.4,27.4,3
2026-07-20T22:00,Leuven,17.9,0.0,0.0,12.2,25.9,3
2026-07-20T23:00,Leuven,17.0,0.0,0.0,11.5,23.8,0
2026-07-21T00:00,Leuven,16.1,0.0,0.0,11.4,23.4,0
2026-07-21T01:00,Leuven,15.2,0.0,0.0,9.4,22.3,0
2026-07-21T02:00,Leuven,13.8,0.0,0.0,8.5,18.4,0
2026-07-21T03:00,Leuven,13.1,0.0,0.0,6.2,15.8,0
2026-07-21T04:00,Leuven,12.3,0.0,0.0,4.8,11.9,0
2026-07-21T05:00,Leuven,11.8,0.0,0.0,4.3,9.0,0
2026-07-21T06:00,Leuven,11.4,0.0,0.0,4.6,9.0,0
2026-07-21T07:00,Leuven,12.2,0.0,0.0,6.9,11.9,0
2026-07-21T08:00,Leuven,13.4,0.0,0.0,5.3,14.4,0
2026-07-21T09:00,Leuven,15.3,0.0,0.0,5.4,16.6,0
2026-07-21T10:00,Leuven,17.1,0.0,0.0,7.8,21.6,2
2026-07-21T11:00,Leuven,18.4,0.0,0.0,8.5,23.8,2
2026-07-21T12:00,Leuven,19.8,0.0,0.0,8.5,24.5,2
2026-07-21T13:00,Leuven,20.8,0.0,0.0,7.7,24.5,1
2026-07-21T14:00,Leuven,22.1,0.0,0.0,8.2,24.8,3
2026-07-21T15:00,Leuven,23.7,0.0,0.0,8.6,24.5,1
2026-07-21T16:00,Leuven,24.5,0.0,0.0,9.9,25.9,3
2026-07-21T17:00,Leuven,24.2,0.0,0.0,12.7,30.2,2
2026-07-21T18:00,Leuven,23.7,0.0,0.0,12.7,30.2,3
2026-07-21T19:00,Leuven,21.8,0.0,0.0,18.1,39.6,1
2026-07-21T20:00,Leuven,20.8,0.0,0.0,13.6,39.6,0
2026-07-21T21:00,Leuven,19.9,0.0,0.0,14.3,29.2,0
2026-07-21T22:00,Leuven,18.4,0.0,0.0,15.1,31.7,0
2026-07-21T23:00,Leuven,17.4,0.0,0.0,12.1,30.2,0
2026-07-22T00:00,Leuven,16.7,0.0,0.0,8.7,24.1,0
2026-07-22T01:00,Leuven,16.0,0.0,0.0,6.3,17.3,0
2026-07-22T02:00,Leuven,14.5,0.0,0.0,4.5,12.2,1
2026-07-22T03:00,Leuven,14.3,0.0,0.0,4.4,8.6,0
2026-07-22T04:00,Leuven,13.9,0.0,0.0,5.1,10.1,0
2026-07-22T05:00,Leuven,13.5,0.0,0.0,4.6,10.1,1
2026-07-22T06:00,Leuven,13.4,0.0,0.0,4.2,8.6,1
2026-07-22T07:00,Leuven,14.6,0.0,0.0,6.0,10.8,3
2026-07-22T08:00,Leuven,15.6,0.0,0.0,7.1,15.1,3
2026-07-22T09:00,Leuven,16.2,0.1,0.1,8.0,18.4,51
2026-07-22T10:00,Leuven,16.9,0.1,0.1,10.1,23.0,51
2026-07-22T11:00,Leuven,18.1,0.1,0.1,11.6,27.4,51
2026-07-22T12:00,Leuven,19.6,0.1,0.1,11.9,28.4,51
2026-07-22T13:00,Leuven,20.4,0.0,0.0,12.2,29.9,3
2026-07-22T14:00,Leuven,20.2,0.0,0.0,13.5,31.7,3
2026-07-22T15:00,Leuven,20.4,0.0,0.0,13.5,32.4,3
2026-07-22T16:00,Leuven,20.2,0.0,0.0,16.2,36.4,3
2026-07-22T17:00,Leuven,21.2,0.0,0.0,16.8,37.4,3
2026-07-22T18:00,Leuven,20.7,0.0,0.0,17.9,39.6,1
2026-07-22T19:00,Leuven,20.2,0.0,0.0,17.9,38.9,2
2026-07-22T20:00,Leuven,19.1,0.0,0.0,15.7,38.5,0
2026-07-22T21:00,Leuven,18.2,0.0,0.0,12.5,32.0,1
2026-07-22T22:00,Leuven,17.1,0.0,0.0,10.7,25.2,0
2026-07-22T23:00,Leuven,16.1,0.0,0.0,9.0,21.2,0
2026-07-23T00:00,Leuven,15.3,0.0,0.0,8.3,18.0,2
2026-07-23T01:00,Leuven,14.5,0.0,0.0,7.3,16.2,0
2026-07-23T02:00,Leuven,14.1,0.0,0.0,5.9,14.0,0
2026-07-23T03:00,Leuven,13.8,0.0,0.0,5.4,10.8,3
2026-07-23T04:00,Leuven,14.7,0.0,0.0,5.6,11.9,3
2026-07-23T05:00,Leuven,15.2,0.0,0.0,6.2,12.6,3
2026-07-23T06:00,Leuven,15.2,0.0,0.0,7.2,13.7,2
2026-07-23T07:00,Leuven,15.2,0.0,0.0,8.7,16.9,2
2026-07-23T08:00,Leuven,16.1,0.0,0.0,9.0,19.1,2
2026-07-23T09:00,Leuven,16.9,0.1,0.1,10.3,24.1,51
2026-07-23T10:00,Leuven,17.9,0.1,0.1,10.3,25.2,51
2026-07-23T11:00,Leuven,18.6,0.2,0.2,11.1,25.9,51
2026-07-23T12:00,Leuven,19.7,0.2,0.2,11.2,27.4,51
2026-07-23T13:00,Leuven,20.8,0.2,0.2,11.6,28.4,51
2026-07-23T14:00,Leuven,21.5,0.1,0.1,13.1,31.3,51
2026-07-23T15:00,Leuven,21.9,0.0,0.0,14.1,33.8,3
2026-07-23T16:00,Leuven,21.8,0.0,0.0,14.5,33.8,3
2026-07-23T17:00,Leuven,21.8,0.0,0.0,15.0,34.2,3
2026-07-23T18:00,Leuven,21.2,0.0,0.0,14.8,34.6,2
2026-07-23T19:00,Leuven,21.0,0.0,0.0,13.6,33.5,2
2026-07-23T20:00,Leuven,20.0,0.0,0.0,12.2,30.6,0
2026-07-23T21:00,Leuven,19.1,0.0,0.0,10.3,25.6,0
2026-07-23T22:00,Leuven,17.7,0.0,0.0,7.8,20.5,0
2026-07-23T23:00,Leuven,16.6,0.0,0.0,5.4,14.8,0
2026-07-24T00:00,Leuven,15.8,0.0,0.0,5.2,10.1,0
2026-07-24T01:00,Leuven,15.1,0.0,0.0,4.8,9.7,0
2026-07-24T02:00,Leuven,13.8,0.0,0.0,4.8,8.3,0
2026-07-24T03:00,Leuven,13.3,0.0,0.0,4.2,9.0,0
2026-07-24T04:00,Leuven,13.0,0.0,0.0,2.2,6.8,0
2026-07-24T05:00,Leuven,12.7,0.0,0.0,1.0,3.6,0
2026-07-24T06:00,Leuven,12.4,0.0,0.0,1.2,2.2,0
2026-07-24T07:00,Leuven,13.0,0.0,0.0,4.9,8.3,1
2026-07-24T08:00,Leuven,14.9,0.0,0.0,4.3,10.8,1
2026-07-24T09:00,Leuven,17.1,0.0,0.0,4.5,14.4,1
2026-07-24T10:00,Leuven,18.4,0.0,0.0,4.3,16.2,3
2026-07-24T11:00,Leuven,20.0,0.0,0.0,1.3,15.8,3
2026-07-24T12:00,Leuven,20.5,0.0,0.0,2.0,12.6,3
2026-07-24T13:00,Leuven,21.1,0.0,0.0,3.1,14.8,3
2026-07-24T14:00,Leuven,21.7,0.0,0.0,4.3,15.1,3
2026-07-24T15:00,Leuven,22.8,0.0,0.0,3.8,16.9,3
2026-07-24T16:00,Leuven,23.2,0.1,0.1,3.2,15.8,51
2026-07-24T17:00,Leuven,23.9,0.0,0.0,2.7,14.8,3
2026-07-24T18:00,Leuven,24.2,0.0,0.0,3.6,13.3,3
2026-07-24T19:00,Leuven,24.1,0.0,0.0,5.0,13.7,3
2026-07-24T20:00,Leuven,23.0,0.0,0.0,6.8,14.0,3
2026-07-24T21:00,Leuven,21.9,0.0,0.0,3.7,13.3,3
2026-07-24T22:00,Leuven,20.0,0.0,0.0,5.2,9.0,3
2026-07-24T23:00,Leuven,18.8,0.0,0.0,6.0,11.2,3
2026-07-25T00:00,Leuven,17.9,0.0,0.0,5.6,11.5,3
2026-07-25T01:00,Leuven,17.1,0.0,0.0,5.1,10.4,3
2026-07-25T02:00,Leuven,15.5,0.0,0.0,5.1,10.1,3
2026-07-25T03:00,Leuven,15.4,0.0,0.0,5.8,11.2,3
2026-07-25T04:00,Leuven,14.8,0.0,0.0,5.2,11.2,3
2026-07-25T05:00,Leuven,14.3,0.0,0.0,5.5,10.1,1
2026-07-25T06:00,Leuven,14.0,0.0,0.0,6.3,11.9,0
2026-07-25T07:00,Leuven,14.9,0.0,0.0,6.7,12.2,0
2026-07-25T08:00,Leuven,16.8,0.0,0.0,4.8,12.2,0
2026-07-25T09:00,Leuven,20.0,0.0,0.0,4.4,13.3,0
2026-07-25T10:00,Leuven,22.7,0.0,0.0,5.2,16.2,0
2026-07-25T11:00,Leuven,24.3,0.0,0.0,5.5,18.0,0
2026-07-25T12:00,Leuven,25.7,0.0,0.0,6.5,20.2,0
2026-07-25T13:00,Leuven,26.9,0.0,0.0,7.5,22.3,1
2026-07-25T14:00,Leuven,28.0,0.0,0.0,9.4,25.6,3
2026-07-25T15:00,Leuven,27.7,0.0,0.0,10.8,27.0,3
2026-07-25T16:00,Leuven,27.5,0.1,0.1,11.5,27.4,51
2026-07-25T17:00,Leuven,27.3,0.0,0.0,11.6,27.0,3
2026-07-25T18:00,Leuven,27.0,0.0,0.0,10.4,26.6,1
2026-07-25T19:00,Leuven,27.0,0.0,0.0,11.6,25.9,1
2026-07-25T20:00,Leuven,26.6,0.0,0.0,11.8,25.6,2
2026-07-25T21:00,Leuven,25.3,0.0,0.0,5.8,23.8,3
2026-07-25T22:00,Leuven,23.1,0.0,0.0,9.0,18.7,2
2026-07-25T23:00,Leuven,21.5,0.0,0.0,3.1,16.9,0
2026-07-26T00:00,Leuven,21.4,0.0,0.0,10.5,18.7,0
2026-07-26T01:00,Leuven,20.6,0.0,0.0,13.0,25.2,1
2026-07-26T02:00,Leuven,18.6,0.0,0.0,14.1,26.6,2
2026-07-26T03:00,Leuven,17.7,0.0,0.0,13.7,27.7,0
2026-07-26T04:00,Leuven,17.2,0.0,0.0,14.0,27.4,0
2026-07-26T05:00,Leuven,16.9,0.0,0.0,15.2,29.5,0
2026-07-26T06:00,Leuven,16.7,0.0,0.0,16.3,32.0,0
2026-07-26T07:00,Leuven,17.1,0.0,0.0,16.2,31.7,0
2026-07-26T08:00,Leuven,17.8,0.0,0.0,16.2,32.4,0
2026-07-26T09:00,Leuven,19.1,0.0,0.0,22.3,47.9,3
2026-07-26T10:00,Leuven,19.4,0.1,0.1,21.1,47.5,51
2026-07-26T11:00,Leuven,18.9,0.1,0.1,19.7,44.6,51
2026-07-26T12:00,Leuven,19.7,0.1,0.1,22.3,46.8,51
2026-07-26T13:00,Leuven,21.3,0.0,0.0,23.8,50.8,3
2026-07-26T14:00,Leuven,21.8,0.0,0.0,25.3,50.8,3
2026-07-26T15:00,Leuven,21.9,0.0,0.0,23.4,53.3,3
2026-07-26T16:00,Leuven,21.6,0.5,0.5,18.9,47.9,53
2026-07-26T17:00,Leuven,21.4,0.8,0.8,23.8,47.9,53
2026-07-26T18:00,Leuven,22.1,0.1,0.1,22.5,50.4,51
2026-07-26T19:00,Leuven,22.1,0.4,0.4,23.2,52.6,51
2026-07-26T20:00,Leuven,20.4,1.6,1.6,14.6,50.4,61
2026-07-26T21:00,Leuven,19.5,0.2,0.2,15.1,27.7,51
2026-07-26T22:00,Leuven,19.3,0.0,0.0,17.9,34.2,1
2026-07-26T23:00,Leuven,19.2,0.0,0.0,19.1,38.2,0
2026-07-27T00:00,Leuven,18.5,0.0,0.0,17.7,37.8,1
2026-07-27T01:00,Leuven,18.1,0.1,0.1,15.2,34.6,51
2026-07-27T02:00,Leuven,18.2,0.0,0.0,12.4,29.5,2
2026-07-27T03:00,Leuven,18.1,0.0,0.0,11.2,24.1,3
2026-07-27T04:00,Leuven,18.3,0.0,0.0,10.6,22.0,3
2026-07-27T05:00,Leuven,18.2,0.0,0.0,11.7,22.7,3
2026-07-27T06:00,Leuven,17.9,0.0,0.0,10.7,22.7,3
2026-07-27T07:00,Leuven,17.8,0.0,0.0,11.4,22.3,1
2026-07-27T08:00,Leuven,18.1,0.0,0.0,13.8,25.9,2
2026-07-27T09:00,Leuven,18.9,0.0,0.0,14.1,31.3,0
2026-07-27T10:00,Leuven,19.7,0.0,0.0,14.4,32.8,1
2026-07-27T11:00,Leuven,20.6,0.0,0.0,16.0,36.7,2
2026-07-27T12:00,Leuven,20.9,0.0,0.0,17.4,39.2,3
2026-07-27T13:00,Leuven,21.5,0.0,0.0,18.3,40.7,3
2026-07-27T14:00,Leuven,21.3,0.0,0.0,16.5,41.0,3
2026-07-27T15:00,Leuven,21.4,0.0,0.0,16.5,36.0,2
2026-07-27T16:00,Leuven,22.0,0.0,0.0,15.4,37.4,3
2026-07-27T17:00,Leuven,22.1,0.0,0.0,15.7,34.9,2
2026-07-27T18:00,Leuven,22.3,0.0,0.0,14.3,34.6,2
2026-07-27T19:00,Leuven,21.9,0.0,0.0,13.3,31.7,2
2026-07-27T20:00,Leuven,21.1,0.0,0.0,12.0,31.7,3
2026-07-27T21:00,Leuven,19.9,0.0,0.0,7.7,24.8,0
2026-07-27T22:00,Leuven,17.9,0.0,0.0,5.2,14.8,0
2026-07-27T23:00,Leuven,17.2,0.0,0.0,4.4,9.0,0
2026-07-28T00:00,Leuven,16.6,0.0,0.0,2.5,6.5,0
2026-07-28T01:00,Leuven,15.8,0.0,0.0,3.7,6.5,1
2026-07-28T02:00,Leuven,14.1,0.0,0.0,5.4,10.1,1
2026-07-28T03:00,Leuven,14.1,0.0,0.0,6.6,12.6,0
2026-07-28T04:00,Leuven,13.9,0.0,0.0,6.7,12.6,0
2026-07-28T05:00,Leuven,13.9,0.0,0.0,8.9,16.6,1
2026-07-28T06:00,Leuven,13.9,0.0,0.0,8.9,16.9,0
2026-07-28T07:00,Leuven,14.6,0.0,0.0,9.4,17.3,0
2026-07-28T08:00,Leuven,16.4,0.0,0.0,8.0,17.6,0
2026-07-28T09:00,Leuven,19.3,0.0,0.0,5.6,15.5,0
2026-07-28T10:00,Leuven,22.0,0.0,0.0,8.3,20.5,0
2026-07-28T11:00,Leuven,23.6,0.0,0.0,8.9,23.8,0
2026-07-28T12:00,Leuven,24.8,0.0,0.0,7.8,23.4,0
2026-07-28T13:00,Leuven,25.8,0.0,0.0,6.5,22.3,2
2026-07-28T14:00,Leuven,27.2,0.0,0.0,5.0,20.5,2
2026-07-28T15:00,Leuven,28.0,0.0,0.0,4.2,17.6,1
2026-07-28T16:00,Leuven,28.5,0.0,0.0,4.1,16.6,0
2026-07-28T17:00,Leuven,28.8,0.0,0.0,4.5,15.8,0
2026-07-28T18:00,Leuven,28.7,0.0,0.0,4.1,15.5,0
2026-07-28T19:00,Leuven,28.4,0.0,0.0,5.1,13.3,1
2026-07-28T20:00,Leuven,28.0,0.0,0.0,7.0,13.7,0
2026-07-28T21:00,Leuven,26.5,0.0,0.0,6.1,13.0,0
2026-07-28T22:00,Leuven,24.9,0.0,0.0,6.5,12.2,1
2026-07-28T23:00,Leuven,23.8,0.0,0.0,6.2,12.2,2
2026-07-29T00:00,Leuven,23.0,0.0,0.0,7.5,13.7,0
2026-07-29T01:00,Leuven,22.4,0.0,0.0,8.1,15.8,0
2026-07-29T02:00,Leuven,19.9,0.0,0.0,5.3,15.1,1
2026-07-29T03:00,Leuven,19.0,0.0,0.0,4.7,9.0,0
2026-07-29T04:00,Leuven,18.4,0.0,0.0,3.9,7.6,0
2026-07-29T05:00,Leuven,17.9,0.0,0.0,4.3,6.8,0
2026-07-29T06:00,Leuven,17.5,0.0,0.0,4.2,7.6,0
2026-07-29T07:00,Leuven,17.8,0.0,0.0,8.1,14.8,0
2026-07-29T08:00,Leuven,20.0,0.0,0.0,6.7,15.5,0
2026-07-29T09:00,Leuven,23.5,0.0,0.0,5.0,14.0,0
2026-07-29T10:00,Leuven,26.8,0.0,0.0,4.1,13.3,0
2026-07-29T11:00,Leuven,29.3,0.0,0.0,3.6,13.7,0
2026-07-29T12:00,Leuven,30.5,0.0,0.0,3.5,14.0,0
2026-07-29T13:00,Leuven,31.5,0.0,0.0,5.1,16.9,0
2026-07-29T14:00,Leuven,32.8,0.0,0.0,6.7,19.4,0
2026-07-29T15:00,Leuven,33.6,0.0,0.0,9.4,24.5,0
2026-07-29T16:00,Leuven,33.9,0.0,0.0,9.1,25.6,0
2026-07-29T17:00,Leuven,34.4,0.0,0.0,6.8,23.0,0
2026-07-29T18:00,Leuven,34.4,0.0,0.0,10.0,23.0,0
2026-07-29T19:00,Leuven,33.5,0.0,0.0,13.4,29.5,0
2026-07-29T20:00,Leuven,32.7,0.0,0.0,11.6,29.9,0
2026-07-29T21:00,Leuven,30.5,0.0,0.0,5.5,21.6,0
2026-07-29T22:00,Leuven,28.2,0.0,0.0,5.6,10.1,0
2026-07-29T23:00,Leuven,27.1,0.0,0.0,8.3,15.1,0
2026-07-30T00:00,Leuven,26.4,0.0,0.0,9.4,17.3,0
2026-07-30T01:00,Leuven,26.0,0.0,0.0,10.9,19.1,0
2026-07-30T02:00,Leuven,23.7,0.0,0.0,8.3,21.6,0
2026-07-30T03:00,Leuven,22.8,0.0,0.0,6.6,15.5,0
2026-07-30T04:00,Leuven,21.9,0.0,0.0,6.1,12.2,0
2026-07-30T05:00,Leuven,21.4,0.0,0.0,7.4,13.3,0
2026-07-30T06:00,Leuven,20.9,0.0,0.0,9.2,18.0,1
2026-07-30T07:00,Leuven,20.7,0.0,0.0,6.2,16.9,3
2026-07-30T08:00,Leuven,21.8,0.0,0.0,6.2,11.9,1
2026-07-30T09:00,Leuven,23.6,0.0,0.0,5.0,13.7,0
2026-07-30T10:00,Leuven,25.2,0.0,0.0,4.9,15.5,2
2026-07-30T11:00,Leuven,26.9,0.0,0.0,6.6,19.1,3
2026-07-30T12:00,Leuven,28.4,0.0,0.0,10.7,27.0,3
2026-07-30T13:00,Leuven,28.5,0.0,0.0,13.4,31.0,3
2026-07-30T14:00,Leuven,26.3,0.3,0.3,20.5,38.5,51
2026-07-30T15:00,Leuven,22.2,1.8,1.8,7.8,42.5,61
2026-07-30T16:00,Leuven,22.1,0.3,0.3,6.1,16.2,51
2026-07-30T17:00,Leuven,23.8,0.0,0.0,7.9,20.2,3
2026-07-30T18:00,Leuven,23.6,0.0,0.0,10.3,22.3,0
2026-07-30T19:00,Leuven,24.5,0.0,0.0,11.1,26.6,0
2026-07-30T20:00,Leuven,23.8,0.0,0.0,7.9,24.8,0
2026-07-30T21:00,Leuven,22.6,0.0,0.0,3.6,15.1,0
2026-07-30T22:00,Leuven,21.4,0.0,0.0,1.2,5.8,1
2026-07-30T23:00,Leuven,20.0,0.0,0.0,4.6,8.6,1
2026-07-31T00:00,Leuven,19.6,0.0,0.0,6.9,12.6,2
2026-07-31T01:00,Leuven,19.4,0.0,0.0,6.7,13.0,2
2026-07-31T02:00,Leuven,18.0,0.0,0.0,6.6,12.6,3
2026-07-31T03:00,Leuven,18.3,0.0,0.0,6.0,13.0,3
2026-07-31T04:00,Leuven,18.0,0.0,0.0,4.8,11.5,3
2026-07-31T05:00,Leuven,17.7,0.0,0.0,5.0,9.4,3
2026-07-31T06:00,Leuven,17.6,0.0,0.0,6.3,11.5,3
2026-07-31T07:00,Leuven,17.8,0.0,0.0,7.1,13.0,3
2026-07-31T08:00,Leuven,18.4,0.0,0.0,6.9,14.8,3
2026-07-31T09:00,Leuven,19.5,0.0,0.0,6.7,17.3,3
2026-07-31T10:00,Leuven,20.7,0.0,0.0,6.7,18.0,3
2026-07-31T11:00,Leuven,22.5,0.0,0.0,7.9,21.6,3
2026-07-31T12:00,Leuven,23.5,0.0,0.0,9.6,24.8,3
2026-07-31T13:00,Leuven,24.7,0.0,0.0,8.8,25.9,3
2026-07-31T14:00,Leuven,26.4,0.0,0.0,10.5,25.9,0
2026-07-31T15:00,Leuven,26.8,0.0,0.0,11.9,29.9,1
2026-07-31T16:00,Leuven,26.8,0.0,0.0,13.4,32.0,1
2026-07-31T17:00,Leuven,25.7,0.0,0.0,15.3,35.3,1
2026-07-31T18:00,Leuven,24.7,0.0,0.0,14.3,36.0,2
2026-07-31T19:00,Leuven,23.9,0.0,0.0,12.3,32.8,3
2026-07-31T20:00,Leuven,23.5,0.0,0.0,12.1,27.7,3
2026-07-31T21:00,Leuven,22.5,0.0,0.0,12.6,25.6,1
2026-07-31T22:00,Leuven,21.2,0.0,0.0,10.9,25.2,2
2026-07-31T23:00,Leuven,20.2,0.0,0.0,10.7,21.2,2
